{"Problem": "How to design stickers using Microsoft Word?", "Solution Steps": ["Open Microsoft Word and create a new blank document.", "Go to the **Insert** tab and click **Shapes** to select a shape for your sticker. Draw the shape on the document.", "With the shape selected, use the **Format** tab to customize the shape's fill color, outline, and effects.", "To add text, go back to the **Insert** tab and click **Text Box**. Draw the text box inside your shape and type your message. Customize the font, size, and color of the text using the tools on the **Home** tab.", "If you want to add images, go to the **Insert** tab and click **Pictures**. Choose a picture from your computer and insert it into the document. Resize and position the picture as needed.", "To make multiple stickers, copy and paste the sticker you created. Adjust the layout by clicking on **Layout Options** next to the shape or picture to ensure proper alignment and text wrapping.", "Once your stickers are designed, go to the **File** tab, click **Print**, and select the correct paper size and print options. Ensure you have sticker paper loaded into your printer.", "Click **Print** to print your stickers."], "new_problem": "Design stickers using Microsoft Word by creating shapes, adding text, customizing the design, and adding images if needed.", "action_plans": [{"step": "Open Microsoft Word and create a new blank document", "controlLabel": "10", "controlText": "New Blank Document", "function": "click_input", "args": {"button": "left", "double": false}}, {"step": "Go to the Insert tab", "controlLabel": "25", "controlText": "Insert", "function": "click_input", "args": {"button": "left", "double": false}}, {"step": "Click Shapes to select a shape for your sticker", "controlLabel": "239", "controlText": "Shapes", "function": "click_input", "args": {"button": "left", "double": false}}, {"step": "Draw the shape on the document", "controlLabel": "", "controlText": "", "function": "", "args": {}}, {"step": "With the shape selected, use the Format tab to customize the shape's fill color, outline, and effects", "controlLabel": "", "controlText": "", "function": "", "args": {}}, {"step": "To add text, go back to the Insert tab and click Text Box", "controlLabel": "262", "controlText": "Text Box", "function": "click_input", "args": {"button": "left", "double": false}}, {"step": "Draw the text box inside your shape and type your message", "controlLabel": "", "controlText": "", "function": "", "args": {}}, {"step": "Customize the font, size, and color of the text using the tools on the Home tab", "controlLabel": "24", "controlText": "Home", "function": "click_input", "args": {"button": "left", "double": false}}, {"step": "If you want to add images, go to the Insert tab and click Pictures", "controlLabel": "238", "controlText": "Pictures", "function": "click_input", "args": {"button": "left", "double": false}}, {"step": "Choose a picture from your computer and insert it into the document", "controlLabel": "", "controlText": "", "function": "", "args": {}}, {"step": "Resize and position the picture as needed", "controlLabel": "", "controlText": "", "function": "", "args": {}}, {"step": "To make multiple stickers, copy and paste the sticker you created", "controlLabel": "", "controlText": "", "function": "", "args": {}}, {"step": "Adjust the layout by clicking on Layout Options next to the shape or picture to ensure proper alignment and text wrapping", "controlLabel": "", "controlText": "", "function": "", "args": {}}, {"step": "Once your stickers are designed, go to the File tab, click Print, and select the correct paper size and print options", "controlLabel": "22", "controlText": "File Tab", "function": "click_input", "args": {"button": "left", "double": false}}, {"step": "Ensure you have sticker paper loaded into your printer", "controlLabel": "", "controlText": "", "function": "", "args": {}}, {"step": "Click Print to print your stickers", "controlLabel": "", "controlText": "", "function": "", "args": {}}], "action_prefill_file_path": "D:\\agents\\AgentLearner\\cache\\action_prefill\\68995.docx"}