{"Problem": "How to dictate text into Microsoft Word.", "Solution Steps": ["Open Microsoft Word.", "Click on the **Home** tab.", "In the **Voice** group, click on **Dictate**.", "If prompted, allow Word to use your microphone.", "Start speaking clearly, and Word will convert your speech to text.", "Click **Dictate** again to stop dictation."], "new_problem": "Dictate text into Microsoft Word by navigating to the Home tab, clicking on the Dictate button, allowing microphone access if prompted, speaking clearly, and stopping dictation by clicking the Dictate button again.", "action_plans": [{"step": "Navigate to the Home tab", "controlLabel": "24", "controlText": "Home", "function": "click_input", "args": {"button": "left", "double": false}}, {"step": "Click on the Dictate button", "controlLabel": "221", "controlText": "Dictate", "function": "click_input", "args": {"button": "left", "double": false}}, {"step": "Allow Word to use the microphone if prompted", "controlLabel": "", "controlText": "", "function": "", "args": {}}, {"step": "Start speaking clearly to dictate text", "controlLabel": "", "controlText": "", "function": "", "args": {}}, {"step": "Click the Dictate button again to stop dictation", "controlLabel": "221", "controlText": "Dictate", "function": "click_input", "args": {"button": "left", "double": false}}], "action_prefill_file_path": "D:\\agents\\AgentLearner\\cache\\action_prefill\\690.docx"}