{"Problem": "Locate backup files in Windows 10", "Solution Steps": ["Open **File Explorer**.", "Navigate to the folder where your Word documents are usually saved.", "Look for files with the extension **.wbk** (Word Backup files) or **.asd** (AutoRecover files).", "If you don't see these files, click on the **View** tab in File Explorer.", "Check the box for **File name extensions** to ensure you can see the file extensions.", "You can also use the search bar in File Explorer to search for **.wbk** or **.asd** to locate backup files."], "new_problem": "Locate backup files (.wbk or .asd) in Windows 10 using File Explorer.", "action_plans": [{"step": "Open File Explorer", "controlLabel": "", "controlText": "", "function": "type_keys", "args": {"text": "{VK_LWIN down}E{VK_LWIN up}", "newline": false}}, {"step": "Navigate to the folder where your Word documents are usually saved", "controlLabel": "", "controlText": "", "function": "type_keys", "args": {"text": "C:\\Users\\YourUsername\\Documents\\{ENTER}", "newline": false}}, {"step": "Search for .wbk files", "controlLabel": "", "controlText": "", "function": "type_keys", "args": {"text": "*.wbk{ENTER}", "newline": false}}, {"step": "Search for .asd files", "controlLabel": "", "controlText": "", "function": "type_keys", "args": {"text": "*.asd{ENTER}", "newline": false}}], "action_prefill_file_path": "D:\\agents\\AgentLearner\\cache\\action_prefill\\69002.docx"}