{"Problem": "How to delete a row in a graph in Word", "Solution Steps": ["Click on the graph to select it.", "Click on the **Chart Tools** tab that appears at the top of the window.", "Click on the **Design** tab under **Chart Tools**.", "Click **Select Data** in the **Data** group.", "In the **Select Data Source** dialog box, under **Legend Entries (Series)**, select the row you want to delete.", "Click **Remove**.", "Click **OK** to apply the changes."], "new_problem": "Delete a row in the table in the Word document.", "action_plans": [{"step": "select the table", "controlLabel": "", "controlText": "", "function": "select_table", "args": {"number": 1}}, {"step": "select the row to delete", "controlLabel": "", "controlText": "", "function": "select_text", "args": {"text": "ListParagraph"}}, {"step": "delete the selected row", "controlLabel": "101", "controlText": "Edit", "function": "type_keys", "args": {"text": "{DELETE}"}}], "action_prefill_file_path": "D:\\agents\\AgentLearner\\cache\\action_prefill\\69012.docx"}