{"Problem": "How to create an arrow in Word", "Solution Steps": ["Open your Word document.", "Click the **Insert** tab.", "In the **Illustrations** group, click **Shapes**.", "Under **Lines**, click the arrow style you want to use.", "Click and drag in your document to draw the arrow."], "new_problem": "Create an arrow in the Word document.", "action_plans": [{"step": "Click the 'Insert' tab", "controlLabel": "25", "controlText": "Insert", "function": "click_input", "args": {"button": "left", "double": false}}, {"step": "Click the 'Shapes' button", "controlLabel": "239", "controlText": "Shapes", "function": "click_input", "args": {"button": "left", "double": false}}, {"step": "Select the desired arrow style from 'Lines'", "controlLabel": "", "controlText": "Arrow", "function": "click_input", "args": {"button": "left", "double": false}}, {"step": "Click and drag in the document to draw the arrow", "controlLabel": "", "controlText": "", "function": "type_keys", "args": {"text": "{VK_LBUTTON down}{VK_LBUTTON up}", "newline": false}}], "action_prefill_file_path": "D:\\agents\\AgentLearner\\cache\\action_prefill\\69010.docx"}