{"Problem": "How to create editable wedding invitation templates in Word", "Solution Steps": ["Open Microsoft Word.", "Click on **File** in the top left corner.", "Select **New** from the dropdown menu.", "In the search bar, type 'wedding invitation' and press Enter.", "Browse through the available templates and select one that you like.", "Click **Create** to open the template.", "Edit the text and design elements as needed to customize the invitation.", "To save your template, click on **File** again, then select **Save As**.", "Choose a location to save the file, enter a name for your template, and click **Save**."], "new_problem": "Create editable wedding invitation templates in Word by opening a new document, searching for wedding invitation templates, selecting and editing a template, and saving it.", "action_plans": [{"step": "Open the File menu", "controlLabel": "9", "controlText": "File", "function": "click_input", "args": {"button": "left", "double": false}}, {"step": "Select New from the File menu", "controlLabel": "9", "controlText": "New", "function": "click_input", "args": {"button": "left", "double": false}}, {"step": "Search for wedding invitation templates", "controlLabel": "335", "controlText": "Search", "function": "set_edit_text", "args": {"control_id": "335", "text": "wedding invitation", "newline": true}}, {"step": "Select a wedding invitation template", "controlLabel": "336", "controlText": "Template", "function": "click_input", "args": {"button": "left", "double": false}}, {"step": "Create the selected template", "controlLabel": "336", "controlText": "Create", "function": "click_input", "args": {"button": "left", "double": false}}, {"step": "Edit the text and design elements", "controlLabel": "", "controlText": "", "function": "set_edit_text", "args": {"control_id": "1", "text": "Edit the text and design elements as needed", "newline": true}}, {"step": "Save the edited template", "controlLabel": "9", "controlText": "Save", "function": "click_input", "args": {"button": "left", "double": false}}, {"step": "Choose a location to save the file", "controlLabel": "9", "controlText": "Save As", "function": "click_input", "args": {"button": "left", "double": false}}, {"step": "Enter a name for the template", "controlLabel": "335", "controlText": "File Name", "function": "set_edit_text", "args": {"control_id": "335", "text": "Wedding Invitation Template", "newline": true}}, {"step": "Save the file", "controlLabel": "9", "controlText": "Save", "function": "click_input", "args": {"button": "left", "double": false}}], "action_prefill_file_path": "D:\\agents\\AgentLearner\\cache\\action_prefill\\69027.docx"}