{"Problem": "How to accept edits in Word document", "Solution Steps": ["Open the Word document that contains the edits you want to accept.", "Go to the **Review** tab.", "In the **Changes** group, click **Accept**.", "To accept all changes in the document, click the arrow next to **Accept** and select **Accept All Changes**."], "new_problem": "Accept all changes in the Word document.", "action_plans": [{"step": "Navigate to the Review tab", "controlLabel": "25", "controlText": "Insert", "function": "click_input", "args": {"button": "left", "double": false}}, {"step": "Click the Accept button", "controlLabel": "386", "controlText": "Accept", "function": "click_input", "args": {"button": "left", "double": false}}, {"step": "Accept all changes", "controlLabel": "388", "controlText": "More Options", "function": "click_input", "args": {"button": "left", "double": false}}], "action_prefill_file_path": "D:\\agents\\AgentLearner\\cache\\action_prefill\\69026.docx"}