{"Problem": "How to add a Word product key", "Solution Steps": ["Open any Microsoft Word document or launch Microsoft Word.", "Click on the **File** tab in the top-left corner of the window.", "Select **Account** from the list on the left-hand side.", "Under the **Product Information** section, click **Change License** or **Change Product Key**.", "Enter your product key in the space provided.", "Click **Install** to activate your product key."], "new_problem": "Add a Word product key by navigating through the Word interface.", "action_plans": [{"step": "Open the File tab", "controlLabel": "", "controlText": "File", "function": "click_input", "args": {"button": "left", "double": false}}, {"step": "Select Account from the list", "controlLabel": "", "controlText": "Account", "function": "click_input", "args": {"button": "left", "double": false}}, {"step": "Click Change License or Change Product Key", "controlLabel": "", "controlText": "Change License", "function": "click_input", "args": {"button": "left", "double": false}}, {"step": "Enter the product key", "controlLabel": "146", "controlText": "12", "function": "set_edit_text", "args": {"control_id": "146", "text": "YOUR_PRODUCT_KEY"}}, {"step": "Click Install to activate the product key", "controlLabel": "", "controlText": "Install", "function": "click_input", "args": {"button": "left", "double": false}}], "action_prefill_file_path": "D:\\agents\\AgentLearner\\cache\\action_prefill\\69030.docx"}