{"Problem": "How can I redact information in a Word document?", "Solution Steps": ["Open the Word document you want to redact.", "Highlight the text you wish to redact by clicking and dragging your mouse over it.", "Right-click the highlighted text and select **Font** from the context menu.", "In the Font dialog box, check the box for **Hidden** under the **Effects** section.", "Click **OK** to apply the changes. The text will now be hidden when you deselect it.", "To ensure the redacted text does not appear when printing, click on **File**, then **Options**.", "In the Word Options dialog box, select **Display** from the list on the left.", "Under **Printing options**, ensure the checkbox for **Print hidden text** is unchecked.", "Click **OK** to save your settings."], "new_problem": "Redact the text 'text to edit' in the Word document by hiding it and ensuring it does not appear when printing.", "action_plans": [{"step": "select the target text 'text to edit'", "controlLabel": "", "controlText": "", "function": "select_text", "args": {"text": "text to edit"}}, {"step": "open the font dialog", "controlLabel": "123", "controlText": "Edit", "function": "click_input", "args": {"button": "right", "double": false}}, {"step": "select the hidden option", "controlLabel": "", "controlText": "Font", "function": "click_input", "args": {"button": "left", "double": false}}, {"step": "apply the hidden effect", "controlLabel": "", "controlText": "Hidden", "function": "click_input", "args": {"button": "left", "double": false}}, {"step": "confirm the font changes", "controlLabel": "", "controlText": "OK", "function": "click_input", "args": {"button": "left", "double": false}}, {"step": "open the file options", "controlLabel": "108", "controlText": "System", "function": "click_input", "args": {"button": "left", "double": false}}, {"step": "open the display options", "controlLabel": "", "controlText": "Options", "function": "click_input", "args": {"button": "left", "double": false}}, {"step": "ensure hidden text is not printed", "controlLabel": "", "controlText": "Display", "function": "click_input", "args": {"button": "left", "double": false}}, {"step": "uncheck print hidden text", "controlLabel": "", "controlText": "Print hidden text", "function": "click_input", "args": {"button": "left", "double": false}}, {"step": "save the display settings", "controlLabel": "", "controlText": "OK", "function": "click_input", "args": {"button": "left", "double": false}}], "action_prefill_file_path": "D:\\agents\\AgentLearner\\cache\\action_prefill\\69043.docx"}