{"Problem": "How to convert a table in a Word document to Excel", "Solution Steps": ["Select the table in your Word document that you want to convert.", "Copy the selected table by right-clicking the selection and choosing **Copy**, or by pressing **Ctrl+C** on your keyboard.", "Open Microsoft Excel.", "Select the cell in Excel where you want to paste the copied table.", "Right-click the selected cell and choose **Paste**, or press **Ctrl+V** on your keyboard to paste the table.", "Excel will automatically convert the table format from Word into an Excel spreadsheet format."], "new_problem": "Convert the table in the Word document to Excel by selecting the table, copying it, and then pasting it into Excel.", "action_plans": [{"step": "Select the table in the Word document", "controlLabel": "", "controlText": "", "function": "select_table", "args": {"number": 1}}, {"step": "Copy the selected table", "controlLabel": "101", "controlText": "Edit", "function": "type_keys", "args": {"text": "{VK_CONTROL down}c{VK_CONTROL up}", "newline": false}}], "action_prefill_file_path": "D:\\agents\\AgentLearner\\cache\\action_prefill\\6905.docx"}