{"Problem": "How to use an editable lesson plan template in Word?", "Solution Steps": ["Open Microsoft Word on your computer.", "Click on **File** in the top left corner, then select **New** from the dropdown menu.", "In the search bar at the top of the **New** window, type 'lesson plan' and press Enter.", "Browse through the available templates and click on the one you wish to use.", "Click on the **Create** button to open the template as a new document.", "Click on any pre-existing text, images, or placeholders in the template to edit them according to your needs.", "To add new text, click where you want to insert text and start typing.", "To save the edited template, click on **File**, then **Save As**, choose the location, enter a file name, and click **Save**."], "new_problem": "How to use an editable lesson plan template in Word: Open a new lesson plan template, edit it, and save it.", "action_plans": [{"step": "Open Microsoft Word", "controlLabel": "", "controlText": "", "function": "", "args": {}}, {"step": "Click on File", "controlLabel": "9", "controlText": "File", "function": "click_input", "args": {"button": "left", "double": false}}, {"step": "Select New from the dropdown menu", "controlLabel": "144", "controlText": "Open", "function": "click_input", "args": {"button": "left", "double": false}}, {"step": "Type 'lesson plan' in the search bar and press Enter", "controlLabel": "146", "controlText": "12", "function": "set_edit_text", "args": {"text": "lesson plan"}}, {"step": "Browse and select the desired lesson plan template", "controlLabel": "", "controlText": "", "function": "", "args": {}}, {"step": "Click on the Create button to open the template", "controlLabel": "", "controlText": "", "function": "", "args": {}}, {"step": "Click on any pre-existing text, images, or placeholders to edit them", "controlLabel": "", "controlText": "", "function": "select_text", "args": {"text": "text to edit"}}, {"step": "Add new text by clicking where you want to insert text and start typing", "controlLabel": "", "controlText": "", "function": "set_edit_text", "args": {"text": "New text"}}, {"step": "Save the edited template by clicking on File, then Save As, choose the location, enter a file name, and click Save", "controlLabel": "9", "controlText": "File", "function": "click_input", "args": {"button": "left", "double": false}}], "action_prefill_file_path": "D:\\agents\\AgentLearner\\cache\\action_prefill\\69050.docx"}