{"Problem": "How to add a menu bar in Microsoft Word.", "Solution Steps": ["Open Microsoft Word.", "Click the **File** tab in the upper-left corner.", "Select **Options** at the bottom of the left-hand menu.", "In the **Word Options** dialog box, click **Customize Ribbon** on the left-hand side.", "In the right pane, under **Customize the Ribbon**, check the boxes for the tabs you want to display on the menu bar.", "Click **OK** to save your changes and close the dialog box."], "new_problem": "Add a menu bar in Microsoft Word by customizing the ribbon and selecting the desired tabs to display.", "action_plans": [{"step": "Open the File tab", "controlLabel": "22", "controlText": "File Tab", "function": "click_input", "args": {"button": "left", "double": false}}, {"step": "Select Options", "controlLabel": "109", "controlText": "System", "function": "click_input", "args": {"button": "left", "double": false}}, {"step": "Open Customize Ribbon", "controlLabel": "24", "controlText": "Home", "function": "click_input", "args": {"button": "left", "double": false}}, {"step": "Check the boxes for the tabs to display", "controlLabel": "23", "controlText": "Ribbon Tabs", "function": "click_input", "args": {"button": "left", "double": false}}, {"step": "Save changes and close the dialog box", "controlLabel": "12", "controlText": "Customize Quick Access Toolbar", "function": "click_input", "args": {"button": "left", "double": false}}], "action_prefill_file_path": "D:\\agents\\AgentLearner\\cache\\action_prefill\\69069.docx"}