{"Problem": "How to pair fonts using Calibri in Microsoft Word", "Solution Steps": ["Open your Word document.", "Select the text where you want to apply the font pairing.", "On the **Home** tab, in the **Font** group, click the **Font** dropdown menu.", "Scroll down and select **Calibri** for the primary font.", "To pair it with another font, select the text you want to change to the secondary font.", "Click the **Font** dropdown menu again and choose the secondary font you want to pair with Calibri, such as **Calibri Light** or **Calibri Bold**.", "Repeat the process for other sections of text as needed to complete your font pairing."], "new_problem": "Pair fonts using Calibri in Microsoft Word by selecting text and changing the font to Calibri and a secondary font like Calibri Light or Calibri Bold.", "action_plans": ["{\"step\":\"select the text to apply primary font\",\"controlLabel\":\"\",\"controlText\":\"\",\"function\":\"select_text\",\"args\":{\"text\":\"[Grab your reader\u2019s attention with a great quote from the document or use this space to emphasize a key point. To place this text box anywhere on the page, just drag it.]\"}}", "{\"step\":\"change ribbon to Home tab\",\"controlLabel\":\"24\",\"controlText\":\"Home\",\"function\":\"click_input\",\"args\":{\"button\":\"left\",\"double\":false}}", "{\"step\":\"open font dropdown menu\",\"controlLabel\":\"142\",\"controlText\":\"Font\",\"function\":\"click_input\",\"args\":{\"button\":\"left\",\"double\":false}}", "{\"step\":\"select Calibri as primary font\",\"controlLabel\":\"143\",\"controlText\":\"Aptos (Body)\",\"function\":\"set_edit_text\",\"args\":{\"text\":\"Calibri\"}}", "{\"step\":\"select the text to apply secondary font\",\"controlLabel\":\"\",\"controlText\":\"\",\"function\":\"select_text\",\"args\":{\"text\":\"[Grab your reader\u2019s attention with a great quote from the document or use this space to emphasize a key point. To place this text box anywhere on the page, just drag it.]\"}}", "{\"step\":\"open font dropdown menu again\",\"controlLabel\":\"142\",\"controlText\":\"Font\",\"function\":\"click_input\",\"args\":{\"button\":\"left\",\"double\":false}}", "{\"step\":\"select Calibri Light as secondary font\",\"controlLabel\":\"143\",\"controlText\":\"Aptos (Body)\",\"function\":\"set_edit_text\",\"args\":{\"text\":\"Calibri Light\"}}"], "action_prefill_file_path": "D:\\agents\\AgentLearner\\cache\\action_prefill\\69068.docx"}