{"Problem": "How to print Avery 18262 labels in Word.", "Solution Steps": ["Open a new document in Word.", "Go to the **Mailings** tab.", "Click **Labels** in the **Create** group.", "In the **Envelopes and Labels** window, click **Options**.", "In the **Label Options** window, select **Avery US Letter** from the **Label vendors** dropdown.", "Scroll down and select **18262** from the **Product number** list.", "Click **OK** to close the **Label Options** window.", "Click **New Document** to create a new document with the Avery 18262 label template.", "Enter your label information in the template.", "Go to the **File** tab and select **Print**.", "Choose your printer and click **Print**."], "new_problem": "Print Avery 18262 labels in Word by creating a new document, selecting the Avery 18262 label template, and printing the labels.", "action_plans": [{"step": "Open a new document in Word", "controlLabel": "10", "controlText": "New Blank Document", "function": "click_input", "args": {"button": "left", "double": false}}, {"step": "Go to the Mailings tab", "controlLabel": "30", "controlText": "Mailings", "function": "click_input", "args": {"button": "left", "double": false}}, {"step": "Click Labels in the Create group", "controlLabel": "309", "controlText": "Labels...", "function": "click_input", "args": {"button": "left", "double": false}}, {"step": "In the Envelopes and Labels window, click Options", "controlLabel": "", "controlText": "Options", "function": "click_input", "args": {"button": "left", "double": false}}, {"step": "In the Label Options window, select Avery US Letter from the Label vendors dropdown", "controlLabel": "", "controlText": "Label vendors", "function": "click_input", "args": {"button": "left", "double": false}}, {"step": "Scroll down and select 18262 from the Product number list", "controlLabel": "", "controlText": "Product number", "function": "click_input", "args": {"button": "left", "double": false}}, {"step": "Click OK to close the Label Options window", "controlLabel": "", "controlText": "OK", "function": "click_input", "args": {"button": "left", "double": false}}, {"step": "Click New Document to create a new document with the Avery 18262 label template", "controlLabel": "", "controlText": "New Document", "function": "click_input", "args": {"button": "left", "double": false}}, {"step": "Enter your label information in the template", "controlLabel": "103", "controlText": "Page 1 content", "function": "set_edit_text", "args": {"text": "Your label information"}}, {"step": "Go to the File tab and select Print", "controlLabel": "22", "controlText": "File Tab", "function": "click_input", "args": {"button": "left", "double": false}}, {"step": "Choose your printer and click Print", "controlLabel": "", "controlText": "Print", "function": "click_input", "args": {"button": "left", "double": false}}], "action_prefill_file_path": "D:\\agents\\AgentLearner\\cache\\action_prefill\\6907.docx"}