{"Problem": "How to display word count on the status bar in Microsoft Word", "Solution Steps": ["Open your document in Microsoft Word.", "Right-click on the status bar at the bottom of the Word window.", "In the context menu that appears, ensure that **Word Count** is checked."], "new_problem": "Display the word count on the status bar in Microsoft Word by ensuring 'Word Count' is checked.", "action_plans": [{"step": "Right-click on the status bar", "controlLabel": "83", "controlText": "Status Bar", "function": "click_input", "args": {"button": "right", "double": false}}, {"step": "Ensure 'Word Count' is checked", "controlLabel": "85", "controlText": "Word Count 0 words", "function": "click_input", "args": {"button": "left", "double": false}}], "action_prefill_file_path": "D:\\agents\\AgentLearner\\cache\\action_prefill\\69103.docx"}