{"Problem": "How to find comparative analysis templates in Word.", "Solution Steps": ["Open Microsoft Word.", "Click on **File** in the top left corner.", "Select **New** from the menu.", "In the **Search for online templates** box, type 'comparative analysis'.", "Press **Enter**.", "Browse through the available templates and select the one that suits your needs.", "Click **Create** to open the selected template."], "new_problem": "Find and open a comparative analysis template in Microsoft Word.", "action_plans": [{"step": "Click on the 'File' tab to open the file menu", "controlLabel": "14", "controlText": "Search", "function": "click_input", "args": {"button": "left", "double": false}}, {"step": "Select 'New' from the file menu", "controlLabel": "144", "controlText": "Open", "function": "click_input", "args": {"button": "left", "double": false}}, {"step": "Type 'comparative analysis' in the search box", "controlLabel": "14", "controlText": "Search", "function": "set_edit_text", "args": {"text": "comparative analysis"}}, {"step": "Press 'Enter' to search for templates", "controlLabel": "14", "controlText": "Search", "function": "type_keys", "args": {"text": "{ENTER}"}}, {"step": "Browse through the available templates and select one", "controlLabel": "14", "controlText": "Search", "function": "click_input", "args": {"button": "left", "double": false}}, {"step": "Click 'Create' to open the selected template", "controlLabel": "14", "controlText": "Search", "function": "click_input", "args": {"button": "left", "double": false}}], "action_prefill_file_path": "D:\\agents\\AgentLearner\\cache\\action_prefill\\69107.docx"}