{"Problem": "How to use wildcard symbols in Microsoft Word search", "Solution Steps": ["Open the document in Microsoft Word.", "Press **Ctrl+H** to open the Find and Replace dialog box.", "Click **More >>** to expand the search options.", "Check the **Use wildcards** box.", "In the **Find what** field, enter the text or wildcard expression you want to search for.", "Click **Find Next** to find the next occurrence or **Replace** to replace the found text."], "new_problem": "Use wildcard symbols in Microsoft Word search by following these steps: Open the Find and Replace dialog, expand the search options, enable the use of wildcards, enter the search text or wildcard expression, and perform the search or replace action.", "action_plans": [{"step": "Open the Find and Replace dialog box", "controlLabel": "214", "controlText": "Find", "function": "click_input", "args": {"button": "left", "double": false}}, {"step": "Expand the search options", "controlLabel": "216", "controlText": "More Options", "function": "click_input", "args": {"button": "left", "double": false}}, {"step": "Check the Use wildcards box", "controlLabel": "217", "controlText": "Replace...", "function": "click_input", "args": {"button": "left", "double": false}}, {"step": "Enter the text or wildcard expression in the Find what field", "controlLabel": "14", "controlText": "Search", "function": "set_edit_text", "args": {"control_id": "14", "text": "your wildcard expression"}}, {"step": "Find the next occurrence", "controlLabel": "215", "controlText": "Find", "function": "click_input", "args": {"button": "left", "double": false}}], "action_prefill_file_path": "D:\\agents\\AgentLearner\\cache\\action_prefill\\69112.docx"}