{"Problem": "How to split a table in Word over two pages?", "Solution Steps": ["Click the row that you want to appear at the top of the second page.", "On the **Layout** tab, in the **Table** group, click **Split Table**."], "new_problem": "Split the table in the Word document over two pages by selecting the appropriate row and using the 'Split Table' function.", "action_plans": [{"step": "select the row to appear at the top of the second page", "controlLabel": "", "controlText": "", "function": "select_text", "args": {"text": "ListParagraph"}}, {"step": "navigate to the Layout tab", "controlLabel": "25", "controlText": "Insert", "function": "click_input", "args": {"button": "left", "double": false}}, {"step": "click the Split Table button", "controlLabel": "430", "controlText": "Split", "function": "click_input", "args": {"button": "left", "double": false}}], "action_prefill_file_path": "D:\\agents\\AgentLearner\\cache\\action_prefill\\69118.docx"}