{"Problem": "How to edit the journal model format in Word?", "Solution Steps": ["Open the Word document containing the journal model you want to edit.", "To modify text, click within the text area and make your changes using the tools in the **Home** tab such as **Font**, **Paragraph**, and **Styles**.", "To change margins, go to the **Layout** tab and click on **Margins** to select a new margin size or customize your own.", "To adjust the header or footer, double-click within the header or footer area and make your changes. You can insert page numbers, dates, and other information here.", "To insert or modify images, click on the image to select it, then use the **Picture Tools Format** tab to make adjustments.", "To add or modify citations and bibliography, go to the **References** tab and use the **Citations & Bibliography** group.", "To change page orientation, go to the **Layout** tab and select **Orientation**, then choose either **Portrait** or **Landscape**.", "Save the document with your changes by clicking **File** and then **Save** or **Save As** to save a new version."], "new_problem": "Edit the journal model format in Word by modifying text, changing margins, adjusting headers/footers, inserting/modifying images, adding/modifying citations, and changing page orientation.", "action_plans": [{"step": "Select the text to edit", "controlLabel": "", "controlText": "", "function": "select_text", "args": {"text": "text to edit"}}, {"step": "Change the font of the selected text", "controlLabel": "142", "controlText": "Font", "function": "click_input", "args": {"button": "left", "double": false}}, {"step": "Change the margins of the document", "controlLabel": "25", "controlText": "Layout", "function": "click_input", "args": {"button": "left", "double": false}}, {"step": "Select the Margins option", "controlLabel": "", "controlText": "Margins", "function": "click_input", "args": {"button": "left", "double": false}}, {"step": "Adjust the header", "controlLabel": "", "controlText": "", "function": "click_input", "args": {"button": "left", "double": false}}, {"step": "Insert an image", "controlLabel": "25", "controlText": "Insert", "function": "click_input", "args": {"button": "left", "double": false}}, {"step": "Modify the image", "controlLabel": "", "controlText": "Picture Tools Format", "function": "click_input", "args": {"button": "left", "double": false}}, {"step": "Add a citation", "controlLabel": "31", "controlText": "References", "function": "click_input", "args": {"button": "left", "double": false}}, {"step": "Select the Citations & Bibliography option", "controlLabel": "337", "controlText": "Bibliography", "function": "click_input", "args": {"button": "left", "double": false}}, {"step": "Change the page orientation", "controlLabel": "25", "controlText": "Layout", "function": "click_input", "args": {"button": "left", "double": false}}, {"step": "Select the Orientation option", "controlLabel": "", "controlText": "Orientation", "function": "click_input", "args": {"button": "left", "double": false}}, {"step": "Save the document", "controlLabel": "9", "controlText": "Save", "function": "click_input", "args": {"button": "left", "double": false}}], "action_prefill_file_path": "D:\\agents\\AgentLearner\\cache\\action_prefill\\69124.docx"}