{"Problem": "How to create a defect liability period template in Word?", "Solution Steps": ["Open Microsoft Word on your computer.", "Click on **File** in the top left corner, then select **New** from the dropdown menu.", "In the search bar at the top of the **New** document screen, type 'contract' or 'agreement' to find templates that closely match a defect liability period document.", "Choose a template that best suits your needs and click **Create** to open a new document based on the selected template.", "Customize the template by replacing placeholder text with your specific defect liability period details, such as the project name, contractor details, defect liability period duration, terms and conditions, etc.", "To add specific clauses or sections, click where you want to add new text, then type or paste your content.", "Use the **Home** tab to format your text, such as changing the font size, style, or adding bullet points.", "To save the document, click **File**, then **Save As**, and choose the location where you want to save the file. Enter a file name and click **Save**."], "new_problem": "Create a defect liability period template in Word by opening a new document, searching for a suitable template, customizing it, and saving it.", "action_plans": [{"step": "Open the File menu", "controlLabel": "17", "controlText": "File", "function": "click_input", "args": {"button": "left", "double": false}}, {"step": "Select New from the dropdown menu", "controlLabel": "17", "controlText": "New", "function": "click_input", "args": {"button": "left", "double": false}}, {"step": "Search for a contract or agreement template", "controlLabel": "146", "controlText": "Search", "function": "set_edit_text", "args": {"text": "contract"}}, {"step": "Select a suitable template", "controlLabel": "147", "controlText": "Create", "function": "click_input", "args": {"button": "left", "double": false}}, {"step": "Customize the template with specific details", "controlLabel": "146", "controlText": "Edit", "function": "set_edit_text", "args": {"text": "Defect Liability Period Details"}}, {"step": "Save the document", "controlLabel": "9", "controlText": "Save", "function": "click_input", "args": {"button": "left", "double": false}}], "action_prefill_file_path": "D:\\agents\\AgentLearner\\cache\\action_prefill\\69128.docx"}