{"Problem": "How to add a column break.", "Solution Steps": ["Place the cursor where you want the column break to occur.", "Go to the **Layout** tab (or **Page Layout** tab in some versions of Word).", "In the **Page Setup** group, click on **Breaks**.", "Under **Section Breaks**, choose **Column**."], "new_problem": "Add a column break at the current cursor position in the document.", "action_plans": [{"step": "Navigate to the Layout tab", "controlLabel": "25", "controlText": "Insert", "function": "click_input", "args": {"button": "left", "double": false}}, {"step": "Click on the Breaks menu item", "controlLabel": "285", "controlText": "Breaks", "function": "click_input", "args": {"button": "left", "double": false}}, {"step": "Select the Column break option", "controlLabel": "284", "controlText": "Columns", "function": "click_input", "args": {"button": "left", "double": false}}], "action_prefill_file_path": "D:\\agents\\AgentLearner\\cache\\action_prefill\\69134.docx"}