{"Problem": "How to update cross-references in Microsoft Word", "Solution Steps": ["Open the Word document that contains the cross-references you want to update.", "Press **Ctrl + A** to select the entire document.", "Right-click anywhere in the selected text and choose **Update Field** from the context menu.", "Alternatively, you can press **F9** to update all fields in the selected text."], "new_problem": "Update cross-references in the Microsoft Word document by selecting all text and updating fields.", "action_plans": [{"step": "Select the entire document", "controlLabel": "", "controlText": "", "function": "type_keys", "args": {"text": "^a", "newline": false}}, {"step": "Update all fields in the selected text", "controlLabel": "", "controlText": "", "function": "type_keys", "args": {"text": "{F9}", "newline": false}}], "action_prefill_file_path": "D:\\agents\\AgentLearner\\cache\\action_prefill\\69132.docx"}