{"Problem": "How to create different headers on different pages in Word 2010", "Solution Steps": ["Go to the page where you want to start a different header.", "Click the **Page Layout** tab.", "In the **Page Setup** group, click **Breaks** and then click **Next Page** under **Section Breaks**.", "Double-click the header area on the page where you want to start a different header.", "The **Header & Footer Tools** will appear. Click the **Design** tab.", "In the **Navigation** group, click **Link to Previous** to turn it off. This will break the link to the previous section's header.", "Edit the header for the new section as desired.", "Repeat the process for any additional sections where you want different headers."], "new_problem": "Create different headers on different pages in Word 2010 by inserting section breaks, disabling 'Link to Previous', and editing the headers for each section.", "action_plans": [{"step": "Go to the page where you want to start a different header", "controlLabel": "102", "controlText": "Page 1", "function": "click_input", "args": {"button": "left", "double": false}}, {"step": "Click the Page Layout tab", "controlLabel": "25", "controlText": "Insert", "function": "click_input", "args": {"button": "left", "double": false}}, {"step": "Click the Breaks button", "controlLabel": "285", "controlText": "Breaks", "function": "click_input", "args": {"button": "left", "double": false}}, {"step": "Click Next Page under Section Breaks", "controlLabel": "285", "controlText": "Breaks", "function": "click_input", "args": {"button": "left", "double": false}}, {"step": "Double-click the header area on the page where you want to start a different header", "controlLabel": "103", "controlText": "Page 1 content", "function": "click_input", "args": {"button": "left", "double": true}}, {"step": "Click the Design tab under Header & Footer Tools", "controlLabel": "27", "controlText": "Design", "function": "click_input", "args": {"button": "left", "double": false}}, {"step": "Click Link to Previous to turn it off", "controlLabel": "313", "controlText": "Write & Insert Fields", "function": "click_input", "args": {"button": "left", "double": false}}, {"step": "Edit the header for the new section as desired", "controlLabel": "103", "controlText": "Page 1 content", "function": "set_edit_text", "args": {"text": "New Header Text"}}], "action_prefill_file_path": "D:\\agents\\AgentLearner\\cache\\action_prefill\\69131.docx"}