{"Problem": "How to make a page in Word horizontal.", "Solution Steps": ["Go to the **Layout** tab.", "In the **Page Setup** group, click **Orientation**.", "Select **Landscape**."], "new_problem": "Make the page in the Word document horizontal by changing the orientation to Landscape.", "action_plans": [{"step": "Go to the Layout tab", "controlLabel": "25", "controlText": "Insert", "function": "click_input", "args": {"button": "left", "double": false}}, {"step": "Click Orientation in the Page Setup group", "controlLabel": "282", "controlText": "Orientation", "function": "click_input", "args": {"button": "left", "double": false}}, {"step": "Select Landscape orientation", "controlLabel": "", "controlText": "Landscape", "function": "click_input", "args": {"button": "left", "double": false}}], "action_prefill_file_path": "D:\\agents\\AgentLearner\\cache\\action_prefill\\69164.docx"}