{"Problem": "How to use the decrease indent function in Microsoft Word", "Solution Steps": ["Place the cursor in the paragraph where you want to decrease the indent.", "Go to the **Home** tab.", "In the **Paragraph** group, click the **Decrease Indent** button (it looks like a left-pointing arrow)."], "new_problem": "Use the decrease indent function in Microsoft Word.", "action_plans": [{"step": "Place the cursor in the paragraph where you want to decrease the indent", "controlLabel": "", "controlText": "", "function": "select_text", "args": {"text": "text to edit"}}, {"step": "Go to the Home tab", "controlLabel": "24", "controlText": "Home", "function": "click_input", "args": {"button": "left", "double": false}}, {"step": "Click the Decrease Indent button", "controlLabel": "180", "controlText": "Decrease Indent", "function": "click_input", "args": {"button": "left", "double": false}}], "action_prefill_file_path": "D:\\agents\\AgentLearner\\cache\\action_prefill\\69161.docx"}