{"Problem": "How to recover work lost in Word due to local changes being overwritten by OneDrive syncing?", "Solution Steps": ["Open Microsoft Word.", "Click on the **File** tab.", "Select **Info** from the sidebar.", "Under the **Manage Document** section, click on **Manage Versions**.", "Choose **Recover Unsaved Documents** if the document was not saved at all or select **Browse Version History** if you want to revert to a previous version of the document.", "If you selected **Recover Unsaved Documents**, browse through the unsaved documents, select the one you want to recover, and click **Open**.", "If you selected **Browse Version History**, Word will open the document in a new window, displaying the version history. Select the version you want to revert to and click **Restore**.", "Save the document immediately after recovery to prevent further loss."], "new_problem": "Recover work lost in Word due to local changes being overwritten by OneDrive syncing by using the Manage Document options.", "action_plans": [{"step": "Open the File tab", "controlLabel": "22", "controlText": "File Tab", "function": "click_input", "args": {"button": "left", "double": false}}, {"step": "Select Info from the sidebar", "controlLabel": "", "controlText": "Info", "function": "click_input", "args": {"button": "left", "double": false}}, {"step": "Click on Manage Versions under Manage Document", "controlLabel": "", "controlText": "Manage Versions", "function": "click_input", "args": {"button": "left", "double": false}}, {"step": "Choose Recover Unsaved Documents or Browse Version History", "controlLabel": "", "controlText": "Recover Unsaved Documents", "function": "click_input", "args": {"button": "left", "double": false}}, {"step": "Browse through the unsaved documents and select the one to recover", "controlLabel": "", "controlText": "", "function": "click_input", "args": {"button": "left", "double": false}}, {"step": "Open the selected document", "controlLabel": "", "controlText": "Open", "function": "click_input", "args": {"button": "left", "double": false}}, {"step": "Save the document immediately after recovery", "controlLabel": "9", "controlText": "Save", "function": "click_input", "args": {"button": "left", "double": false}}], "action_prefill_file_path": "D:\\agents\\AgentLearner\\cache\\action_prefill\\69185.docx"}