{"Problem": "How to enable automatic text wrapping in a Word table", "Solution Steps": ["Select the table in which you want to enable automatic text wrapping.", "Right-click the table and select **Table Properties**.", "In the **Table Properties** dialog box, go to the **Table** tab.", "Click the **Options** button.", "In the **Table Options** dialog box, check the **Automatically resize to fit contents** checkbox.", "Click **OK** to close the **Table Options** dialog box.", "Click **OK** to close the **Table Properties** dialog box."], "new_problem": "Enable automatic text wrapping in the table in the Word document.", "action_plans": ["{\"step\":\"select the table\",\"controlLabel\":\"\",\"controlText\":\"\",\"function\":\"select_table\",\"args\":{\"number\":1}}", "{\"step\":\"open table properties\",\"controlLabel\":\"\",\"controlText\":\"Table Properties\",\"function\":\"click_input\",\"args\":{\"button\":\"right\",\"double\":false}}", "{\"step\":\"open table options\",\"controlLabel\":\"\",\"controlText\":\"Options\",\"function\":\"click_input\",\"args\":{\"button\":\"left\",\"double\":false}}", "{\"step\":\"enable automatic resize\",\"controlLabel\":\"\",\"controlText\":\"Automatically resize to fit contents\",\"function\":\"click_input\",\"args\":{\"button\":\"left\",\"double\":false}}", "{\"step\":\"confirm table options\",\"controlLabel\":\"\",\"controlText\":\"OK\",\"function\":\"click_input\",\"args\":{\"button\":\"left\",\"double\":false}}", "{\"step\":\"confirm table properties\",\"controlLabel\":\"\",\"controlText\":\"OK\",\"function\":\"click_input\",\"args\":{\"button\":\"left\",\"double\":false}}"], "action_prefill_file_path": "D:\\agents\\AgentLearner\\cache\\action_prefill\\69198.docx"}