{"Problem": "How to download a proof of residency letter template in Word", "Solution Steps": ["Open Microsoft Word on your computer.", "Click on **File** in the top left corner.", "Select **New** from the dropdown menu.", "In the search bar at the top of the **New** document screen, type 'proof of residency letter' and press Enter.", "Browse through the available templates and select the one that best fits your needs by clicking on it.", "Click on the **Create** or **Download** button (depending on your version of Word) to open the template in a new document.", "Customize the template with your personal information and save the document."], "new_problem": "Download a proof of residency letter template in Word.", "action_plans": [{"step": "Open the File menu", "controlLabel": "9", "controlText": "File", "function": "click_input", "args": {"button": "left", "double": false}}, {"step": "Select New from the dropdown menu", "controlLabel": "379", "controlText": "Open", "function": "click_input", "args": {"button": "left", "double": false}}, {"step": "Type 'proof of residency letter' in the search bar", "controlLabel": "14", "controlText": "Search", "function": "set_edit_text", "args": {"text": "proof of residency letter"}}, {"step": "Press Enter to search for templates", "controlLabel": "14", "controlText": "Search", "function": "type_keys", "args": {"text": "{ENTER}"}}, {"step": "Select the desired template from the search results", "controlLabel": "47", "controlText": "Document", "function": "click_input", "args": {"button": "left", "double": false}}, {"step": "Click on the Create or Download button to open the template", "controlLabel": "336", "controlText": "Open", "function": "click_input", "args": {"button": "left", "double": false}}], "action_prefill_file_path": "D:\\agents\\AgentLearner\\cache\\action_prefill\\69193.docx"}