{"Problem": "How to use formatting suggestions in Word", "Solution Steps": ["Open the document in Word where you want to use formatting suggestions.", "Ensure that you're connected to the internet, as some suggestions may require online assistance.", "Start typing or editing your document. As you type, Word may offer formatting suggestions based on the context of your writing and document layout.", "When you see a formatting suggestion (it might appear as a lightbulb icon or a dotted underline beneath text), hover your mouse over the suggestion.", "Read the suggestion tooltip that appears. If you want to apply the suggestion, click on it or use the specific keyboard shortcut indicated in the tooltip, if available.", "If you do not see any suggestions, make sure that **Editor** (previously known as Spelling & Grammar check) is enabled by clicking on the **Review** tab, then selecting **Editor**.", "To customize which types of suggestions you see, go to **File**, click on **Options**, then select **Proofing**. Under **When correcting spelling and grammar in Word**, click on **Settings** and adjust your preferences for writing style and grammar options."], "new_problem": "Guide on how to use formatting suggestions in Word, including enabling the Editor, viewing suggestions, and customizing preferences.", "action_plans": [{"step": "Enable the Editor by clicking on the Review tab", "controlLabel": "25", "controlText": "Insert", "function": "click_input", "args": {"button": "left", "double": false}}, {"step": "Click on the Editor button", "controlLabel": "228", "controlText": "Editor", "function": "click_input", "args": {"button": "left", "double": false}}, {"step": "Type or edit the document to see formatting suggestions", "controlLabel": "", "controlText": "", "function": "set_edit_text", "args": {"control_id": "", "text": "This is a sample text to trigger formatting suggestions.", "newline": true}}, {"step": "Hover over the suggestion to read the tooltip", "controlLabel": "", "controlText": "", "function": "", "args": {}}, {"step": "Click on the suggestion to apply it", "controlLabel": "", "controlText": "", "function": "", "args": {}}, {"step": "Go to File to customize suggestions", "controlLabel": "9", "controlText": "Save", "function": "click_input", "args": {"button": "left", "double": false}}, {"step": "Click on Options", "controlLabel": "222", "controlText": "More Options", "function": "click_input", "args": {"button": "left", "double": false}}, {"step": "Select Proofing and adjust preferences", "controlLabel": "222", "controlText": "More Options", "function": "click_input", "args": {"button": "left", "double": false}}], "action_prefill_file_path": "D:\\agents\\AgentLearner\\cache\\action_prefill\\6919.docx"}