{"Problem": "How to fix the \"Cannot locate internet server or proxy server\" error in Word.", "Solution Steps": ["Check your internet connection to ensure you're connected to the internet.", "If you're using a proxy server, verify your proxy settings in Windows by going to **Settings** > **Network & Internet** > **Proxy**. Make sure the settings are correct.", "In Word, click on **File** > **Options** > **Advanced**.", "Scroll down to the **General** section and click on **Web Options**.", "In the **Web Options** window, go to the **Files** tab and uncheck the box for **Update links on save**.", "Next, go to the **Proxies** tab, ensure the settings here match your network's proxy settings.", "Click **OK** to close the **Web Options** window, then click **OK** again to close the Word Options window.", "Restart Microsoft Word and try accessing the hyperlink again."], "new_problem": "Fix the 'Cannot locate internet server or proxy server' error in Word by checking internet connection, verifying proxy settings, and adjusting Word settings.", "action_plans": [{"step": "Check your internet connection to ensure you're connected to the internet.", "controlLabel": "", "controlText": "", "function": "", "args": {}}, {"step": "Verify your proxy settings in Windows by going to Settings > Network & Internet > Proxy.", "controlLabel": "", "controlText": "", "function": "", "args": {}}, {"step": "In Word, click on File tab.", "controlLabel": "24", "controlText": "File", "function": "click_input", "args": {"button": "left", "double": false}}, {"step": "Click on Options.", "controlLabel": "357", "controlText": "Options", "function": "click_input", "args": {"button": "left", "double": false}}, {"step": "Click on Advanced.", "controlLabel": "357", "controlText": "Advanced", "function": "click_input", "args": {"button": "left", "double": false}}, {"step": "Scroll down to the General section and click on Web Options.", "controlLabel": "", "controlText": "", "function": "wheel_mouse_input", "args": {"control_id": "357", "wheel_dist": -20}}, {"step": "Click on Web Options.", "controlLabel": "357", "controlText": "Web Options", "function": "click_input", "args": {"button": "left", "double": false}}, {"step": "In the Web Options window, go to the Files tab and uncheck the box for Update links on save.", "controlLabel": "", "controlText": "", "function": "", "args": {}}, {"step": "Next, go to the Proxies tab, ensure the settings here match your network's proxy settings.", "controlLabel": "", "controlText": "", "function": "", "args": {}}, {"step": "Click OK to close the Web Options window, then click OK again to close the Word Options window.", "controlLabel": "", "controlText": "", "function": "", "args": {}}, {"step": "Restart Microsoft Word and try accessing the hyperlink again.", "controlLabel": "", "controlText": "", "function": "", "args": {}}], "action_prefill_file_path": "D:\\agents\\AgentLearner\\cache\\action_prefill\\69216.docx"}