{"Problem": "How to separate first names from full names in Word.", "Solution Steps": ["Open the document containing the full names.", "Select the list of full names.", "Go to the **Table** tab and click **Convert Text to Table**.", "In the **Convert Text to Table** dialog box, choose the number of columns (2 for first and last names) and set the separator to **Space**.", "Click **OK** to create the table with separated names.", "If needed, copy the first names column to a new location."], "new_problem": "Separate first names from full names in the Word document by converting the text to a table with two columns using space as the separator.", "action_plans": [{"step": "select the list of full names", "controlLabel": "", "controlText": "", "function": "select_text", "args": {"text": "Listitem1"}}, {"step": "go to the Insert tab", "controlLabel": "25", "controlText": "Insert", "function": "click_input", "args": {"button": "left", "double": false}}, {"step": "click the Table button", "controlLabel": "", "controlText": "Table", "function": "click_input", "args": {"button": "left", "double": false}}, {"step": "click Convert Text to Table", "controlLabel": "", "controlText": "Convert Text to Table", "function": "click_input", "args": {"button": "left", "double": false}}, {"step": "set the number of columns to 2 and separator to space", "controlLabel": "", "controlText": "", "function": "set_edit_text", "args": {"control_id": "", "text": "2", "newline": false}}, {"step": "confirm the conversion", "controlLabel": "", "controlText": "OK", "function": "click_input", "args": {"button": "left", "double": false}}], "action_prefill_file_path": "D:\\agents\\AgentLearner\\cache\\action_prefill\\69214.docx"}