{"Problem": "How to generate QR codes in batch from Word.", "Solution Steps": ["Open the Word document where you want to generate QR codes.", "Go to the **Mailings** tab and select **Start Mail Merge**.", "Choose **Labels** or **Letters** depending on your batch requirement.", "Set up your document for a mail merge if you haven't already by selecting your recipients or entering the data for the QR codes.", "Place your cursor where you want the QR codes to appear in your document.", "Go to the **Insert** tab and select **Quick Parts**.", "Choose **Field** from the dropdown menu.", "In the **Field names** list, select **DisplayBarcode**.", "In the **Field Properties** section, set the **Type** to **QR Code**.", "In the **Value** field, enter the data or the field from your mail merge that you want to encode in the QR code.", "Click **OK** to insert the QR code into your document.", "Complete the mail merge process by going back to the **Mailings** tab and selecting **Finish & Merge**.", "Choose **Edit Individual Documents** to generate all QR codes in your batch."], "new_problem": "Generate QR codes in batch from a Word document by setting up a mail merge, inserting QR codes using the DisplayBarcode field, and completing the mail merge process.", "action_plans": [{"step": "Open the Word document where you want to generate QR codes", "controlLabel": "", "controlText": "", "function": "", "args": {}}, {"step": "Go to the Mailings tab", "controlLabel": "25", "controlText": "Mailings", "function": "click_input", "args": {"button": "left", "double": false}}, {"step": "Select Start Mail Merge", "controlLabel": "", "controlText": "Start Mail Merge", "function": "click_input", "args": {"button": "left", "double": false}}, {"step": "Choose Labels or Letters depending on your batch requirement", "controlLabel": "", "controlText": "Labels", "function": "click_input", "args": {"button": "left", "double": false}}, {"step": "Set up your document for a mail merge by selecting your recipients or entering the data for the QR codes", "controlLabel": "", "controlText": "", "function": "", "args": {}}, {"step": "Place your cursor where you want the QR codes to appear in your document", "controlLabel": "", "controlText": "", "function": "", "args": {}}, {"step": "Go to the Insert tab", "controlLabel": "25", "controlText": "Insert", "function": "click_input", "args": {"button": "left", "double": false}}, {"step": "Select Quick Parts", "controlLabel": "", "controlText": "Quick Parts", "function": "click_input", "args": {"button": "left", "double": false}}, {"step": "Choose Field from the dropdown menu", "controlLabel": "", "controlText": "Field", "function": "click_input", "args": {"button": "left", "double": false}}, {"step": "In the Field names list, select DisplayBarcode", "controlLabel": "", "controlText": "DisplayBarcode", "function": "click_input", "args": {"button": "left", "double": false}}, {"step": "In the Field Properties section, set the Type to QR Code", "controlLabel": "", "controlText": "QR Code", "function": "click_input", "args": {"button": "left", "double": false}}, {"step": "In the Value field, enter the data or the field from your mail merge that you want to encode in the QR code", "controlLabel": "", "controlText": "", "function": "set_edit_text", "args": {"text": "Enter data or field"}}, {"step": "Click OK to insert the QR code into your document", "controlLabel": "", "controlText": "OK", "function": "click_input", "args": {"button": "left", "double": false}}, {"step": "Complete the mail merge process by going back to the Mailings tab", "controlLabel": "25", "controlText": "Mailings", "function": "click_input", "args": {"button": "left", "double": false}}, {"step": "Select Finish & Merge", "controlLabel": "", "controlText": "Finish & Merge", "function": "click_input", "args": {"button": "left", "double": false}}, {"step": "Choose Edit Individual Documents to generate all QR codes in your batch", "controlLabel": "", "controlText": "Edit Individual Documents", "function": "click_input", "args": {"button": "left", "double": false}}], "action_prefill_file_path": "D:\\agents\\AgentLearner\\cache\\action_prefill\\69224.docx"}