{"Problem": "How to add retention labels to a Word document.", "Solution Steps": ["Open the Word document you want to add a retention label to.", "Click on the **File** tab to go to the backstage view.", "Select **Info** from the sidebar.", "Under the **Permissions** section, you will see an option for **Sensitivity**. Click on **Sensitivity**.", "From the dropdown menu, select the retention label you wish to apply to the document.", "If prompted, confirm your choice or provide any additional information required for the label.", "Save your document to ensure the retention label is applied."], "new_problem": "Add a retention label to the Word document by navigating to the 'File' tab, selecting 'Info', and choosing a retention label from the 'Sensitivity' dropdown.", "action_plans": [{"step": "Click on the 'File' tab to go to the backstage view", "controlLabel": "108", "controlText": "System", "function": "click_input", "args": {"button": "left", "double": false}}, {"step": "Select 'Info' from the sidebar", "controlLabel": "109", "controlText": "System", "function": "click_input", "args": {"button": "left", "double": false}}, {"step": "Click on 'Sensitivity' under the 'Permissions' section", "controlLabel": "", "controlText": "Sensitivity", "function": "click_input", "args": {"button": "left", "double": false}}, {"step": "Select the retention label from the dropdown menu", "controlLabel": "", "controlText": "Retention Label", "function": "click_input", "args": {"button": "left", "double": false}}, {"step": "Save the document to ensure the retention label is applied", "controlLabel": "379", "controlText": "Open", "function": "click_input", "args": {"button": "left", "double": false}}], "action_prefill_file_path": "D:\\agents\\AgentLearner\\cache\\action_prefill\\6922.docx"}