{"Problem": "How to put a circle around text in Word.", "Solution Steps": ["Select the text that you want to put a circle around.", "Go to the **Insert** tab.", "In the **Illustrations** group, click **Shapes**.", "Under **Basic Shapes**, click the **Oval** shape.", "Click and drag to draw the oval around the selected text.", "With the oval selected, go to the **Format** tab.", "In the **Shape Styles** group, click **Shape Outline** and choose **No Outline** if you want to remove the border.", "Adjust the size and position of the oval as needed to fit around the text."], "new_problem": "Put a circle around the text 'text to edit' in the Word document.", "action_plans": [{"step": "Select the text 'text to edit'", "controlLabel": "", "controlText": "", "function": "select_text", "args": {"text": "text to edit"}}, {"step": "Go to the Insert tab", "controlLabel": "25", "controlText": "Insert", "function": "click_input", "args": {"button": "left", "double": false}}, {"step": "Click Shapes in the Illustrations group", "controlLabel": "", "controlText": "Shapes", "function": "click_input", "args": {"button": "left", "double": false}}, {"step": "Select the Oval shape under Basic Shapes", "controlLabel": "", "controlText": "Oval", "function": "click_input", "args": {"button": "left", "double": false}}, {"step": "Draw the oval around the selected text", "controlLabel": "", "controlText": "", "function": "type_keys", "args": {"text": "{VK_LBUTTON down}{VK_LBUTTON up}", "newline": false}}, {"step": "Go to the Format tab", "controlLabel": "", "controlText": "Format", "function": "click_input", "args": {"button": "left", "double": false}}, {"step": "Click Shape Outline and choose No Outline", "controlLabel": "", "controlText": "Shape Outline", "function": "click_input", "args": {"button": "left", "double": false}}, {"step": "Adjust the size and position of the oval as needed", "controlLabel": "", "controlText": "", "function": "type_keys", "args": {"text": "{VK_LBUTTON down}{VK_LBUTTON up}", "newline": false}}], "action_prefill_file_path": "D:\\agents\\AgentLearner\\cache\\action_prefill\\69235.docx"}