{"Problem": "How to add lines in Word", "Solution Steps": ["Place the cursor where you want to add a line.", "On the **Home** tab, in the **Paragraph** group, click the arrow next to **Borders**.", "Select **Horizontal Line** from the dropdown menu."], "new_problem": "Add a horizontal line in the Word document.", "action_plans": [{"step": "Place the cursor where you want to add a line", "controlLabel": "146", "controlText": "12", "function": "set_edit_text", "args": {"control_id": "146", "text": "", "newline": true}}, {"step": "Navigate to the Home tab", "controlLabel": "11", "controlText": "Home", "function": "click_input", "args": {"button": "left", "double": false}}, {"step": "Click the Borders button", "controlLabel": "195", "controlText": "Borders", "function": "click_input", "args": {"button": "left", "double": false}}, {"step": "Select Horizontal Line from the dropdown menu", "controlLabel": "196", "controlText": "More Options", "function": "click_input", "args": {"button": "left", "double": false}}], "action_prefill_file_path": "D:\\agents\\AgentLearner\\cache\\action_prefill\\69237.docx"}