{"Problem": "How to convert Word to PDF without allowing copying", "Solution Steps": ["Open the Word document you want to convert to PDF.", "Click the **File** tab.", "Select **Save As**.", "Choose the location where you want to save the PDF.", "In the **Save as type** dropdown, select **PDF**.", "Click the **Options** button.", "In the **Options** dialog box, check the **Document structure tags for accessibility** option.", "Click **OK**.", "Click **Save**.", "Open the saved PDF file in Adobe Acrobat.", "Click **Tools** in the top menu.", "Select **Protect**.", "Click **Encrypt** and then select **Encrypt with Password**.", "Check the **Restrict editing and printing of the document** option.", "Set the permissions password and uncheck the **Enable copying of text, images, and other content** option.", "Click **OK** and save the PDF."], "new_problem": "Convert the Word document to a PDF and restrict copying of the content.", "action_plans": [{"step": "Click the File tab", "controlLabel": "34", "controlText": "File", "function": "click_input", "args": {"button": "left", "double": false}}, {"step": "Select Save As", "controlLabel": "9", "controlText": "Save", "function": "click_input", "args": {"button": "left", "double": false}}, {"step": "Choose the location to save the PDF", "controlLabel": "", "controlText": "", "function": "", "args": {}}, {"step": "Select PDF in the Save as type dropdown", "controlLabel": "", "controlText": "", "function": "", "args": {}}, {"step": "Click the Options button", "controlLabel": "", "controlText": "", "function": "", "args": {}}, {"step": "Check the Document structure tags for accessibility option", "controlLabel": "", "controlText": "", "function": "", "args": {}}, {"step": "Click OK", "controlLabel": "", "controlText": "", "function": "", "args": {}}, {"step": "Click Save", "controlLabel": "", "controlText": "", "function": "", "args": {}}, {"step": "Open the saved PDF file in Adobe Acrobat", "controlLabel": "", "controlText": "", "function": "", "args": {}}, {"step": "Click Tools in the top menu", "controlLabel": "", "controlText": "", "function": "", "args": {}}, {"step": "Select Protect", "controlLabel": "", "controlText": "", "function": "", "args": {}}, {"step": "Click Encrypt and then select Encrypt with Password", "controlLabel": "", "controlText": "", "function": "", "args": {}}, {"step": "Check the Restrict editing and printing of the document option", "controlLabel": "", "controlText": "", "function": "", "args": {}}, {"step": "Set the permissions password and uncheck the Enable copying of text, images, and other content option", "controlLabel": "", "controlText": "", "function": "", "args": {}}, {"step": "Click OK and save the PDF", "controlLabel": "", "controlText": "", "function": "", "args": {}}], "action_prefill_file_path": "D:\\agents\\AgentLearner\\cache\\action_prefill\\69267.docx"}