{"Problem": "How to find a newly translated document in Microsoft Word?", "Solution Steps": ["Open Microsoft Word.", "Click on the **File** tab in the upper left corner.", "Select **Open** from the menu.", "Browse to the location where the translated document is saved.", "Select the translated document and click **Open**."], "new_problem": "Find and open a newly translated document in Microsoft Word.", "action_plans": [{"step": "Click on the File tab", "controlLabel": "22", "controlText": "File Tab", "function": "click_input", "args": {"button": "left", "double": false}}, {"step": "Select Open from the menu", "controlLabel": "109", "controlText": "System", "function": "click_input", "args": {"button": "left", "double": false}}, {"step": "Browse to the location where the translated document is saved", "controlLabel": "", "controlText": "", "function": "", "args": {}}, {"step": "Select the translated document and click Open", "controlLabel": "", "controlText": "", "function": "", "args": {}}], "action_prefill_file_path": "D:\\agents\\AgentLearner\\cache\\action_prefill\\69282.docx"}