{"Problem": "How to write a 50-word paragraph definition on advanced driver assistance systems in Word.", "Solution Steps": ["Open Microsoft Word.", "Click on the **Home** tab.", "Click on the **Blank Document** to open a new document.", "Click on the document area to place the cursor where you want to start typing.", "Type your 50-word paragraph definition on advanced driver assistance systems.", "Review the word count by highlighting the paragraph and looking at the word count displayed in the status bar at the bottom of the window."], "new_problem": "Write a 50-word paragraph definition on advanced driver assistance systems in the Word document.", "action_plans": [{"step": "select the text area", "controlLabel": "", "controlText": "", "function": "select_text", "args": {"text": "text to edit"}}, {"step": "input the 50-word paragraph definition", "controlLabel": "", "controlText": "", "function": "set_edit_text", "args": {"control_id": "", "text": "Advanced driver assistance systems (ADAS) are electronic systems in vehicles that use advanced technologies to assist the driver. These systems enhance vehicle safety and driving comfort by automating, adapting, and enhancing vehicle systems for safer and better driving. Examples include adaptive cruise control, lane departure warning, and automatic emergency braking."}}], "action_prefill_file_path": "D:\\agents\\AgentLearner\\cache\\action_prefill\\69288.docx"}