{"Problem": "Cara menulis huruf romawi di Word", "Solution Steps": ["Buka dokumen Microsoft Word tempat Anda ingin menulis huruf Romawi.", "Klik tempat di dokumen di mana Anda ingin memasukkan angka Romawi.", "Ketik angka Romawi menggunakan huruf besar (I, V, X, L, C, D, M) sesuai dengan nilai yang diinginkan.", "Jika Anda ingin angka Romawi sebagai daftar, klik **Home** tab, kemudian di grup **Paragraph**, klik **Numbering**.", "Pilih format angka Romawi dari daftar pilihan yang tersedia atau buat format baru jika diperlukan."], "new_problem": "Write Roman numerals in the Word document and format them as a numbered list if needed.", "action_plans": [{"step": "Click on the document to set the cursor position", "controlLabel": "", "controlText": "", "function": "click_input", "args": {"control_id": "", "control_name": "Document", "button": "left", "double": false}}, {"step": "Type the Roman numerals", "controlLabel": "", "controlText": "", "function": "type_keys", "args": {"control_id": "", "control_name": "Document", "text": "I, II, III, IV, V", "newline": true}}, {"step": "Switch to the Home tab", "controlLabel": "24", "controlText": "Home", "function": "click_input", "args": {"button": "left", "double": false}}, {"step": "Click the Numbering button to format as a numbered list", "controlLabel": "177", "controlText": "Numbering", "function": "click_input", "args": {"button": "left", "double": false}}], "action_prefill_file_path": "D:\\agents\\AgentLearner\\cache\\action_prefill\\69284.docx"}