{"Problem": "How to delete Word Art in a Word document", "Solution Steps": ["Click on the Word Art object that you want to delete to select it.", "Press the **Delete** key on your keyboard."], "new_problem": "Delete a Word Art object in the Word document.", "action_plans": [{"step": "select the Word Art object", "controlLabel": "", "controlText": "", "function": "select_text", "args": {"text": "Word Art"}}, {"step": "press the Delete key to remove the selected Word Art", "controlLabel": "101", "controlText": "Edit", "function": "type_keys", "args": {"text": "{DELETE}"}}], "action_prefill_file_path": "D:\\agents\\AgentLearner\\cache\\action_prefill\\69296.docx"}