{"Problem": "How to create an editable sight word dice worksheet?", "Solution Steps": ["Open Microsoft Word.", "Click on the **Insert** tab.", "Click **Table** and select a 2x3 table to create the dice template.", "Adjust the table size by clicking and dragging the borders to make it look like a dice face.", "Click inside each cell of the table and type the sight words you want to include.", "To format the text, highlight the text in each cell, then use the options in the **Home** tab to change the font, size, and color as desired.", "To make the worksheet editable, save the document as a Word file by clicking **File**, then **Save As**, and choose the .docx format."], "new_problem": "Create an editable sight word dice worksheet by inserting a 2x3 table, adjusting its size, inputting sight words, formatting the text, and saving the document.", "action_plans": [{"step": "Switch to the Insert tab", "controlLabel": "25", "controlText": "Insert", "function": "click_input", "args": {"button": "left", "double": false}}, {"step": "Insert a 2x3 table", "controlLabel": "", "controlText": "", "function": "insert_table", "args": {"columns": 3, "rows": 2}}, {"step": "Click inside the first cell and type the sight word 'the'", "controlLabel": "", "controlText": "", "function": "set_edit_text", "args": {"control_id": "", "text": "the"}}, {"step": "Click inside the second cell and type the sight word 'and'", "controlLabel": "", "controlText": "", "function": "set_edit_text", "args": {"control_id": "", "text": "and"}}, {"step": "Click inside the third cell and type the sight word 'a'", "controlLabel": "", "controlText": "", "function": "set_edit_text", "args": {"control_id": "", "text": "a"}}, {"step": "Click inside the fourth cell and type the sight word 'to'", "controlLabel": "", "controlText": "", "function": "set_edit_text", "args": {"control_id": "", "text": "to"}}, {"step": "Click inside the fifth cell and type the sight word 'in'", "controlLabel": "", "controlText": "", "function": "set_edit_text", "args": {"control_id": "", "text": "in"}}, {"step": "Click inside the sixth cell and type the sight word 'is'", "controlLabel": "", "controlText": "", "function": "set_edit_text", "args": {"control_id": "", "text": "is"}}, {"step": "Switch to the Home tab to format the text", "controlLabel": "11", "controlText": "Home", "function": "click_input", "args": {"button": "left", "double": false}}, {"step": "Highlight the text in the first cell and change the font size to 14", "controlLabel": "", "controlText": "", "function": "type_keys", "args": {"control_id": "", "text": "{VK_CONTROL down}a{VK_CONTROL up}{VK_CONTROL down}1{VK_CONTROL up}4"}}, {"step": "Save the document as a Word file", "controlLabel": "9", "controlText": "Save", "function": "click_input", "args": {"button": "left", "double": false}}], "action_prefill_file_path": "D:\\agents\\AgentLearner\\cache\\action_prefill\\693.docx"}