{"Problem": "How to format a 1500-word essay with MLA citations in Word.", "Solution Steps": ["Open your Word document.", "Click the **Layout** tab.", "Set the **Margins** to **Normal** (1 inch on all sides).", "Click the **Home** tab.", "Select **Times New Roman** as the font and set the font size to **12**.", "Click the **Paragraph** group dialog box launcher (small arrow in the bottom-right corner of the group).", "Set the **Line spacing** to **Double** and ensure **Before** and **After** spacing are set to **0 pt**.", "Click **OK**.", "Insert a header by clicking the **Insert** tab, then **Header**, and choose **Blank**.", "Type your last name and insert a page number by clicking **Page Number** > **Current Position** > **Plain Number**.", "Click the **Home** tab and align the header to the right.", "On the first page, type your name, instructor's name, course, and date on separate lines, aligned to the left.", "Center the title of your essay by selecting the **Home** tab and clicking the **Center** alignment button.", "Start your essay on a new line, aligned to the left.", "To add MLA citations, place the cursor where you want to insert the citation.", "Click the **References** tab.", "In the **Citations & Bibliography** group, click **Insert Citation** and select **Add New Source**.", "Fill in the source information and click **OK**.", "To create a Works Cited page, place the cursor at the end of your document.", "Click the **References** tab.", "In the **Citations & Bibliography** group, click **Bibliography** and select **Works Cited**."], "new_problem": "Format a 1500-word essay with MLA citations in Word.", "action_plans": [{"step": "Set the margins to Normal (1 inch on all sides)", "controlLabel": "25", "controlText": "Layout", "function": "click_input", "args": {"button": "left", "double": false}}, {"step": "Set the margins to Normal (1 inch on all sides)", "controlLabel": "139", "controlText": "Margins", "function": "click_input", "args": {"button": "left", "double": false}}, {"step": "Set the font to Times New Roman and size to 12", "controlLabel": "25", "controlText": "Home", "function": "click_input", "args": {"button": "left", "double": false}}, {"step": "Set the font to Times New Roman", "controlLabel": "142", "controlText": "Font", "function": "set_edit_text", "args": {"text": "Times New Roman"}}, {"step": "Set the font size to 12", "controlLabel": "145", "controlText": "Font Size", "function": "set_edit_text", "args": {"text": "12"}}, {"step": "Set the line spacing to Double and ensure Before and After spacing are set to 0 pt", "controlLabel": "289", "controlText": "Paragraph", "function": "click_input", "args": {"button": "left", "double": false}}, {"step": "Set the line spacing to Double", "controlLabel": "190", "controlText": "Line and Paragraph Spacing", "function": "click_input", "args": {"button": "left", "double": false}}, {"step": "Set the Before and After spacing to 0 pt", "controlLabel": "296", "controlText": "0 pt", "function": "set_edit_text", "args": {"text": "0"}}, {"step": "Insert a header with last name and page number", "controlLabel": "25", "controlText": "Insert", "function": "click_input", "args": {"button": "left", "double": false}}, {"step": "Insert a header", "controlLabel": "128", "controlText": "Header", "function": "click_input", "args": {"button": "left", "double": false}}, {"step": "Type last name in header", "controlLabel": "143", "controlText": "Edit", "function": "set_edit_text", "args": {"text": "LastName"}}, {"step": "Insert page number in header", "controlLabel": "128", "controlText": "Page Number", "function": "click_input", "args": {"button": "left", "double": false}}, {"step": "Align the header to the right", "controlLabel": "187", "controlText": "Align Right", "function": "click_input", "args": {"button": "left", "double": false}}, {"step": "Type name, instructor's name, course, and date on separate lines, aligned to the left", "controlLabel": "143", "controlText": "Edit", "function": "set_edit_text", "args": {"text": "Your Name\nInstructor's Name\nCourse\nDate"}}, {"step": "Center the title of the essay", "controlLabel": "186", "controlText": "Center", "function": "click_input", "args": {"button": "left", "double": false}}, {"step": "Start the essay on a new line, aligned to the left", "controlLabel": "185", "controlText": "Align Left", "function": "click_input", "args": {"button": "left", "double": false}}, {"step": "Insert MLA citations", "controlLabel": "29", "controlText": "References", "function": "click_input", "args": {"button": "left", "double": false}}, {"step": "Insert a new citation", "controlLabel": "139", "controlText": "Insert Citation", "function": "click_input", "args": {"button": "left", "double": false}}, {"step": "Add a new source", "controlLabel": "139", "controlText": "Add New Source", "function": "click_input", "args": {"button": "left", "double": false}}, {"step": "Fill in the source information", "controlLabel": "143", "controlText": "Edit", "function": "set_edit_text", "args": {"text": "Source Information"}}, {"step": "Create a Works Cited page", "controlLabel": "29", "controlText": "References", "function": "click_input", "args": {"button": "left", "double": false}}, {"step": "Insert a Works Cited page", "controlLabel": "139", "controlText": "Bibliography", "function": "click_input", "args": {"button": "left", "double": false}}, {"step": "Select Works Cited", "controlLabel": "139", "controlText": "Works Cited", "function": "click_input", "args": {"button": "left", "double": false}}], "action_prefill_file_path": "D:\\agents\\AgentLearner\\cache\\action_prefill\\69307.docx"}