{"Problem": "How can I circle a word in Microsoft Word?", "Solution Steps": ["Open your Word document and go to the **Insert** tab.", "In the **Illustrations** group, click **Shapes**.", "Under **Basic Shapes**, select the **Oval** shape.", "Click and drag on the document to draw an oval around the word you want to circle.", "To adjust the size and position, click and drag the edges of the oval.", "To format the oval, right-click on it and select **Format Shape**.", "In the **Format Shape** pane, you can change the line color, weight, and other settings as needed."], "new_problem": "Circle a word in Microsoft Word by inserting an oval shape around it.", "action_plans": [{"step": "Switch to the Insert tab", "controlLabel": "25", "controlText": "Insert", "function": "click_input", "args": {"button": "left", "double": false}}, {"step": "Open the Shapes menu", "controlLabel": "239", "controlText": "Shapes", "function": "click_input", "args": {"button": "left", "double": false}}, {"step": "Select the Oval shape", "controlLabel": "", "controlText": "Oval", "function": "click_input", "args": {"button": "left", "double": false}}, {"step": "Draw the oval around the word", "controlLabel": "", "controlText": "", "function": "type_keys", "args": {"text": "{VK_LBUTTON down}{VK_LBUTTON up}"}}, {"step": "Adjust the size and position of the oval", "controlLabel": "", "controlText": "", "function": "type_keys", "args": {"text": "{VK_LBUTTON down}{VK_LBUTTON up}"}}], "action_prefill_file_path": "D:\\agents\\AgentLearner\\cache\\action_prefill\\69312.docx"}