{"Problem": "How to zoom in on a Word document.", "Solution Steps": ["Open the Word document you want to zoom in on.", "Go to the **View** tab on the Ribbon.", "In the **Zoom** group, click **Zoom**.", "In the **Zoom** dialog box, select the zoom level you want, such as 200% for a closer view.", "Click **OK** to apply the zoom level."], "new_problem": "Zoom in on the Word document using the 'Zoom In (Ctrl +)' button.", "action_plans": [{"step": "Click the 'Zoom In (Ctrl +)' button to zoom in on the document.", "controlLabel": "98", "controlText": "Zoom In (Ctrl +)", "function": "click_input", "args": {"button": "left", "double": false}}], "action_prefill_file_path": "D:\\agents\\AgentLearner\\cache\\action_prefill\\69326.docx"}