{"Problem": "How to create business cards using Word?", "Solution Steps": ["Open Microsoft Word.", "Click on **File** and select **New**.", "In the search bar, type 'Business Cards' and press Enter.", "Browse through the available templates and select the one you like.", "Click **Create** to open the template.", "Edit the text fields with your business information.", "Customize the design elements as needed.", "Once you are satisfied with your design, click **File** and select **Save As** to save your document.", "To print your business cards, click **File** and select **Print**."], "new_problem": "Create business cards using Word by selecting a template and customizing it with your business information.", "action_plans": [{"step": "Open the File menu", "controlLabel": "22", "controlText": "File Tab", "function": "click_input", "args": {"button": "left", "double": false}}, {"step": "Select New to create a new document", "controlLabel": "10", "controlText": "New Blank Document", "function": "click_input", "args": {"button": "left", "double": false}}, {"step": "Search for business card templates", "controlLabel": "14", "controlText": "Search", "function": "set_edit_text", "args": {"control_id": "", "text": "Business Cards"}}, {"step": "Press Enter to search", "controlLabel": "14", "controlText": "Search", "function": "type_keys", "args": {"control_id": "", "text": "{ENTER}"}}, {"step": "Select a business card template", "controlLabel": "47", "controlText": "Document", "function": "click_input", "args": {"button": "left", "double": false}}, {"step": "Create the selected template", "controlLabel": "10", "controlText": "New Blank Document", "function": "click_input", "args": {"button": "left", "double": false}}, {"step": "Edit the text fields with business information", "controlLabel": "", "controlText": "", "function": "set_edit_text", "args": {"control_id": "", "text": "Your Business Information"}}, {"step": "Save the document", "controlLabel": "9", "controlText": "Save", "function": "click_input", "args": {"button": "left", "double": false}}, {"step": "Print the business cards", "controlLabel": "22", "controlText": "File Tab", "function": "click_input", "args": {"button": "left", "double": false}}, {"step": "Select Print", "controlLabel": "22", "controlText": "File Tab", "function": "click_input", "args": {"button": "left", "double": false}}], "action_prefill_file_path": "D:\\agents\\AgentLearner\\cache\\action_prefill\\6932.docx"}