{"Problem": "How to insert the standard deviation symbol in Word?", "Solution Steps": ["Place the cursor where you want to insert the standard deviation symbol.", "Go to the **Insert** tab, and click on **Symbol** > **More Symbols**.", "In the **Symbol** window, select **(normal text)** from the **Font** dropdown menu.", "Choose **Mathematical Operators** from the **Subset** dropdown menu.", "Scroll down and find the standard deviation symbol (\u03c3), select it, and then click **Insert**.", "Click **Close** to exit the Symbol window."], "new_problem": "Insert the standard deviation symbol (\u03c3) in the Word document.", "action_plans": [{"step": "Place the cursor where you want to insert the standard deviation symbol.", "controlLabel": "", "controlText": "", "function": "click_input", "args": {"control_id": "", "button": "left", "double": false}}, {"step": "Go to the Insert tab.", "controlLabel": "25", "controlText": "Insert", "function": "click_input", "args": {"button": "left", "double": false}}, {"step": "Click on Symbol > More Symbols.", "controlLabel": "", "controlText": "Symbol", "function": "click_input", "args": {"button": "left", "double": false}}, {"step": "In the Symbol window, select (normal text) from the Font dropdown menu.", "controlLabel": "", "controlText": "", "function": "click_input", "args": {"control_id": "", "button": "left", "double": false}}, {"step": "Choose Mathematical Operators from the Subset dropdown menu.", "controlLabel": "", "controlText": "", "function": "click_input", "args": {"control_id": "", "button": "left", "double": false}}, {"step": "Scroll down and find the standard deviation symbol (\u03c3), select it, and then click Insert.", "controlLabel": "", "controlText": "", "function": "click_input", "args": {"control_id": "", "button": "left", "double": false}}, {"step": "Click Close to exit the Symbol window.", "controlLabel": "", "controlText": "", "function": "click_input", "args": {"control_id": "", "button": "left", "double": false}}], "action_prefill_file_path": "D:\\agents\\AgentLearner\\cache\\action_prefill\\69347.docx"}