{"Problem": "How do I sign a Word document electronically?", "Solution Steps": ["Open the Word document you want to sign.", "Place the cursor where you want to insert the signature.", "Click the **Insert** tab.", "In the **Text** group, click **Signature List**, and then click **Microsoft Office Signature Line**.", "In the **Signature Setup** dialog box, fill in the required information such as the signer's name, title, and email address.", "Click **OK**.", "Right-click the signature line you just added and select **Sign**.", "In the **Sign** dialog box, you can either type your name, select an image of your handwritten signature, or use a digital certificate.", "Click **Sign** to add your electronic signature to the document."], "new_problem": "Sign the Word document electronically by inserting a signature line and signing it.", "action_plans": [{"step": "Click the Insert tab", "controlLabel": "34", "controlText": "Insert", "function": "click_input", "args": {"button": "left", "double": false}}, {"step": "Click the Signature Line button", "controlLabel": "266", "controlText": "Signature Line", "function": "click_input", "args": {"button": "left", "double": false}}, {"step": "Fill in the required information in the Signature Setup dialog box", "controlLabel": "", "controlText": "", "function": "set_edit_text", "args": {"control_id": "", "text": "Signer Name, Title, Email", "newline": true}}, {"step": "Click OK to insert the signature line", "controlLabel": "", "controlText": "", "function": "click_input", "args": {"button": "left", "double": false}}, {"step": "Right-click the signature line and select Sign", "controlLabel": "", "controlText": "", "function": "click_input", "args": {"button": "right", "double": false}}, {"step": "In the Sign dialog box, type your name or select an image of your handwritten signature", "controlLabel": "", "controlText": "", "function": "set_edit_text", "args": {"control_id": "", "text": "Your Name or Signature Image", "newline": true}}, {"step": "Click Sign to add your electronic signature", "controlLabel": "", "controlText": "", "function": "click_input", "args": {"button": "left", "double": false}}], "action_prefill_file_path": "D:\\agents\\AgentLearner\\cache\\action_prefill\\69356.docx"}