{"Problem": "How to delete an entire page in Word?", "Solution Steps": ["Place your cursor at the beginning of the page you want to delete.", "Press and hold the **Shift** key.", "While holding the **Shift** key, click at the end of the page you want to delete. This will select the entire page.", "Press the **Delete** key on your keyboard."], "new_problem": "Delete the entire page in the Word document.", "action_plans": [{"step": "select the text at the beginning of the page", "controlLabel": "", "controlText": "", "function": "select_text", "args": {"text": "text to edit"}}, {"step": "type in Shift+End to select the entire page", "controlLabel": "103", "controlText": "Page 1 content", "function": "type_keys", "args": {"text": "{VK_SHIFT down}{END}{VK_SHIFT up}"}}, {"step": "type in delete keys to delete the selected content", "controlLabel": "103", "controlText": "Page 1 content", "function": "type_keys", "args": {"text": "{DELETE}"}}], "action_prefill_file_path": "D:\\agents\\AgentLearner\\cache\\action_prefill\\69350.docx"}