{"Problem": "How to examine word count in a document", "Solution Steps": ["Open the document you want to examine.", "Click the **Review** tab on the Ribbon.", "In the **Proofing** group, click **Word Count**.", "A dialog box will appear showing the number of pages, words, characters (with and without spaces), paragraphs, and lines in the document."], "new_problem": "Examine the word count in the document by switching to the 'Review' tab and clicking the 'Word Count' button.", "action_plans": [{"step": "Switch to the 'Review' tab", "controlLabel": "31", "controlText": "Review", "function": "click_input", "args": {"button": "left", "double": false}}, {"step": "Click the 'Word Count' button", "controlLabel": "85", "controlText": "Word Count 0 words", "function": "click_input", "args": {"button": "left", "double": false}}], "action_prefill_file_path": "D:\\agents\\AgentLearner\\cache\\action_prefill\\69367.docx"}