{"Problem": "How to copy a PNG file to Word.", "Solution Steps": ["Open the folder where your PNG file is located.", "Right-click on the PNG file and select **Copy**.", "Open your Word document.", "Right-click on the location in the document where you want to insert the PNG file and select **Paste**."], "new_problem": "Paste a copied PNG file into the Word document at the current cursor location.", "action_plans": [{"step": "Paste the copied PNG file into the document", "controlLabel": "137", "controlText": "Paste", "function": "click_input", "args": {"button": "left", "double": false}}], "action_prefill_file_path": "D:\\agents\\AgentLearner\\cache\\action_prefill\\69361.docx"}