{"Problem": "How to apply a double strikethrough to text", "Solution Steps": ["Select the text you want to apply double strikethrough to.", "On the **Home** tab, in the **Font** group, click the **Font Dialog Box Launcher** (the small arrow in the bottom right corner).", "In the **Font** dialog box, under the **Effects** section, check the **Double Strikethrough** checkbox.", "Click **OK** to apply the double strikethrough."], "new_problem": "Apply a double strikethrough to the text 'text to edit' in the document.", "action_plans": ["{\"step\":\"select the target text 'text to edit'\",\"controlLabel\": \"\",\"controlText\": \"\",\"function\": \"select_text\",\"args\": {\"text\": \"text to edit\"}}", "{\"step\":\"open the Font Dialog Box\",\"controlLabel\": \"171\",\"controlText\": \"Font...\",\"function\": \"click_input\",\"args\": {\"button\": \"left\",\"double\": false}}", "{\"step\":\"apply double strikethrough\",\"controlLabel\": \"\",\"controlText\": \"Double Strikethrough\",\"function\": \"click_input\",\"args\": {\"button\": \"left\",\"double\": false}}", "{\"step\":\"confirm the changes\",\"controlLabel\": \"\",\"controlText\": \"OK\",\"function\": \"click_input\",\"args\": {\"button\": \"left\",\"double\": false}}"], "action_prefill_file_path": "D:\\agents\\AgentLearner\\cache\\action_prefill\\69377.docx"}