{"Problem": "How to delete table cells in Word?", "Solution Steps": ["Click inside the table cell that you want to delete.", "Right-click the selected cell to open the context menu.", "Click **Delete Cells**.", "In the **Delete Cells** dialog box, choose the desired option (e.g., **Shift cells left**, **Shift cells up**, **Delete entire row**, or **Delete entire column**).", "Click **OK** to confirm the deletion."], "new_problem": "Delete a specific cell in the table in the Word document.", "action_plans": ["{\"step\":\"select the table\",\"controlLabel\":\"\",\"controlText\":\"\",\"function\":\"select_table\",\"args\":{\"number\":1}}", "{\"step\":\"right-click to open context menu\",\"controlLabel\":\"\",\"controlText\":\"\",\"function\":\"type_keys\",\"args\":{\"text\":\"{VK_APPS}\"}}", "{\"step\":\"select 'Delete Cells' from context menu\",\"controlLabel\":\"\",\"controlText\":\"Delete Cells\",\"function\":\"click_input\",\"args\":{\"button\":\"left\",\"double\":false}}", "{\"step\":\"choose the desired deletion option\",\"controlLabel\":\"\",\"controlText\":\"Shift cells left\",\"function\":\"click_input\",\"args\":{\"button\":\"left\",\"double\":false}}", "{\"step\":\"confirm the deletion\",\"controlLabel\":\"\",\"controlText\":\"OK\",\"function\":\"click_input\",\"args\":{\"button\":\"left\",\"double\":false}}"], "action_prefill_file_path": "D:\\agents\\AgentLearner\\cache\\action_prefill\\69372.docx"}