{"Problem": "How to create an APA formatted Word document", "Solution Steps": ["Open Microsoft Word.", "Click on the **Blank document** option to create a new document.", "Click on the **Layout** tab and select **Margins**. Choose the option for **Normal** (1-inch margins on all sides).", "Go to the **Home** tab, click on the **Font** dialog box launcher. Set the font to Times New Roman and the font size to 12.", "On the **Home** tab, in the **Paragraph** group, click on the **Line and Paragraph Spacing** icon and select **2.0** to double-space the entire document.", "Click on the **Insert** tab and select **Header**. Choose a style and type the running head and page number.", "To create a title page, center the text and type the title of the paper, your name, and the institution name.", "Use the **References** tab to manage citations and bibliography. Click on **Style** and select **APA**.", "To insert in-text citations, click on **Insert Citation** in the **Citations & Bibliography** group and add the source information.", "To create a reference page, click on **Bibliography** and choose a pre-formatted bibliography or reference list that matches the APA style."], "new_problem": "Create an APA formatted Word document by setting margins, font, line spacing, inserting a header, creating a title page, and setting the citation style to APA.", "action_plans": [{"step": "Create a new blank document", "controlLabel": "10", "controlText": "New Blank Document", "function": "click_input", "args": {"button": "left", "double": false}}, {"step": "Set margins to Normal (1-inch on all sides)", "controlLabel": "25", "controlText": "Layout", "function": "click_input", "args": {"button": "left", "double": false}}, {"step": "Select Margins option", "controlLabel": "25", "controlText": "Margins", "function": "click_input", "args": {"button": "left", "double": false}}, {"step": "Choose Normal margins", "controlLabel": "25", "controlText": "Normal", "function": "click_input", "args": {"button": "left", "double": false}}, {"step": "Set font to Times New Roman and size to 12", "controlLabel": "25", "controlText": "Home", "function": "click_input", "args": {"button": "left", "double": false}}, {"step": "Open Font dialog box", "controlLabel": "142", "controlText": "Font", "function": "click_input", "args": {"button": "left", "double": false}}, {"step": "Set font to Times New Roman", "controlLabel": "143", "controlText": "Aptos (Body)", "function": "set_edit_text", "args": {"text": "Times New Roman"}}, {"step": "Set font size to 12", "controlLabel": "146", "controlText": "12", "function": "set_edit_text", "args": {"text": "12"}}, {"step": "Set line spacing to double", "controlLabel": "172", "controlText": "Paragraph", "function": "click_input", "args": {"button": "left", "double": false}}, {"step": "Select Line and Paragraph Spacing", "controlLabel": "190", "controlText": "Line and Paragraph Spacing", "function": "click_input", "args": {"button": "left", "double": false}}, {"step": "Choose double spacing", "controlLabel": "190", "controlText": "2.0", "function": "click_input", "args": {"button": "left", "double": false}}, {"step": "Insert header with running head and page number", "controlLabel": "25", "controlText": "Insert", "function": "click_input", "args": {"button": "left", "double": false}}, {"step": "Select Header", "controlLabel": "25", "controlText": "Header", "function": "click_input", "args": {"button": "left", "double": false}}, {"step": "Choose a header style", "controlLabel": "25", "controlText": "Header Style", "function": "click_input", "args": {"button": "left", "double": false}}, {"step": "Type running head and page number", "controlLabel": "101", "controlText": "Edit", "function": "set_edit_text", "args": {"text": "Running head: TITLE OF YOUR PAPER\t1"}}, {"step": "Create title page with title, name, and institution", "controlLabel": "101", "controlText": "Edit", "function": "set_edit_text", "args": {"text": "TITLE OF YOUR PAPER\nYour Name\nInstitution Name"}}, {"step": "Set citation style to APA", "controlLabel": "29", "controlText": "References", "function": "click_input", "args": {"button": "left", "double": false}}, {"step": "Select APA style", "controlLabel": "29", "controlText": "Style", "function": "click_input", "args": {"button": "left", "double": false}}, {"step": "Choose APA", "controlLabel": "29", "controlText": "APA", "function": "click_input", "args": {"button": "left", "double": false}}], "action_prefill_file_path": "D:\\agents\\AgentLearner\\cache\\action_prefill\\69380.docx"}