{"Problem": "How to fix the cursor disappearing in a Word document.", "Solution Steps": ["Open the Word document where the cursor is disappearing.", "Click the **File** tab in the upper-left corner.", "Select **Options** from the menu.", "In the **Word Options** dialog box, click **Advanced** in the left pane.", "Scroll down to the **Display** section.", "Check the box next to **Show vertical scroll bar**.", "Click **OK** to save the changes.", "If the issue persists, try restarting Word or your computer."], "new_problem": "Fix the cursor disappearing issue in a Word document by enabling the vertical scroll bar in the Word options.", "action_plans": [{"step": "Click the File tab", "controlLabel": "108", "controlText": "System", "function": "click_input", "args": {"button": "left", "double": false}}, {"step": "Select Options from the menu", "controlLabel": "123", "controlText": "Edit", "function": "click_input", "args": {"button": "left", "double": false}}, {"step": "Click Advanced in the left pane of the Word Options dialog box", "controlLabel": "289", "controlText": "Paragraph", "function": "click_input", "args": {"button": "left", "double": false}}, {"step": "Scroll down to the Display section", "controlLabel": "105", "controlText": "", "function": "wheel_mouse_input", "args": {"control_id": "105", "wheel_dist": -20}}, {"step": "Check the box next to Show vertical scroll bar", "controlLabel": "105", "controlText": "", "function": "click_input", "args": {"button": "left", "double": false}}, {"step": "Click OK to save the changes", "controlLabel": "105", "controlText": "", "function": "click_input", "args": {"button": "left", "double": false}}], "action_prefill_file_path": "D:\\agents\\AgentLearner\\cache\\action_prefill\\6939.docx"}