{"Problem": "Remove extra comment box", "Solution Steps": ["Open the Word document that contains the comment box you want to remove.", "Go to the **Review** tab.", "In the **Comments** group, click **Next** or **Previous** to navigate to the comment you want to remove.", "Once the comment is selected, click **Delete** in the **Comments** group."], "new_problem": "Remove the extra comment box containing the text '456'.", "action_plans": [{"step": "Switch to the 'Review' tab", "controlLabel": "31", "controlText": "Review", "function": "click_input", "args": {"button": "left", "double": false}}, {"step": "Select the comment text '456'", "controlLabel": "", "controlText": "", "function": "select_text", "args": {"text": "456"}}, {"step": "Click the 'Delete' button to remove the comment", "controlLabel": "35", "controlText": "Comments", "function": "click_input", "args": {"button": "left", "double": false}}], "action_prefill_file_path": "D:\\agents\\AgentLearner\\cache\\action_prefill\\69393.docx"}