{"Problem": "How to create a poster in Microsoft Word.", "Solution Steps": ["Open Microsoft Word and select **Blank Document**.", "Go to the **Layout** tab and click on **Size**. Choose or customize the page size according to the desired poster size.", "Click on the **Design** tab to select a theme, color scheme, and font style for your poster.", "Use the **Insert** tab to add images, shapes, text boxes, or WordArt to your poster. Click **Pictures** to add images, **Shapes** to add graphical shapes, **Text Box** to add text areas, and **WordArt** for stylized text.", "Arrange your added elements by dragging them to the desired location on the page. Use the **Format** tab to adjust the size, rotation, and alignment of the elements.", "To add a background color or fill, go to the **Design** tab and click on **Page Color**. Choose a color or fill effect.", "Review your poster and make any necessary adjustments to the layout, design elements, and text.", "Save your document by clicking **File** > **Save As**, choose the location, enter a file name, and select the desired file format."], "new_problem": "Create a poster in Microsoft Word by setting up the page size, selecting a theme, adding images, shapes, text boxes, and WordArt, arranging them, and setting a background color.", "action_plans": [{"step": "Open a new blank document", "controlLabel": "10", "controlText": "New Blank Document", "function": "click_input", "args": {"button": "left", "double": false}}, {"step": "Go to the Layout tab", "controlLabel": "28", "controlText": "Layout", "function": "click_input", "args": {"button": "left", "double": false}}, {"step": "Click on Size to set the page size", "controlLabel": "283", "controlText": "Size", "function": "click_input", "args": {"button": "left", "double": false}}, {"step": "Go to the Design tab", "controlLabel": "27", "controlText": "Design", "function": "click_input", "args": {"button": "left", "double": false}}, {"step": "Select a theme for the poster", "controlLabel": "42", "controlText": "Themes", "function": "click_input", "args": {"button": "left", "double": false}}, {"step": "Go to the Insert tab", "controlLabel": "25", "controlText": "Insert", "function": "click_input", "args": {"button": "left", "double": false}}, {"step": "Insert a picture", "controlLabel": "238", "controlText": "Pictures", "function": "click_input", "args": {"button": "left", "double": false}}, {"step": "Insert a shape", "controlLabel": "239", "controlText": "Shapes", "function": "click_input", "args": {"button": "left", "double": false}}, {"step": "Insert a text box", "controlLabel": "262", "controlText": "Text Box", "function": "click_input", "args": {"button": "left", "double": false}}, {"step": "Insert WordArt", "controlLabel": "264", "controlText": "WordArt", "function": "click_input", "args": {"button": "left", "double": false}}, {"step": "Go to the Design tab to set the background color", "controlLabel": "27", "controlText": "Design", "function": "click_input", "args": {"button": "left", "double": false}}, {"step": "Set the background color", "controlLabel": "75", "controlText": "Page Color", "function": "click_input", "args": {"button": "left", "double": false}}, {"step": "Save the document", "controlLabel": "9", "controlText": "Save", "function": "click_input", "args": {"button": "left", "double": false}}], "action_prefill_file_path": "D:\\agents\\AgentLearner\\cache\\action_prefill\\69392.docx"}