{"Problem": "How to start a list in Word with 0", "Solution Steps": ["Place the cursor where you want to start the list in your Word document.", "Click on the **Home** tab.", "In the **Paragraph** group, click on the **Numbering** dropdown arrow.", "At the bottom of the dropdown menu, select **Define New Number Format...**", "In the dialog box, change the **Number format** to 0 by typing '0' followed by a period or parenthesis, depending on your preference.", "Click **OK** to apply the new number format and start the list with 0."], "new_problem": "Start a list in Word with 0.", "action_plans": [{"step": "Place the cursor where you want to start the list", "controlLabel": "", "controlText": "", "function": "click_input", "args": {}}, {"step": "Click on the Home tab", "controlLabel": "11", "controlText": "Home", "function": "click_input", "args": {"button": "left", "double": false}}, {"step": "Click on the Numbering dropdown arrow", "controlLabel": "177", "controlText": "Numbering", "function": "click_input", "args": {"button": "left", "double": false}}, {"step": "Select Define New Number Format...", "controlLabel": "", "controlText": "Define New Number Format...", "function": "click_input", "args": {"button": "left", "double": false}}, {"step": "Change the Number format to 0", "controlLabel": "", "controlText": "", "function": "set_edit_text", "args": {"control_id": "", "text": "0.", "newline": false}}, {"step": "Click OK to apply the new number format", "controlLabel": "", "controlText": "OK", "function": "click_input", "args": {"button": "left", "double": false}}], "action_prefill_file_path": "D:\\agents\\AgentLearner\\cache\\action_prefill\\69394.docx"}