{"Problem": "How to capitalize each word in a Word document.", "Solution Steps": ["Highlight the text you want to capitalize.", "Go to the **Home** tab.", "In the **Font** group, click the **Change Case** button (Aa).", "Select **Capitalize Each Word** from the drop-down menu."], "new_problem": "Capitalize each word in the text 'text to edit' in the Word document.", "action_plans": [{"step": "select the text 'text to edit'", "controlLabel": "", "controlText": "", "function": "select_text", "args": {"text": "text to edit"}}, {"step": "navigate to the Home tab", "controlLabel": "11", "controlText": "Home", "function": "click_input", "args": {"button": "left", "double": false}}, {"step": "click the Change Case button", "controlLabel": "150", "controlText": "Change Case", "function": "click_input", "args": {"button": "left", "double": false}}, {"step": "select Capitalize Each Word from the drop-down menu", "controlLabel": "150", "controlText": "Capitalize Each Word", "function": "click_input", "args": {"button": "left", "double": false}}], "action_prefill_file_path": "D:\\agents\\AgentLearner\\cache\\action_prefill\\69400.docx"}