{"Problem": "How to delete an image sent to back in Word.", "Solution Steps": ["Click the **Home** tab.", "In the **Editing** group, click **Select**.", "Click **Select Objects**.", "Click on the image you want to delete.", "Press the **Delete** key on your keyboard."], "new_problem": "Delete an image that is sent to the back in the Word document.", "action_plans": [{"step": "Switch to the Home tab", "controlLabel": "24", "controlText": "Home", "function": "click_input", "args": {"button": "left", "double": false}}, {"step": "Open the Select dropdown", "controlLabel": "", "controlText": "Select", "function": "click_input", "args": {"button": "left", "double": false}}, {"step": "Choose Select Objects", "controlLabel": "", "controlText": "Select Objects", "function": "click_input", "args": {"button": "left", "double": false}}, {"step": "Select the image", "controlLabel": "", "controlText": "", "function": "select_text", "args": {"text": "Text Box 2"}}, {"step": "Delete the selected image", "controlLabel": "", "controlText": "", "function": "type_keys", "args": {"text": "{DELETE}"}}], "action_prefill_file_path": "D:\\agents\\AgentLearner\\cache\\action_prefill\\69423.docx"}