{"Problem": "How to find the A4 page size option in Microsoft Word", "Solution Steps": ["Open your document in Microsoft Word.", "Click the **Layout** tab on the ribbon.", "In the **Page Setup** group, click **Size**.", "From the dropdown menu, select **A4**."], "new_problem": "Find the A4 page size option in Microsoft Word.", "action_plans": [{"step": "Switch to the Layout tab", "controlLabel": "28", "controlText": "Layout", "function": "click_input", "args": {"button": "left", "double": false}}, {"step": "Click the Size button in the Page Setup group", "controlLabel": "283", "controlText": "Size", "function": "click_input", "args": {"button": "left", "double": false}}, {"step": "Select A4 from the dropdown menu", "controlLabel": "", "controlText": "A4", "function": "click_input", "args": {"button": "left", "double": false}}], "action_prefill_file_path": "D:\\agents\\AgentLearner\\cache\\action_prefill\\69428.docx"}