{"Problem": "How to insert a graph in a Word document.", "Solution Steps": ["Place the cursor where you want to insert the graph.", "Go to the **Insert** tab.", "In the **Illustrations** group, click **Chart**.", "In the **Insert Chart** dialog box, select the type of chart you want to insert.", "Click **OK**.", "Edit the data in the Excel spreadsheet that appears to customize your graph.", "Close the Excel window once you have finished editing the data."], "new_problem": "Insert a graph in the Word document by navigating to the 'Insert' tab, selecting 'Chart', choosing the type of chart, and editing the data in the Excel spreadsheet.", "action_plans": [{"step": "Navigate to the 'Insert' tab", "controlLabel": "25", "controlText": "Insert", "function": "click_input", "args": {"button": "left", "double": false}}, {"step": "Click on 'Chart' to insert a graph", "controlLabel": "", "controlText": "Chart", "function": "click_input", "args": {"button": "left", "double": false}}, {"step": "Select the type of chart to insert", "controlLabel": "", "controlText": "", "function": "type_keys", "args": {"text": "{DOWN}{ENTER}"}}, {"step": "Edit the data in the Excel spreadsheet", "controlLabel": "", "controlText": "", "function": "type_keys", "args": {"text": "{VK_CONTROL down}{VK_TAB}{VK_CONTROL up}"}}, {"step": "Close the Excel window", "controlLabel": "", "controlText": "", "function": "type_keys", "args": {"text": "{VK_CONTROL down}{VK_F4}{VK_CONTROL up}"}}], "action_prefill_file_path": "D:\\agents\\AgentLearner\\cache\\action_prefill\\69425.docx"}