{"Problem": "How to remove a line break in Word.", "Solution Steps": ["Place the cursor right at the beginning of the line break you want to remove.", "Press the **Backspace** key on your keyboard to delete the line break."], "new_problem": "Remove the line break in the Word document.", "action_plans": [{"step": "place the cursor at the beginning of the line break", "controlLabel": "", "controlText": "", "function": "select_text", "args": {"text": "text to edit"}}, {"step": "press the Backspace key to remove the line break", "controlLabel": "85", "controlText": "Word Count 0 words", "function": "type_keys", "args": {"text": "{BACKSPACE}"}}], "action_prefill_file_path": "D:\\agents\\AgentLearner\\cache\\action_prefill\\69438.docx"}