{"Problem": "How to update Outlook on Windows", "Solution Steps": ["Open **Outlook** on your Windows desktop.", "Click on **File** in the top-left corner.", "Select **Office Account** from the menu.", "Under **Product Information**, click on **Update Options**.", "Select **Update Now** from the dropdown menu.", "Wait for Outlook to check for and install any available updates."], "new_problem": "Update Outlook on Windows by following these steps: Open Outlook, click on File, select Office Account, click on Update Options, and select Update Now.", "action_plans": [{"step": "Open Outlook on your Windows desktop", "controlLabel": "", "controlText": "", "function": "", "args": {}}, {"step": "Click on File in the top-left corner", "controlLabel": "", "controlText": "", "function": "", "args": {}}, {"step": "Select Office Account from the menu", "controlLabel": "", "controlText": "", "function": "", "args": {}}, {"step": "Under Product Information, click on Update Options", "controlLabel": "", "controlText": "", "function": "", "args": {}}, {"step": "Select Update Now from the dropdown menu", "controlLabel": "", "controlText": "", "function": "", "args": {}}, {"step": "Wait for Outlook to check for and install any available updates", "controlLabel": "", "controlText": "", "function": "", "args": {}}], "action_prefill_file_path": "D:\\agents\\AgentLearner\\cache\\action_prefill\\69430.docx"}