{"Problem": "How can I reflect an image in Word?", "Solution Steps": ["Insert the image into your Word document by clicking on the **Insert** tab and selecting **Pictures**.", "Select the image by clicking on it.", "Under the **Picture Tools Format** tab, which appears when an image is selected, click on the **Rotate** button in the **Arrange** group.", "Choose **Flip Vertical** to reflect the image vertically or **Flip Horizontal** to reflect it horizontally."], "new_problem": "Insert an image into the Word document and reflect it vertically or horizontally.", "action_plans": [{"step": "Click on the Insert tab to open the insert options", "controlLabel": "25", "controlText": "Insert", "function": "click_input", "args": {"button": "left", "double": false}}, {"step": "Insert a picture from the file system", "controlLabel": "", "controlText": "Pictures", "function": "click_input", "args": {"button": "left", "double": false}}, {"step": "Select the inserted image", "controlLabel": "", "controlText": "", "function": "select_text", "args": {"text": "image"}}, {"step": "Click on the Format tab to access image formatting options", "controlLabel": "", "controlText": "Format", "function": "click_input", "args": {"button": "left", "double": false}}, {"step": "Click on the Rotate button in the Arrange group", "controlLabel": "", "controlText": "Rotate", "function": "click_input", "args": {"button": "left", "double": false}}, {"step": "Choose Flip Vertical to reflect the image vertically", "controlLabel": "", "controlText": "Flip Vertical", "function": "click_input", "args": {"button": "left", "double": false}}, {"step": "Choose Flip Horizontal to reflect the image horizontally", "controlLabel": "", "controlText": "Flip Horizontal", "function": "click_input", "args": {"button": "left", "double": false}}], "action_prefill_file_path": "D:\\agents\\AgentLearner\\cache\\action_prefill\\69437.docx"}