{"Problem": "How to globally replace text in a Word document", "Solution Steps": ["Open the Word document in which you want to replace text.", "Press **Ctrl + H** to open the **Find and Replace** dialog box.", "In the **Find what** field, type the text you want to find.", "In the **Replace with** field, type the text you want to replace it with.", "Click **Replace All** to replace all instances of the text in the document.", "Click **OK** in the confirmation dialog box that appears."], "new_problem": "Globally replace 'text to edit' with 'new text' in the Word document.", "action_plans": [{"step": "Open the Find and Replace dialog", "controlLabel": "", "controlText": "", "function": "type_keys", "args": {"text": "{VK_CONTROL down}{H down}{H up}{VK_CONTROL up}", "newline": false}}, {"step": "Input the text to find", "controlLabel": "", "controlText": "", "function": "set_edit_text", "args": {"control_name": "Find what", "text": "text to edit"}}, {"step": "Input the text to replace with", "controlLabel": "", "controlText": "", "function": "set_edit_text", "args": {"control_name": "Replace with", "text": "new text"}}, {"step": "Execute the replacement", "controlLabel": "", "controlText": "", "function": "type_keys", "args": {"text": "{VK_ALT down}{A down}{A up}{VK_ALT up}", "newline": false}}, {"step": "Confirm the replacement", "controlLabel": "", "controlText": "", "function": "type_keys", "args": {"text": "{ENTER}", "newline": false}}], "action_prefill_file_path": "D:\\agents\\AgentLearner\\cache\\action_prefill\\69441.docx"}