{"Problem": "How to get a free professional CV template in Word", "Solution Steps": ["Open Microsoft Word.", "Click on **File** in the top left corner.", "Select **New** from the menu.", "In the search bar, type 'CV' or 'Resume' and press Enter.", "Browse through the available templates and select a professional CV template that you like.", "Click **Create** to open the template in a new document."], "new_problem": "Get a free professional CV template in Word by navigating through the interface and creating a new document from a template.", "action_plans": [{"step": "Open the File menu", "controlLabel": "16", "controlText": "Junting Lu (FESCO Adecco Human Resources)", "function": "click_input", "args": {"button": "left", "double": false}}, {"step": "Select New from the menu", "controlLabel": "21", "controlText": "Close", "function": "click_input", "args": {"button": "left", "double": false}}, {"step": "Search for CV or Resume templates", "controlLabel": "335", "controlText": "APA", "function": "set_edit_text", "args": {"control_id": "335", "text": "CV", "newline": true}}, {"step": "Browse and select a professional CV template", "controlLabel": "379", "controlText": "Open", "function": "click_input", "args": {"button": "left", "double": false}}, {"step": "Create a new document from the selected template", "controlLabel": "144", "controlText": "Open", "function": "click_input", "args": {"button": "left", "double": false}}], "action_prefill_file_path": "D:\\agents\\AgentLearner\\cache\\action_prefill\\69450.docx"}