{"Problem": "How to remove first page number in Microsoft Word", "Solution Steps": ["Go to the **Insert** tab.", "Click **Page Number** in the **Header & Footer** group.", "Select **Format Page Numbers**.", "In the **Page Number Format** dialog box, check the box for **Different First Page**.", "Click **OK**.", "Go to the first page of your document.", "Double-click the header or footer area to open the **Header & Footer Tools**.", "Delete the page number from the first page."], "new_problem": "Remove the first page number in the Microsoft Word document.", "action_plans": [{"step": "Go to the Insert tab", "controlLabel": "25", "controlText": "Insert", "function": "click_input", "args": {"button": "left", "double": false}}, {"step": "Click Page Number in the Header & Footer group", "controlLabel": "260", "controlText": "Page Number", "function": "click_input", "args": {"button": "left", "double": false}}, {"step": "Select Format Page Numbers", "controlLabel": "", "controlText": "Format Page Numbers", "function": "click_input", "args": {"button": "left", "double": false}}, {"step": "Check the box for Different First Page", "controlLabel": "", "controlText": "", "function": "type_keys", "args": {"text": "{VK_SPACE}"}}, {"step": "Click OK", "controlLabel": "", "controlText": "", "function": "type_keys", "args": {"text": "{ENTER}"}}, {"step": "Go to the first page of your document", "controlLabel": "", "controlText": "", "function": "type_keys", "args": {"text": "{VK_CONTROL down}{VK_HOME}{VK_CONTROL up}"}}, {"step": "Double-click the header or footer area to open the Header & Footer Tools", "controlLabel": "84", "controlText": "Page Number Page 1 of 1", "function": "click_input", "args": {"button": "left", "double": true}}, {"step": "Delete the page number from the first page", "controlLabel": "84", "controlText": "Page Number Page 1 of 1", "function": "type_keys", "args": {"text": "{DELETE}"}}], "action_prefill_file_path": "D:\\agents\\AgentLearner\\cache\\action_prefill\\69472.docx"}