{"Problem": "How to change the year on a Microsoft Word template", "Solution Steps": ["Open the Microsoft Word template you want to edit.", "Locate the text or area where the year is displayed.", "Click on the year to select it.", "Type the new year you want to use.", "If the year is part of a header or footer, double-click the header or footer area to edit, then follow the same steps.", "After making changes, click **File** > **Save** to save the template with the updated year."], "new_problem": "Change the year in the Microsoft Word template.", "action_plans": [{"step": "Locate and select the year text in the document", "controlLabel": "", "controlText": "", "function": "select_text", "args": {"text": "2023"}}, {"step": "Type the new year", "controlLabel": "", "controlText": "", "function": "type_keys", "args": {"text": "2024"}}, {"step": "Save the document", "controlLabel": "9", "controlText": "Save", "function": "click_input", "args": {"button": "left", "double": false}}], "action_prefill_file_path": "D:\\agents\\AgentLearner\\cache\\action_prefill\\69475.docx"}