{"Problem": "How to accept all deletions in Word", "Solution Steps": ["Open the document in Word.", "Go to the **Review** tab.", "In the **Changes** group, click on **Next** to navigate to the first deletion.", "Right-click on the deletion and select **Accept Deletion**.", "To accept all deletions at once, click on the drop-down arrow under **Accept** and select **Accept All Changes**."], "new_problem": "Accept all deletions in the Word document.", "action_plans": [{"step": "Navigate to the Review tab", "controlLabel": "25", "controlText": "Insert", "function": "click_input", "args": {"button": "left", "double": false}}, {"step": "Navigate to the Review tab", "controlLabel": "30", "controlText": "Mailings", "function": "click_input", "args": {"button": "left", "double": false}}, {"step": "Navigate to the Review tab", "controlLabel": "34", "controlText": "Help", "function": "click_input", "args": {"button": "left", "double": false}}, {"step": "Click on the Accept button", "controlLabel": "386", "controlText": "Accept", "function": "click_input", "args": {"button": "left", "double": false}}, {"step": "Select Accept All Changes", "controlLabel": "388", "controlText": "More Options", "function": "click_input", "args": {"button": "left", "double": false}}], "action_prefill_file_path": "D:\\agents\\AgentLearner\\cache\\action_prefill\\69488.docx"}