{"Problem": "How to create an ECD certificate template in Word", "Solution Steps": ["Open Microsoft Word and click on the **File** tab.", "Select **New** to create a new document.", "In the search bar, type 'certificate' to find certificate templates, and press **Enter**.", "Choose a certificate template that closely matches your needs and click **Create** to open it.", "Customize the template by clicking on the text boxes to add the ECD (Early Childhood Development) specific information such as the name of the recipient, the reason for the award, the date, and any other relevant details.", "To add your organization's logo, click on **Insert** tab, select **Pictures**, and choose the logo file from your computer.", "Adjust the font style, size, and color according to your preferences by highlighting the text and using the options under the **Home** tab.", "Once you are satisfied with the design, save the document by clicking on **File**, then **Save As**, and choose the desired location and file format."], "new_problem": "Create an ECD certificate template in Word by opening a new document, selecting a certificate template, customizing it with ECD-specific information, and saving it.", "action_plans": [{"step": "Open the File tab", "controlLabel": "108", "controlText": "System", "function": "click_input", "args": {"button": "left", "double": false}}, {"step": "Select New to create a new document", "controlLabel": "144", "controlText": "Open", "function": "click_input", "args": {"button": "left", "double": false}}, {"step": "Search for certificate templates", "controlLabel": "207", "controlText": "Title", "function": "set_edit_text", "args": {"control_id": "207", "text": "certificate", "newline": true}}, {"step": "Choose a certificate template", "controlLabel": "207", "controlText": "Title", "function": "click_input", "args": {"button": "left", "double": false}}, {"step": "Customize the template with ECD-specific information", "controlLabel": "", "controlText": "", "function": "set_edit_text", "args": {"control_id": "", "text": "Early Childhood Development Certificate", "newline": true}}, {"step": "Insert the organization's logo", "controlLabel": "25", "controlText": "Insert", "function": "click_input", "args": {"button": "left", "double": false}}, {"step": "Select Pictures to add the logo", "controlLabel": "128", "controlText": "Insert", "function": "click_input", "args": {"button": "left", "double": false}}, {"step": "Adjust the font style, size, and color", "controlLabel": "172", "controlText": "Paragraph", "function": "click_input", "args": {"button": "left", "double": false}}, {"step": "Save the document", "controlLabel": "9", "controlText": "Save", "function": "click_input", "args": {"button": "left", "double": false}}], "action_prefill_file_path": "D:\\agents\\AgentLearner\\cache\\action_prefill\\69485.docx"}