{"Problem": "How to create a numbered list with custom indents in Word", "Solution Steps": ["Place the cursor where you want to start the numbered list.", "On the **Home** tab, in the **Paragraph** group, click the **Numbering** button.", "Type the first item in your list and press **Enter** to move to the next item.", "After creating the list, select the numbered list.", "Right-click the selected list and choose **Adjust List Indents** from the context menu.", "In the **Adjust List Indents** dialog box, set the values for **Number position**, **Text indent**, and **Add tab stop at** as per your custom requirements.", "Click **OK** to apply the custom indents."], "new_problem": "Create a numbered list with custom indents in Word.", "action_plans": [{"step": "Place the cursor where you want to start the numbered list.", "controlLabel": "", "controlText": "", "function": "click_input", "args": {"control_id": "1", "button": "left", "double": false}}, {"step": "On the Home tab, in the Paragraph group, click the Numbering button.", "controlLabel": "177", "controlText": "Numbering", "function": "click_input", "args": {"button": "left", "double": false}}, {"step": "Type the first item in your list and press Enter to move to the next item.", "controlLabel": "14", "controlText": "Search", "function": "set_edit_text", "args": {"control_id": "14", "text": "First item\nSecond item\nThird item", "newline": true}}, {"step": "After creating the list, select the numbered list.", "controlLabel": "", "controlText": "", "function": "select_text", "args": {"text": "First item\nSecond item\nThird item"}}, {"step": "Right-click the selected list and choose Adjust List Indents from the context menu.", "controlLabel": "", "controlText": "", "function": "type_keys", "args": {"control_id": "1", "text": "{VK_APPS}{DOWN}{DOWN}{ENTER}", "newline": false}}, {"step": "In the Adjust List Indents dialog box, set the values for Number position, Text indent, and Add tab stop at as per your custom requirements.", "controlLabel": "", "controlText": "", "function": "set_edit_text", "args": {"control_id": "1", "text": "Number position: 0.5\nText indent: 1\nAdd tab stop at: 1.5", "newline": true}}, {"step": "Click OK to apply the custom indents.", "controlLabel": "", "controlText": "", "function": "type_keys", "args": {"control_id": "1", "text": "{ENTER}", "newline": false}}], "action_prefill_file_path": "D:\\agents\\AgentLearner\\cache\\action_prefill\\69497.docx"}