{"Problem": "How to add a new font to Word 365.", "Solution Steps": ["Download the font file you want to add. It should be in .ttf or .otf format.", "Right-click the downloaded font file and select **Install**.", "Open Word 365.", "Click the **Home** tab.", "In the **Font** group, click the drop-down arrow to open the list of fonts.", "Scroll through the list to find the newly installed font and select it."], "new_problem": "Add a new font to Word 365 by downloading the font file, installing it, and selecting it in Word 365.", "action_plans": [{"step": "Download the font file you want to add. It should be in .ttf or .otf format.", "controlLabel": "", "controlText": "", "function": "", "args": {}}, {"step": "Right-click the downloaded font file and select Install.", "controlLabel": "", "controlText": "", "function": "", "args": {}}, {"step": "Open Word 365.", "controlLabel": "62", "controlText": "Word", "function": "click_input", "args": {"button": "left", "double": false}}, {"step": "Click the Home tab.", "controlLabel": "11", "controlText": "Home", "function": "click_input", "args": {"button": "left", "double": false}}, {"step": "In the Font group, click the drop-down arrow to open the list of fonts.", "controlLabel": "142", "controlText": "Font", "function": "click_input", "args": {"button": "left", "double": false}}, {"step": "Scroll through the list to find the newly installed font and select it.", "controlLabel": "143", "controlText": "Aptos (Body)", "function": "set_edit_text", "args": {"control_id": "143", "text": "Newly Installed Font"}}], "action_prefill_file_path": "D:\\agents\\AgentLearner\\cache\\action_prefill\\69498.docx"}