{"Problem": "How to add instructional text tool to a Word document", "Solution Steps": ["Open your Word document.", "Click the **File** tab, then select **Options**.", "In the **Word Options** dialog box, click **Customize Ribbon**.", "In the right pane, check the **Developer** checkbox to enable the Developer tab, then click **OK**.", "Go to the **Developer** tab.", "In the **Controls** group, click the **Rich Text Content Control** or **Plain Text Content Control** button to insert a text control.", "Click on the inserted text control to select it.", "Click **Properties** in the **Controls** group to set the properties for the instructional text."], "new_problem": "Add instructional text tool to a Word document by enabling the Developer tab, inserting a text control, and setting its properties.", "action_plans": ["{\"step\":\"open the File tab\",\"controlLabel\":\"\",\"controlText\":\"File\",\"function\":\"click_input\",\"args\":{\"button\":\"left\",\"double\":false}}", "{\"step\":\"open Word Options\",\"controlLabel\":\"\",\"controlText\":\"Options\",\"function\":\"click_input\",\"args\":{\"button\":\"left\",\"double\":false}}", "{\"step\":\"customize the ribbon\",\"controlLabel\":\"\",\"controlText\":\"Customize Ribbon\",\"function\":\"click_input\",\"args\":{\"button\":\"left\",\"double\":false}}", "{\"step\":\"enable Developer tab\",\"controlLabel\":\"\",\"controlText\":\"Developer\",\"function\":\"click_input\",\"args\":{\"button\":\"left\",\"double\":false}}", "{\"step\":\"confirm changes\",\"controlLabel\":\"\",\"controlText\":\"OK\",\"function\":\"click_input\",\"args\":{\"button\":\"left\",\"double\":false}}", "{\"step\":\"go to Developer tab\",\"controlLabel\":\"\",\"controlText\":\"Developer\",\"function\":\"click_input\",\"args\":{\"button\":\"left\",\"double\":false}}", "{\"step\":\"insert Rich Text Content Control\",\"controlLabel\":\"\",\"controlText\":\"Rich Text Content Control\",\"function\":\"click_input\",\"args\":{\"button\":\"left\",\"double\":false}}", "{\"step\":\"select the inserted text control\",\"controlLabel\":\"\",\"controlText\":\"Rich Text Content Control\",\"function\":\"click_input\",\"args\":{\"button\":\"left\",\"double\":false}}", "{\"step\":\"open Properties for the text control\",\"controlLabel\":\"\",\"controlText\":\"Properties\",\"function\":\"click_input\",\"args\":{\"button\":\"left\",\"double\":false}}"], "action_prefill_file_path": "D:\\agents\\AgentLearner\\cache\\action_prefill\\69502.docx"}