{"Problem": "How to lock a Word document to prevent changes", "Solution Steps": ["Open the Word document you want to lock.", "Click on the **File** tab.", "Select **Info** from the sidebar.", "Click on **Protect Document**.", "Choose **Restrict Editing** from the dropdown menu.", "In the **Restrict Editing** pane, check the option **Allow only this type of editing in the document**.", "Select **No changes (Read only)** from the dropdown menu.", "Click **Yes, Start Enforcing Protection**.", "You can now choose to password protect your document. Enter a password if desired, then click **OK**.", "Re-enter the password for confirmation and click **OK** again."], "new_problem": "Lock the Word document to prevent changes by restricting editing and setting it to read-only.", "action_plans": [{"step": "Click on the File tab", "controlLabel": "18", "controlText": "File", "function": "click_input", "args": {"button": "left", "double": false}}, {"step": "Select Info from the sidebar", "controlLabel": "85", "controlText": "Info", "function": "click_input", "args": {"button": "left", "double": false}}, {"step": "Click on Protect Document", "controlLabel": "396", "controlText": "Protect", "function": "click_input", "args": {"button": "left", "double": false}}, {"step": "Choose Restrict Editing from the dropdown menu", "controlLabel": "397", "controlText": "Restrict Editing", "function": "click_input", "args": {"button": "left", "double": false}}, {"step": "Check the option Allow only this type of editing in the document", "controlLabel": "", "controlText": "", "function": "type_keys", "args": {"text": "{SPACE}"}}, {"step": "Select No changes (Read only) from the dropdown menu", "controlLabel": "", "controlText": "", "function": "type_keys", "args": {"text": "{DOWN}{ENTER}"}}, {"step": "Click Yes, Start Enforcing Protection", "controlLabel": "", "controlText": "", "function": "type_keys", "args": {"text": "{ENTER}"}}, {"step": "Enter a password if desired, then click OK", "controlLabel": "", "controlText": "", "function": "type_keys", "args": {"text": "password{ENTER}"}}, {"step": "Re-enter the password for confirmation and click OK again", "controlLabel": "", "controlText": "", "function": "type_keys", "args": {"text": "password{ENTER}"}}], "action_prefill_file_path": "D:\\agents\\AgentLearner\\cache\\action_prefill\\69515.docx"}