{"Problem": "How to add tags in Word documents", "Solution Steps": ["Open the Word document you want to add tags to.", "Click the **File** tab to open the Backstage view.", "In the Backstage view, click **Info**.", "On the right side, you will see the **Properties** section. Click **Show All Properties** if necessary.", "In the **Tags** field, type the tags you want to add, separated by semicolons.", "Click anywhere outside the field to save the tags."], "new_problem": "Add tags to the Word document by navigating to the Backstage view, accessing the Info section, and adding tags in the Properties section.", "action_plans": [{"step": "Open the File tab to access the Backstage view", "controlLabel": "10", "controlText": "New Blank Document", "function": "click_input", "args": {"button": "left", "double": false}}, {"step": "Click the Info tab in the Backstage view", "controlLabel": "144", "controlText": "Open", "function": "click_input", "args": {"button": "left", "double": false}}, {"step": "Show all properties if necessary", "controlLabel": "146", "controlText": "12", "function": "click_input", "args": {"button": "left", "double": false}}, {"step": "Add tags in the Tags field", "controlLabel": "146", "controlText": "12", "function": "set_edit_text", "args": {"text": "example tag; another tag"}}, {"step": "Click outside the field to save the tags", "controlLabel": "147", "controlText": "Open", "function": "click_input", "args": {"button": "left", "double": false}}], "action_prefill_file_path": "D:\\agents\\AgentLearner\\cache\\action_prefill\\69524.docx"}