{"Problem": "Cara membuat tulisan melengkung di Word", "Solution Steps": ["Pilih teks yang ingin Anda buat melengkung.", "Klik tab **Insert**.", "Di grup **Text**, klik **WordArt**.", "Pilih gaya WordArt yang Anda inginkan.", "Klik tab **Format** yang muncul setelah Anda memasukkan WordArt.", "Di grup **WordArt Styles**, klik **Text Effects**.", "Arahkan ke **Transform** dan pilih gaya melengkung yang Anda inginkan."], "new_problem": "Create curved text in Word by selecting 'text to edit', inserting WordArt, and applying a curved text effect.", "action_plans": ["{\"step\":\"select the target text 'text to edit'\",\"controlLabel\": \"\",\"controlText\": \"\",\"function\": \"select_text\",\"args\": {\"text\": \"text to edit\"}}", "{\"step\":\"navigate to the Insert tab\",\"controlLabel\": \"25\",\"controlText\": \"Insert\",\"function\": \"click_input\",\"args\": {\"button\": \"left\",\"double\": false}}", "{\"step\":\"click on WordArt\",\"controlLabel\": \"264\",\"controlText\": \"WordArt\",\"function\": \"click_input\",\"args\": {\"button\": \"left\",\"double\": false}}", "{\"step\":\"select a WordArt style\",\"controlLabel\": \"\",\"controlText\": \"WordArt Style\",\"function\": \"click_input\",\"args\": {\"button\": \"left\",\"double\": false}}", "{\"step\":\"navigate to the Format tab\",\"controlLabel\": \"\",\"controlText\": \"Format\",\"function\": \"click_input\",\"args\": {\"button\": \"left\",\"double\": false}}", "{\"step\":\"click on Text Effects\",\"controlLabel\": \"\",\"controlText\": \"Text Effects\",\"function\": \"click_input\",\"args\": {\"button\": \"left\",\"double\": false}}", "{\"step\":\"select Transform and choose a curved style\",\"controlLabel\": \"\",\"controlText\": \"Transform\",\"function\": \"click_input\",\"args\": {\"button\": \"left\",\"double\": false}}"], "action_prefill_file_path": "D:\\agents\\AgentLearner\\cache\\action_prefill\\69523.docx"}