{"Problem": "How to merge columns in Word", "Solution Steps": ["Highlight the columns or cells in the table that you want to merge.", "Right-click on the highlighted cells and select **Merge Cells** from the context menu.", "Alternatively, you can go to the **Layout** tab under **Table Tools**, then click on **Merge Cells** in the **Merge** group."], "new_problem": "Merge columns in the table in the Word document.", "action_plans": [{"step": "select the table to work with", "controlLabel": "", "controlText": "", "function": "select_table", "args": {"number": 1}}, {"step": "highlight the columns or cells to merge", "controlLabel": "", "controlText": "", "function": "select_text", "args": {"text": "Abadi"}}, {"step": "switch to the Layout tab", "controlLabel": "28", "controlText": "Layout", "function": "click_input", "args": {"button": "left", "double": false}}, {"step": "click the Merge Cells button", "controlLabel": "", "controlText": "Merge Cells", "function": "click_input", "args": {"button": "left", "double": false}}], "action_prefill_file_path": "D:\\agents\\AgentLearner\\cache\\action_prefill\\69538.docx"}