{"Problem": "Convert CorelDRAW file to Word", "Solution Steps": ["Open the CorelDRAW file in CorelDRAW.", "Go to the **File** menu and select **Export**.", "In the Export dialog box, choose **PDF** as the file type and click **Export**.", "Open Microsoft Word.", "Go to the **File** tab and select **Open**.", "Browse to the location of the exported PDF file and select it.", "Click **Open** to import the PDF into Word.", "Word will convert the PDF into an editable Word document."], "new_problem": "Convert a CorelDRAW file to a Word document by exporting it to PDF and then importing the PDF into Word.", "action_plans": [{"step": "Open the File tab", "controlLabel": "22", "controlText": "File Tab", "function": "click_input", "args": {"button": "left", "double": false}}, {"step": "Click the Open button", "controlLabel": "144", "controlText": "Open", "function": "click_input", "args": {"button": "left", "double": false}}, {"step": "Browse to the location of the exported PDF file and select it", "controlLabel": "", "controlText": "", "function": "type_keys", "args": {"text": "C:\\path\\to\\exported\\file.pdf{ENTER}"}}, {"step": "Click Open to import the PDF into Word", "controlLabel": "144", "controlText": "Open", "function": "click_input", "args": {"button": "left", "double": false}}], "action_prefill_file_path": "D:\\agents\\AgentLearner\\cache\\action_prefill\\69537.docx"}