{"Problem": "How to underline a heading in Microsoft Word.", "Solution Steps": ["Select the heading text that you want to underline.", "On the **Home** tab, in the **Font** group, click the **Underline** button (represented by a 'U' with an underline).", "If you want to choose a different underline style, click the arrow next to the **Underline** button and select the desired style from the dropdown menu."], "new_problem": "Underline the heading 'text to edit' in Microsoft Word.", "action_plans": [{"step": "Select the heading text 'text to edit'", "controlLabel": "", "controlText": "", "function": "select_text", "args": {"text": "text to edit"}}, {"step": "Switch to the 'Home' tab", "controlLabel": "24", "controlText": "Home", "function": "click_input", "args": {"button": "left", "double": false}}, {"step": "Click the 'Underline' button", "controlLabel": "157", "controlText": "Underline", "function": "click_input", "args": {"button": "left", "double": false}}], "action_prefill_file_path": "D:\\agents\\AgentLearner\\cache\\action_prefill\\6955.docx"}