{"Problem": "How to prevent Word from shutting down unexpectedly", "Solution Steps": ["Ensure that your Microsoft Word and Windows are updated to the latest version.", "Open Word, click on **File**, then **Options**.", "In the Word Options dialog box, select **Save**.", "Check the box that says **Save AutoRecover information every** and set a time interval that suits you.", "Also, check the **Keep the last autosaved version if I close without saving** option.", "Click **OK** to apply the changes.", "Regularly save your document by pressing **Ctrl + S**.", "Consider disabling add-ins by going to **File**, **Options**, **Add-Ins**, select **COM Add-ins**, and click **Go**. Uncheck any unnecessary add-ins and click **OK**.", "If the issue persists, consider repairing your Office installation via **Control Panel** > **Programs** > **Programs and Features**, right-click on Microsoft Office, and select **Change** > **Repair**."], "new_problem": "Prevent Word from shutting down unexpectedly by updating Word, configuring AutoRecover settings, regularly saving the document, disabling unnecessary add-ins, and repairing the Office installation.", "action_plans": [{"step": "Open the File menu", "controlLabel": "", "controlText": "File", "function": "click_input", "args": {"button": "left", "double": false}}, {"step": "Open Options", "controlLabel": "", "controlText": "Options", "function": "click_input", "args": {"button": "left", "double": false}}, {"step": "Select Save in the Word Options dialog box", "controlLabel": "", "controlText": "Save", "function": "click_input", "args": {"button": "left", "double": false}}, {"step": "Check the Save AutoRecover information every box and set a time interval", "controlLabel": "", "controlText": "Save AutoRecover information every", "function": "set_edit_text", "args": {"text": "10"}}, {"step": "Check the Keep the last autosaved version if I close without saving option", "controlLabel": "", "controlText": "Keep the last autosaved version if I close without saving", "function": "click_input", "args": {"button": "left", "double": false}}, {"step": "Click OK to apply the changes", "controlLabel": "", "controlText": "OK", "function": "click_input", "args": {"button": "left", "double": false}}, {"step": "Regularly save the document by pressing Ctrl + S", "controlLabel": "", "controlText": "", "function": "type_keys", "args": {"text": "^s"}}, {"step": "Open the File menu again", "controlLabel": "", "controlText": "File", "function": "click_input", "args": {"button": "left", "double": false}}, {"step": "Open Options again", "controlLabel": "", "controlText": "Options", "function": "click_input", "args": {"button": "left", "double": false}}, {"step": "Select Add-Ins in the Word Options dialog box", "controlLabel": "", "controlText": "Add-Ins", "function": "click_input", "args": {"button": "left", "double": false}}, {"step": "Select COM Add-ins and click Go", "controlLabel": "", "controlText": "COM Add-ins", "function": "click_input", "args": {"button": "left", "double": false}}, {"step": "Uncheck any unnecessary add-ins and click OK", "controlLabel": "", "controlText": "OK", "function": "click_input", "args": {"button": "left", "double": false}}, {"step": "Repair Office installation via Control Panel", "controlLabel": "", "controlText": "", "function": "", "args": {}}], "action_prefill_file_path": "D:\\agents\\AgentLearner\\cache\\action_prefill\\69570.docx"}