{"Problem": "How can I dictate text verbally to Word?", "Solution Steps": ["Ensure your microphone is connected and properly set up on your computer.", "Open Microsoft Word and create a new document or open an existing one.", "Go to the **Home** tab.", "In the **Voice** group, click on **Dictate**. Wait for the microphone icon to turn on and start listening.", "Start speaking clearly and at a moderate pace. Word will transcribe your speech into text in real-time.", "When finished, click the **Dictate** button again to turn off dictation."], "new_problem": "Guide the user on how to dictate text verbally to Word by ensuring the microphone is set up, opening Word, navigating to the 'Home' tab, and clicking the 'Dictate' button.", "action_plans": [{"step": "Ensure the microphone is connected and properly set up on your computer.", "controlLabel": "", "controlText": "", "function": "", "args": {}}, {"step": "Open Microsoft Word and create a new document or open an existing one.", "controlLabel": "", "controlText": "", "function": "", "args": {}}, {"step": "Go to the Home tab.", "controlLabel": "11", "controlText": "Home", "function": "click_input", "args": {"button": "left", "double": false}}, {"step": "In the Voice group, click on Dictate.", "controlLabel": "221", "controlText": "Dictate", "function": "click_input", "args": {"button": "left", "double": false}}, {"step": "Start speaking clearly and at a moderate pace. Word will transcribe your speech into text in real-time.", "controlLabel": "", "controlText": "", "function": "", "args": {}}, {"step": "When finished, click the Dictate button again to turn off dictation.", "controlLabel": "221", "controlText": "Dictate", "function": "click_input", "args": {"button": "left", "double": false}}], "action_prefill_file_path": "D:\\agents\\AgentLearner\\cache\\action_prefill\\6958.docx"}