{"Problem": "How to recover a lost Word document.", "Solution Steps": ["Open Microsoft Word.", "Click on the **File** tab in the upper left corner.", "Select **Open**.", "Click on **Recent Documents**.", "Scroll to the bottom and click on **Recover Unsaved Documents**.", "Look for your lost document in the dialog box that opens.", "Select the document and click **Open**.", "Save the document immediately by clicking on the **Save As** button in the toolbar."], "new_problem": "Recover a lost Word document by navigating through the Word interface to find and recover unsaved documents.", "action_plans": [{"step": "Open Microsoft Word", "controlLabel": "", "controlText": "", "function": "", "args": {}}, {"step": "Click on the File tab in the upper left corner", "controlLabel": "108", "controlText": "System", "function": "click_input", "args": {"button": "left", "double": false}}, {"step": "Select Open", "controlLabel": "109", "controlText": "System", "function": "click_input", "args": {"button": "left", "double": false}}, {"step": "Click on Recent Documents", "controlLabel": "109", "controlText": "System", "function": "click_input", "args": {"button": "left", "double": false}}, {"step": "Scroll to the bottom and click on Recover Unsaved Documents", "controlLabel": "109", "controlText": "System", "function": "click_input", "args": {"button": "left", "double": false}}, {"step": "Look for your lost document in the dialog box that opens", "controlLabel": "", "controlText": "", "function": "", "args": {}}, {"step": "Select the document and click Open", "controlLabel": "", "controlText": "", "function": "", "args": {}}, {"step": "Save the document immediately by clicking on the Save As button in the toolbar", "controlLabel": "", "controlText": "", "function": "", "args": {}}], "action_prefill_file_path": "D:\\agents\\AgentLearner\\cache\\action_prefill\\69591.docx"}