{"Problem": "How to insert a line separator in Word", "Solution Steps": ["Place the cursor where you want to insert the line separator.", "Go to the **Home** tab.", "In the **Paragraph** group, click the **Borders** drop-down arrow.", "Select **Horizontal Line** from the list."], "new_problem": "Insert a horizontal line separator in the Word document.", "action_plans": [{"step": "Place the cursor where you want to insert the line separator", "controlLabel": "", "controlText": "", "function": "click_input", "args": {"control_id": "", "control_name": "Document", "button": "left", "double": false}}, {"step": "Go to the Home tab", "controlLabel": "11", "controlText": "Home", "function": "click_input", "args": {"button": "left", "double": false}}, {"step": "Click the Borders drop-down arrow", "controlLabel": "195", "controlText": "Borders", "function": "click_input", "args": {"button": "left", "double": false}}, {"step": "Select Horizontal Line from the list", "controlLabel": "", "controlText": "Horizontal Line", "function": "click_input", "args": {"button": "left", "double": false}}], "action_prefill_file_path": "D:\\agents\\AgentLearner\\cache\\action_prefill\\69593.docx"}