{"Problem": "How to create a cover letter for a specific job position using Microsoft Word templates", "Solution Steps": ["Open Microsoft Word.", "Click on **File** in the top left corner.", "Select **New** from the menu.", "In the search bar at the top of the New Document window, type 'Cover Letter' and press **Enter**.", "Browse through the templates and select one that suits the job position you are applying for by clicking on it.", "Click **Create** to open the template in a new document.", "Customize the template with your personal information, the recipient's details, and specific details about the job position you are applying for.", "Once you have finished customizing, save your document by clicking **File**, then **Save As**, and choose your desired location and file format."], "new_problem": "Create a cover letter for a specific job position using Microsoft Word templates.", "action_plans": [{"step": "Open Microsoft Word", "controlLabel": "", "controlText": "", "function": "", "args": {}}, {"step": "Click on File in the top left corner", "controlLabel": "22", "controlText": "File Tab", "function": "click_input", "args": {"button": "left", "double": false}}, {"step": "Select New from the menu", "controlLabel": "22", "controlText": "File Tab", "function": "click_input", "args": {"button": "left", "double": false}}, {"step": "In the search bar at the top of the New Document window, type 'Cover Letter' and press Enter", "controlLabel": "14", "controlText": "Search", "function": "set_edit_text", "args": {"text": "Cover Letter"}}, {"step": "Browse through the templates and select one that suits the job position you are applying for by clicking on it", "controlLabel": "10", "controlText": "New Blank Document", "function": "click_input", "args": {"button": "left", "double": false}}, {"step": "Click Create to open the template in a new document", "controlLabel": "10", "controlText": "New Blank Document", "function": "click_input", "args": {"button": "left", "double": false}}, {"step": "Customize the template with your personal information, the recipient's details, and specific details about the job position you are applying for", "controlLabel": "", "controlText": "", "function": "set_edit_text", "args": {"text": "Your Name\nYour Address\nCity, State, ZIP Code\nPhone Number\nEmail Address\nDate\n\nEmployer's Name\nCompany\nAddress\nCity, State, ZIP Code\n\nDear [Employer's Name],\n\nI am writing to express my interest in the [Job Position] at [Company]."}}, {"step": "Once you have finished customizing, save your document by clicking File, then Save As, and choose your desired location and file format", "controlLabel": "22", "controlText": "File Tab", "function": "click_input", "args": {"button": "left", "double": false}}], "action_prefill_file_path": "D:\\agents\\AgentLearner\\cache\\action_prefill\\69598.docx"}