{"Problem": "How to create a meeting minutes template in Word?", "Solution Steps": ["Open Microsoft Word.", "Click on **File** in the top left corner, then select **New**.", "In the search bar, type 'meeting minutes' and press **Enter**.", "Choose a template that suits your needs from the list of templates displayed.", "Click on the template, then click **Create** to open a new document based on the selected template.", "Customize the template by adding the date, meeting objectives, attendees, agenda, and other relevant information.", "To save the template for future use, click **File**, select **Save As**, choose where you want to save it, enter a file name, and select **Word Template (*.dotx)** in the **Save as type** dropdown menu.", "Click **Save**."], "new_problem": "Create a meeting minutes template in Word by opening a new document, searching for a meeting minutes template, selecting and customizing it, and saving it as a template.", "action_plans": [{"step": "Open the File menu", "controlLabel": "9", "controlText": "File", "function": "click_input", "args": {"button": "left", "double": false}}, {"step": "Select New from the File menu", "controlLabel": "144", "controlText": "Open", "function": "click_input", "args": {"button": "left", "double": false}}, {"step": "Search for 'meeting minutes' template", "controlLabel": "146", "controlText": "12", "function": "set_edit_text", "args": {"control_id": "146", "text": "meeting minutes"}}, {"step": "Press Enter to search", "controlLabel": "146", "controlText": "12", "function": "type_keys", "args": {"control_id": "146", "text": "{ENTER}"}}, {"step": "Select a meeting minutes template from the list", "controlLabel": "147", "controlText": "Open", "function": "click_input", "args": {"button": "left", "double": false}}, {"step": "Create a new document based on the selected template", "controlLabel": "147", "controlText": "Open", "function": "click_input", "args": {"button": "left", "double": false}}, {"step": "Customize the template by adding relevant information", "controlLabel": "", "controlText": "", "function": "set_edit_text", "args": {"control_id": "147", "text": "Date: \nMeeting Objectives: \nAttendees: \nAgenda: \n"}}, {"step": "Save the customized template", "controlLabel": "9", "controlText": "Save", "function": "click_input", "args": {"button": "left", "double": false}}, {"step": "Choose Save As and select Word Template (*.dotx)", "controlLabel": "144", "controlText": "Open", "function": "click_input", "args": {"button": "left", "double": false}}, {"step": "Enter a file name and save the template", "controlLabel": "146", "controlText": "12", "function": "set_edit_text", "args": {"control_id": "146", "text": "Meeting Minutes Template"}}, {"step": "Confirm save", "controlLabel": "147", "controlText": "Open", "function": "click_input", "args": {"button": "left", "double": false}}], "action_prefill_file_path": "D:\\agents\\AgentLearner\\cache\\action_prefill\\69600.docx"}