{"Problem": "How to use Word AI", "Solution Steps": ["Open Microsoft Word on your Windows desktop.", "Click on the **Home** tab or the **Review** tab, depending on your version of Word.", "Look for a feature called **Editor** or **Ideas**, which represents the AI functionality in Word.", "Click on **Editor** or **Ideas** to activate the AI features.", "Follow the prompts or use the features provided by the AI to enhance your document. This may include grammar suggestions, writing style improvements, or document design ideas."], "new_problem": "Guide the user on how to use Word AI by activating the 'Editor' feature in Microsoft Word.", "action_plans": [{"step": "Open Microsoft Word on your Windows desktop.", "controlLabel": "", "controlText": "", "function": "", "args": {}}, {"step": "Click on the 'Home' tab to access the AI features.", "controlLabel": "11", "controlText": "Home", "function": "click_input", "args": {"button": "left", "double": false}}, {"step": "Click on the 'Editor' button to activate the AI features.", "controlLabel": "228", "controlText": "Editor", "function": "click_input", "args": {"button": "left", "double": false}}, {"step": "Follow the prompts or use the features provided by the AI to enhance your document.", "controlLabel": "", "controlText": "", "function": "", "args": {}}], "action_prefill_file_path": "D:\\agents\\AgentLearner\\cache\\action_prefill\\69603.docx"}