{"Problem": "How to save a Word document as a PDF without using additional software.", "Solution Steps": ["Open the Word document that you want to save as a PDF.", "Click the **File** tab in the upper-left corner.", "Select **Save As** from the menu.", "Choose the location where you want to save the file.", "In the **Save as type** dropdown menu, select **PDF**.", "Click **Save**."], "new_problem": "Save the current Word document as a PDF.", "action_plans": [{"step": "Click the File tab", "controlLabel": "9", "controlText": "Save", "function": "click_input", "args": {"button": "left", "double": false}}, {"step": "Select Save As from the menu", "controlLabel": "158", "controlText": "More Options", "function": "click_input", "args": {"button": "left", "double": false}}, {"step": "Choose the location to save the file", "controlLabel": "165", "controlText": "More Options", "function": "click_input", "args": {"button": "left", "double": false}}, {"step": "Select PDF from the Save as type dropdown", "controlLabel": "168", "controlText": "More Options", "function": "click_input", "args": {"button": "left", "double": false}}, {"step": "Click Save", "controlLabel": "252", "controlText": "More Options", "function": "click_input", "args": {"button": "left", "double": false}}], "action_prefill_file_path": "D:\\agents\\AgentLearner\\cache\\action_prefill\\69612.docx"}