{"Problem": "How to abbreviate the word \"athletic\" in Word?", "Solution Steps": ["Select the word \"athletic\" in your document.", "Right-click the selected word and choose **Synonyms** from the context menu.", "If a suitable abbreviation is listed, click on it to replace the word. If not, manually type the abbreviation \"athl.\" after deleting the original word."], "new_problem": "Abbreviate the word 'athletic' in the document.", "action_plans": [{"step": "select the word 'athletic'", "controlLabel": "", "controlText": "", "function": "select_text", "args": {"text": "athletic"}}, {"step": "delete the selected word", "controlLabel": "85", "controlText": "Word Count 0 words", "function": "type_keys", "args": {"text": "{DELETE}"}}, {"step": "type the abbreviation 'athl.'", "controlLabel": "85", "controlText": "Word Count 0 words", "function": "type_keys", "args": {"text": "athl."}}], "action_prefill_file_path": "D:\\agents\\AgentLearner\\cache\\action_prefill\\69611.docx"}