{"Problem": "How to convert speech to text in Word", "Solution Steps": ["Open Microsoft Word.", "Click on the **Home** tab.", "In the **Voice** group, click on **Dictate**.", "If prompted, allow Word to access your microphone.", "Start speaking clearly into your microphone. Word will convert your speech to text in real-time.", "Click **Dictate** again to stop the speech-to-text conversion."], "new_problem": "Convert speech to text in Word by using the Dictate feature.", "action_plans": [{"step": "Click on the Home tab", "controlLabel": "11", "controlText": "Home", "function": "click_input", "args": {"button": "left", "double": false}}, {"step": "Click on the Dictate button", "controlLabel": "221", "controlText": "Dictate", "function": "click_input", "args": {"button": "left", "double": false}}, {"step": "Allow Word to access the microphone if prompted", "controlLabel": "", "controlText": "", "function": "", "args": {}}, {"step": "Start speaking clearly into the microphone", "controlLabel": "", "controlText": "", "function": "", "args": {}}, {"step": "Click Dictate again to stop the speech-to-text conversion", "controlLabel": "221", "controlText": "Dictate", "function": "click_input", "args": {"button": "left", "double": false}}], "action_prefill_file_path": "D:\\agents\\AgentLearner\\cache\\action_prefill\\69647.docx"}