{"Problem": "How to add a background to text in Microsoft Word", "Solution Steps": ["Select the text you want to add a background color to.", "Go to the **Home** tab, in the **Paragraph** group, click the arrow next to **Shading**.", "Choose a color under **Theme Colors**, **Standard Colors**, or click **More Colors** to find the exact color you want."], "new_problem": "Add a background color to the text in the Word document.", "action_plans": [{"step": "select the target text", "controlLabel": "", "controlText": "", "function": "select_text", "args": {"text": "[Grab your reader\u2019s attention with a great quote from the document or use this space to emphasize a key point. To place this text box anywhere on the page, just drag it.]"}}, {"step": "switch to the Home tab", "controlLabel": "24", "controlText": "Home", "function": "click_input", "args": {"button": "left", "double": false}}, {"step": "click the Shading button", "controlLabel": "191", "controlText": "Shading", "function": "click_input", "args": {"button": "left", "double": false}}, {"step": "choose a background color", "controlLabel": "", "controlText": "Theme Colors", "function": "click_input", "args": {"button": "left", "double": false}}], "action_prefill_file_path": "D:\\agents\\AgentLearner\\cache\\action_prefill\\69643.docx"}