{"Problem": "How to add a logo to the top of all pages in Word", "Solution Steps": ["Open your document in Word.", "Double-click in the header area of the document to activate the header/footer section.", "On the **Insert** tab, click **Pictures**.", "Navigate to the logo file you want to insert, select it, and click **Insert**.", "Adjust the size and position of the logo as needed.", "If you want the logo to appear on all pages, ensure that the header/footer design is set to **Different First Page** is not checked unless you want a different header for the first page.", "Click anywhere outside the header/footer area to exit."], "new_problem": "Add a logo to the top of all pages in the Word document.", "action_plans": [{"step": "Activate the header/footer section", "controlLabel": "", "controlText": "", "function": "type_keys", "args": {"text": "{VK_CONTROL down}{VK_SHIFT down}{VK_OEM_5 down}{VK_OEM_5 up}{VK_SHIFT up}{VK_CONTROL up}", "newline": false}}, {"step": "Switch to the Insert tab", "controlLabel": "25", "controlText": "Insert", "function": "click_input", "args": {"button": "left", "double": false}}, {"step": "Click the Pictures button", "controlLabel": "", "controlText": "Pictures", "function": "click_input", "args": {"button": "left", "double": false}}, {"step": "Insert the logo file", "controlLabel": "", "controlText": "", "function": "type_keys", "args": {"text": "C:\\path\\to\\logo.png{ENTER}", "newline": false}}, {"step": "Adjust the size and position of the logo", "controlLabel": "", "controlText": "", "function": "type_keys", "args": {"text": "{VK_CONTROL down}{VK_SHIFT down}{VK_OEM_PLUS down}{VK_OEM_PLUS up}{VK_SHIFT up}{VK_CONTROL up}", "newline": false}}, {"step": "Ensure the logo appears on all pages", "controlLabel": "", "controlText": "", "function": "type_keys", "args": {"text": "{VK_CONTROL down}{VK_SHIFT down}{VK_OEM_5 down}{VK_OEM_5 up}{VK_SHIFT up}{VK_CONTROL up}", "newline": false}}, {"step": "Exit the header/footer section", "controlLabel": "", "controlText": "", "function": "type_keys", "args": {"text": "{VK_ESCAPE}", "newline": false}}], "action_prefill_file_path": "D:\\agents\\AgentLearner\\cache\\action_prefill\\69651.docx"}