{"Problem": "How to copy an Excel table into a Word document without losing formatting", "Solution Steps": ["Open the Excel workbook and select the range of cells or the table you want to copy.", "Right-click on the selected area and choose **Copy** from the context menu, or press **Ctrl+C** on your keyboard.", "Open the Word document where you want to paste the Excel table.", "Place your cursor at the point in the document where you want the table to be inserted.", "On the **Home** tab, in the **Clipboard** group, click the arrow under **Paste**.", "Select **Keep Source Formatting** to paste the table with the original formatting."], "new_problem": "Copy an Excel table into a Word document without losing formatting.", "action_plans": [{"step": "select the table in Excel", "controlLabel": "", "controlText": "", "function": "select_text", "args": {"text": "Excel Table"}}, {"step": "copy the selected table", "controlLabel": "", "controlText": "", "function": "type_keys", "args": {"text": "{CTRL down}c{CTRL up}"}}, {"step": "open the Word document", "controlLabel": "", "controlText": "", "function": "click_input", "args": {"control_id": "101", "button": "left", "double": false}}, {"step": "place the cursor at the insertion point", "controlLabel": "", "controlText": "", "function": "click_input", "args": {"control_id": "101", "button": "left", "double": false}}, {"step": "open the Home tab", "controlLabel": "24", "controlText": "Home", "function": "click_input", "args": {"button": "left", "double": false}}, {"step": "click the arrow under Paste", "controlLabel": "", "controlText": "Paste", "function": "click_input", "args": {"button": "left", "double": false}}, {"step": "select Keep Source Formatting", "controlLabel": "", "controlText": "Keep Source Formatting", "function": "click_input", "args": {"button": "left", "double": false}}], "action_prefill_file_path": "D:\\agents\\AgentLearner\\cache\\action_prefill\\69685.docx"}