{"Problem": "How to download and use free CV format in Word", "Solution Steps": ["Open Microsoft Word.", "Click on **File** in the top left corner.", "Select **New** from the menu.", "In the search bar, type **CV** or **Resume** and press **Enter**.", "Browse through the available templates and select the one you like.", "Click on the **Create** button to download and open the template.", "Fill in your personal information and customize the template as needed."], "new_problem": "Guide on how to download and use a free CV format in Word.", "action_plans": [{"step": "Open the File menu", "controlLabel": "16", "controlText": "Junting Lu (FESCO Adecco Human Resources)", "function": "click_input", "args": {"button": "left", "double": false}}, {"step": "Select New from the menu", "controlLabel": "207", "controlText": "Title", "function": "click_input", "args": {"button": "left", "double": false}}, {"step": "Click on the Search bar", "controlLabel": "14", "controlText": "Search", "function": "click_input", "args": {"button": "left", "double": false}}, {"step": "Type 'CV' or 'Resume' in the search bar", "controlLabel": "14", "controlText": "Search", "function": "set_edit_text", "args": {"text": "CV"}}, {"step": "Press Enter to search for templates", "controlLabel": "14", "controlText": "Search", "function": "type_keys", "args": {"text": "{ENTER}"}}, {"step": "Browse through the available templates and select one", "controlLabel": "207", "controlText": "Title", "function": "click_input", "args": {"button": "left", "double": false}}, {"step": "Click on the Create button to download and open the template", "controlLabel": "379", "controlText": "Open", "function": "click_input", "args": {"button": "left", "double": false}}, {"step": "Fill in your personal information and customize the template as needed", "controlLabel": "", "controlText": "", "function": "", "args": {}}], "action_prefill_file_path": "D:\\agents\\AgentLearner\\cache\\action_prefill\\69688.docx"}