{"Problem": "How to download a free thank you card template for Word suitable for graduation.", "Solution Steps": ["Open Microsoft Word.", "Click on **File** in the top left corner.", "Select **New** from the menu.", "In the **Search for online templates** box, type 'thank you card graduation' and press Enter.", "Browse through the available templates and select one that you like.", "Click **Create** to download and open the template."], "new_problem": "Download a free thank you card template for Word suitable for graduation.", "action_plans": [{"step": "Open the File tab", "controlLabel": "22", "controlText": "File Tab", "function": "click_input", "args": {"button": "left", "double": false}}, {"step": "Select New from the menu", "controlLabel": "", "controlText": "New Blank Document", "function": "click_input", "args": {"button": "left", "double": false}}, {"step": "Search for 'thank you card graduation' templates", "controlLabel": "14", "controlText": "Search", "function": "set_edit_text", "args": {"text": "thank you card graduation"}}, {"step": "Press Enter to search", "controlLabel": "14", "controlText": "Search", "function": "type_keys", "args": {"text": "{ENTER}"}}, {"step": "Browse and select a template", "controlLabel": "", "controlText": "", "function": "click_input", "args": {"button": "left", "double": false}}, {"step": "Click Create to download and open the template", "controlLabel": "", "controlText": "", "function": "click_input", "args": {"button": "left", "double": false}}], "action_prefill_file_path": "D:\\agents\\AgentLearner\\cache\\action_prefill\\69689.docx"}