{"Problem": "How to create a resume using Microsoft Word", "Solution Steps": ["Open Microsoft Word.", "Click on **File** in the top left corner.", "Select **New** from the dropdown menu.", "In the search bar, type 'Resume' and press Enter.", "Browse through the available resume templates and select the one you like.", "Click **Create** to open the selected template.", "Replace the placeholder text with your own information, such as your name, contact details, work experience, education, and skills.", "Save your resume by clicking **File** and then **Save As**. Choose the location and file format you prefer."], "new_problem": "Create a resume using Microsoft Word by opening a new document, selecting a resume template, filling in your information, and saving the document.", "action_plans": [{"step": "Open the File tab", "controlLabel": "22", "controlText": "File Tab", "function": "click_input", "args": {"button": "left", "double": false}}, {"step": "Select New from the dropdown menu", "controlLabel": "10", "controlText": "New Blank Document", "function": "click_input", "args": {"button": "left", "double": false}}, {"step": "Search for resume templates", "controlLabel": "14", "controlText": "Search", "function": "set_edit_text", "args": {"control_id": "", "text": "Resume", "newline": true}}, {"step": "Select a resume template", "controlLabel": "47", "controlText": "Document", "function": "click_input", "args": {"button": "left", "double": false}}, {"step": "Create the selected template", "controlLabel": "10", "controlText": "New Blank Document", "function": "click_input", "args": {"button": "left", "double": false}}, {"step": "Replace placeholder text with your information", "controlLabel": "", "controlText": "", "function": "set_edit_text", "args": {"control_id": "", "text": "Your Name\nYour Contact Details\nYour Work Experience\nYour Education\nYour Skills", "newline": true}}, {"step": "Save the document", "controlLabel": "9", "controlText": "Save", "function": "click_input", "args": {"button": "left", "double": false}}], "action_prefill_file_path": "D:\\agents\\AgentLearner\\cache\\action_prefill\\69693.docx"}