{"Problem": "How to access version history in Word documents?", "Solution Steps": ["Open the Word document for which you want to view the version history.", "Click on the **File** tab to go to the backstage view.", "Select **Info** from the sidebar.", "Under the **Manage Document** section, click on **Version History**.", "In the Version History pane, click on the version you want to view."], "new_problem": "Access the version history in the Word document by navigating through the 'File' tab, selecting 'Info', and clicking on 'Version History'.", "action_plans": [{"step": "Click on the 'File' tab to go to the backstage view", "controlLabel": "25", "controlText": "File", "function": "click_input", "args": {"button": "left", "double": false}}, {"step": "Select 'Info' from the sidebar", "controlLabel": "29", "controlText": "Info", "function": "click_input", "args": {"button": "left", "double": false}}, {"step": "Click on 'Version History' under the 'Manage Document' section", "controlLabel": "37", "controlText": "Version History", "function": "click_input", "args": {"button": "left", "double": false}}], "action_prefill_file_path": "D:\\agents\\AgentLearner\\cache\\action_prefill\\69696.docx"}