{"Problem": "How to create a bank withdrawal slip in Word?", "Solution Steps": ["Open Microsoft Word.", "Click on **File** and select **New**.", "In the search bar, type 'bank withdrawal slip' and press Enter.", "Browse through the available templates and select one that suits your needs.", "Click **Create** to open the template.", "Fill in the necessary details in the template such as account number, amount, date, and signature.", "Save the document by clicking on **File** and selecting **Save As**.", "Choose the location where you want to save the file, enter a file name, and click **Save**."], "new_problem": "Create a bank withdrawal slip in Word by opening a new document, searching for a template, selecting and creating it, filling in the details, and saving the document.", "action_plans": [{"step": "Open a new document", "controlLabel": "20", "controlText": "Restore Down", "function": "click_input", "args": {"button": "left", "double": false}}, {"step": "Click on File", "controlLabel": "17", "controlText": "My Benefits", "function": "click_input", "args": {"button": "left", "double": false}}, {"step": "Select New", "controlLabel": "144", "controlText": "Open", "function": "click_input", "args": {"button": "left", "double": false}}, {"step": "Search for 'bank withdrawal slip' template", "controlLabel": "36", "controlText": "Mode", "function": "set_edit_text", "args": {"control_id": "36", "text": "bank withdrawal slip"}}, {"step": "Press Enter to search", "controlLabel": "36", "controlText": "Mode", "function": "type_keys", "args": {"control_id": "36", "text": "{ENTER}"}}, {"step": "Select a suitable template", "controlLabel": "147", "controlText": "Open", "function": "click_input", "args": {"button": "left", "double": false}}, {"step": "Click Create to open the template", "controlLabel": "9", "controlText": "Save", "function": "click_input", "args": {"button": "left", "double": false}}, {"step": "Fill in the necessary details", "controlLabel": "36", "controlText": "Mode", "function": "set_edit_text", "args": {"control_id": "36", "text": "Account Number: 123456789\nAmount: $1000\nDate: 01/01/2023\nSignature: John Doe"}}, {"step": "Save the document", "controlLabel": "9", "controlText": "Save", "function": "click_input", "args": {"button": "left", "double": false}}, {"step": "Choose location and enter file name", "controlLabel": "36", "controlText": "Mode", "function": "set_edit_text", "args": {"control_id": "36", "text": "Bank Withdrawal Slip"}}, {"step": "Click Save", "controlLabel": "9", "controlText": "Save", "function": "click_input", "args": {"button": "left", "double": false}}], "action_prefill_file_path": "D:\\agents\\AgentLearner\\cache\\action_prefill\\69695.docx"}