{"Problem": "How to create a bookmark template in Microsoft Word?", "Solution Steps": ["Open Microsoft Word.", "Create a new document or open an existing document where you want to add the bookmark template.", "Place the cursor where you want to insert the bookmark.", "Go to the **Insert** tab.", "In the **Links** group, click **Bookmark**.", "In the **Bookmark** dialog box, type a name for your bookmark in the **Bookmark name** field.", "Click **Add**.", "Save the document as a template by clicking **File**.", "Select **Save As**.", "Choose the location where you want to save the template.", "In the **Save as type** dropdown, select **Word Template (*.dotx)**.", "Enter a name for your template and click **Save**."], "new_problem": "Create a bookmark template in Microsoft Word.", "action_plans": [{"step": "Open the Insert tab", "controlLabel": "25", "controlText": "Insert", "function": "click_input", "args": {"button": "left", "double": false}}, {"step": "Click the Bookmark button", "controlLabel": "253", "controlText": "Bookmark...", "function": "click_input", "args": {"button": "left", "double": false}}, {"step": "Type a name for the bookmark", "controlLabel": "14", "controlText": "Search", "function": "set_edit_text", "args": {"control_id": "14", "text": "MyBookmark"}}, {"step": "Add the bookmark", "controlLabel": "253", "controlText": "Bookmark...", "function": "click_input", "args": {"button": "left", "double": false}}, {"step": "Open the File tab", "controlLabel": "22", "controlText": "File Tab", "function": "click_input", "args": {"button": "left", "double": false}}, {"step": "Select Save As", "controlLabel": "22", "controlText": "File Tab", "function": "click_input", "args": {"button": "left", "double": false}}, {"step": "Choose the location to save the template", "controlLabel": "22", "controlText": "File Tab", "function": "click_input", "args": {"button": "left", "double": false}}, {"step": "Select Word Template (*.dotx) as the file type", "controlLabel": "22", "controlText": "File Tab", "function": "click_input", "args": {"button": "left", "double": false}}, {"step": "Enter a name for the template and save", "controlLabel": "14", "controlText": "Search", "function": "set_edit_text", "args": {"control_id": "14", "text": "MyTemplate"}}], "action_prefill_file_path": "D:\\agents\\AgentLearner\\cache\\action_prefill\\69700.docx"}