{"Problem": "How to add a black rectangle in Word?", "Solution Steps": ["Open your Word document.", "Go to the **Insert** tab.", "In the **Illustrations** group, click **Shapes**.", "Under **Rectangles**, select the rectangle shape.", "Click and drag on the document to draw the rectangle.", "With the rectangle selected, go to the **Format** tab.", "In the **Shape Styles** group, click **Shape Fill**.", "Select **Black** from the color options."], "new_problem": "Add a black rectangle in the Word document.", "action_plans": [{"step": "Navigate to the Insert tab", "controlLabel": "25", "controlText": "Insert", "function": "click_input", "args": {"button": "left", "double": false}}, {"step": "Open the Shapes menu", "controlLabel": "", "controlText": "Shapes", "function": "click_input", "args": {"button": "left", "double": false}}, {"step": "Select the rectangle shape", "controlLabel": "", "controlText": "Rectangle", "function": "click_input", "args": {"button": "left", "double": false}}, {"step": "Draw the rectangle on the document", "controlLabel": "", "controlText": "", "function": "type_keys", "args": {"text": "{VK_LBUTTON down}{VK_LBUTTON up}"}}, {"step": "Navigate to the Format tab", "controlLabel": "", "controlText": "Format", "function": "click_input", "args": {"button": "left", "double": false}}, {"step": "Open the Shape Fill menu", "controlLabel": "", "controlText": "Shape Fill", "function": "click_input", "args": {"button": "left", "double": false}}, {"step": "Select the black color", "controlLabel": "", "controlText": "Black", "function": "click_input", "args": {"button": "left", "double": false}}], "action_prefill_file_path": "D:\\agents\\AgentLearner\\cache\\action_prefill\\69704.docx"}