{"Problem": "How to write a 100-word essay on festivals in Word?", "Solution Steps": ["Open Microsoft Word on your computer.", "Click on **Blank document** to create a new document.", "Type your essay about festivals, focusing on keeping it within 100 words.", "To check the word count, look at the status bar at the bottom of the Word window. If the word count is not visible, right-click the status bar and click on **Word Count**.", "Edit your essay to adjust the word count as necessary by adding or removing text.", "Once satisfied with the content and word count, proofread your essay for any spelling or grammatical errors by clicking on the **Review** tab and then selecting **Spelling & Grammar**."], "new_problem": "Write a 100-word essay on festivals in Word, check the word count, and proofread for spelling and grammar errors.", "action_plans": [{"step": "Create a new blank document", "controlLabel": "10", "controlText": "New Blank Document", "function": "click_input", "args": {"button": "left", "double": false}}, {"step": "Type the essay about festivals", "controlLabel": "14", "controlText": "Search", "function": "set_edit_text", "args": {"control_id": "14", "text": "Festivals are an integral part of human culture, celebrated with great enthusiasm and joy. They bring people together, fostering a sense of community and shared heritage. From religious festivals like Christmas and Diwali to cultural events like Carnival and Oktoberfest, each festival has its unique traditions and significance. These celebrations often involve music, dance, food, and rituals that reflect the values and beliefs of the society. Festivals also provide an opportunity for people to take a break from their daily routines, relax, and enjoy the festive spirit. In essence, festivals are a celebration of life and its myriad joys."}}, {"step": "Check the word count", "controlLabel": "357", "controlText": "Word Count", "function": "click_input", "args": {"button": "left", "double": false}}, {"step": "Proofread for spelling and grammar errors", "controlLabel": "354", "controlText": "Spelling and Grammar", "function": "click_input", "args": {"button": "left", "double": false}}], "action_prefill_file_path": "D:\\agents\\AgentLearner\\cache\\action_prefill\\6970.docx"}