{"Problem": "How to add a new font in Word 2010", "Solution Steps": ["Download the new font from a trusted website.", "Extract the font files (if in a compressed format, e.g., .zip) to a folder on your computer.", "Open the folder where the extracted font file is located.", "Right-click on the font file and select **Install**.", "Open Microsoft Word 2010.", "Click on the **Home** tab.", "In the **Font** group, click the drop-down arrow next to the font name.", "Scroll through the font list or type the font name in the font list to see if the new font has been added."], "new_problem": "Verify the addition of a new font in Word 2010 after installation.", "action_plans": [{"step": "Open Microsoft Word 2010", "controlLabel": "", "controlText": "", "function": "", "args": {}}, {"step": "Click on the Home tab", "controlLabel": "11", "controlText": "Home", "function": "click_input", "args": {"button": "left", "double": false}}, {"step": "Click the drop-down arrow next to the font name", "controlLabel": "142", "controlText": "Font", "function": "click_input", "args": {"button": "left", "double": false}}, {"step": "Scroll through the font list or type the font name in the font list to see if the new font has been added", "controlLabel": "143", "controlText": "Aptos (Body)", "function": "set_edit_text", "args": {"text": "New Font Name"}}], "action_prefill_file_path": "D:\\agents\\AgentLearner\\cache\\action_prefill\\69710.docx"}