{"Problem": "How to compare two different Word documents.", "Solution Steps": ["Open one of the two documents you want to compare in Word.", "Go to the **Review** tab.", "In the **Compare** group, click on **Compare**.", "Select **Compare** again from the dropdown menu.", "In the **Compare Documents** dialog box, click the **Browse** button next to the **Original document** field to select the document you have open.", "Click the **Browse** button next to the **Revised document** field to select the other document you want to compare.", "Click **OK** to start the comparison.", "Word will display the differences in a new document."], "new_problem": "Compare two different Word documents by using the 'Compare' feature in the 'Review' tab.", "action_plans": [{"step": "Open the 'Review' tab", "controlLabel": "34", "controlText": "Help", "function": "click_input", "args": {"button": "left", "double": false}}, {"step": "Click on the 'Compare' option", "controlLabel": "395", "controlText": "Compare", "function": "click_input", "args": {"button": "left", "double": false}}, {"step": "Select 'Compare' from the dropdown menu", "controlLabel": "395", "controlText": "Compare", "function": "click_input", "args": {"button": "left", "double": false}}, {"step": "Browse and select the original document", "controlLabel": "", "controlText": "", "function": "click_input", "args": {"button": "left", "double": false}}, {"step": "Browse and select the revised document", "controlLabel": "", "controlText": "", "function": "click_input", "args": {"button": "left", "double": false}}, {"step": "Click 'OK' to start the comparison", "controlLabel": "", "controlText": "", "function": "click_input", "args": {"button": "left", "double": false}}], "action_prefill_file_path": "D:\\agents\\AgentLearner\\cache\\action_prefill\\69725.docx"}