{"Problem": "How to insert a small tick symbol in a Word document?", "Solution Steps": ["Place the cursor where you want to insert the tick symbol.", "Go to the **Insert** tab.", "In the **Symbols** group, click **Symbol**.", "Select **More Symbols** from the dropdown menu.", "In the **Symbol** dialog box, set the **Font** to **Wingdings**.", "Scroll down until you find the tick symbol (\u2713).", "Click the tick symbol to select it.", "Click **Insert**.", "Click **Close** to close the **Symbol** dialog box."], "new_problem": "Insert a small tick symbol (\u2713) in the Word document.", "action_plans": [{"step": "Place the cursor where you want to insert the tick symbol", "controlLabel": "", "controlText": "", "function": "click_input", "args": {}}, {"step": "Go to the Insert tab", "controlLabel": "25", "controlText": "Insert", "function": "click_input", "args": {"button": "left", "double": false}}, {"step": "Open the Symbol menu", "controlLabel": "", "controlText": "Symbol", "function": "click_input", "args": {"button": "left", "double": false}}, {"step": "Select More Symbols from the dropdown menu", "controlLabel": "", "controlText": "More Symbols", "function": "click_input", "args": {"button": "left", "double": false}}, {"step": "Set the Font to Wingdings in the Symbol dialog box", "controlLabel": "", "controlText": "Font", "function": "set_edit_text", "args": {"text": "Wingdings"}}, {"step": "Scroll down to find the tick symbol", "controlLabel": "", "controlText": "", "function": "wheel_mouse_input", "args": {"wheel_dist": -20}}, {"step": "Click the tick symbol to select it", "controlLabel": "", "controlText": "\u2713", "function": "click_input", "args": {"button": "left", "double": false}}, {"step": "Insert the tick symbol", "controlLabel": "", "controlText": "Insert", "function": "click_input", "args": {"button": "left", "double": false}}, {"step": "Close the Symbol dialog box", "controlLabel": "21", "controlText": "Close", "function": "click_input", "args": {"button": "left", "double": false}}], "action_prefill_file_path": "D:\\agents\\AgentLearner\\cache\\action_prefill\\69732.docx"}