{"Problem": "How to create a green text on a black background document in Word.", "Solution Steps": ["Open your document in Word.", "Highlight the text you want to change to green. If you want to apply this to all text, press **Ctrl + A** to select all.", "On the **Home** tab, in the **Font** group, click the **Font Color** drop-down arrow and select the shade of green you prefer.", "To change the background color of the document, go to the **Design** tab.", "In the **Page Background** group, click **Page Color**.", "Choose **Black** or any dark color for your background.", "If you want to apply the black background to the whole document, ensure you've selected all text or have no text selected."], "new_problem": "Create green text on a black background in the Word document.", "action_plans": [{"step": "Select all text in the document", "controlLabel": "", "controlText": "", "function": "type_keys", "args": {"text": "{VK_CONTROL down}a{VK_CONTROL up}", "newline": false}}, {"step": "Change the ribbon to Home to show the font color button", "controlLabel": "11", "controlText": "Home", "function": "click_input", "args": {"button": "left", "double": false}}, {"step": "Click the font color button to change text color", "controlLabel": "166", "controlText": "Font Color", "function": "click_input", "args": {"button": "left", "double": false}}, {"step": "Type in the color green", "controlLabel": "335", "controlText": "APA", "function": "set_edit_text", "args": {"text": "Green", "newline": true}}, {"step": "Change the ribbon to Design to show the page color button", "controlLabel": "27", "controlText": "Design", "function": "click_input", "args": {"button": "left", "double": false}}, {"step": "Click the page color button to change background color", "controlLabel": "192", "controlText": "Shading RGB(0, 0, 0)", "function": "click_input", "args": {"button": "left", "double": false}}, {"step": "Type in the color black", "controlLabel": "335", "controlText": "APA", "function": "set_edit_text", "args": {"text": "Black", "newline": true}}], "action_prefill_file_path": "D:\\agents\\AgentLearner\\cache\\action_prefill\\69737.docx"}