{"Problem": "How to fill out DA Form 1687 in Word", "Solution Steps": ["Open Microsoft Word on your computer.", "Download or open the DA Form 1687 template if you have it. If not, you may need to create the form layout manually or find a template online.", "Click on the **File** tab, then select **Open** to open the DA Form 1687 template if you already have it, or start a new document by clicking **New**.", "Fill out the form fields by clicking on each field and typing the required information. If you're creating the form, use the **Insert** tab to add text boxes for each field where information needs to be entered.", "To add checkboxes or other form elements, go to the **Developer** tab, then click on **Legacy Tools** in the **Controls** group. If the **Developer** tab is not visible, you can enable it by going to **File** > **Options** > **Customize Ribbon** and checking the **Developer** checkbox.", "After filling out the form or creating it, review the information for accuracy.", "Save the document by clicking on **File** > **Save As**, choose the location and file format, then click **Save**."], "new_problem": "Fill out DA Form 1687 in Word by opening the template, filling out the fields, and saving the document.", "action_plans": [{"step": "Open the DA Form 1687 template", "controlLabel": "336", "controlText": "Open", "function": "click_input", "args": {"button": "left", "double": false}}, {"step": "Fill out the form fields", "controlLabel": "", "controlText": "", "function": "set_edit_text", "args": {"control_id": "", "control_name": "Edit", "text": "Enter the required information in the form fields"}}, {"step": "Save the document", "controlLabel": "336", "controlText": "Save", "function": "click_input", "args": {"button": "left", "double": false}}], "action_prefill_file_path": "D:\\agents\\AgentLearner\\cache\\action_prefill\\69742.docx"}