{"Problem": "How to insert and move a picture in Word.", "Solution Steps": ["Open your document in Word and place your cursor where you want the picture to be inserted.", "Click on the **Insert** tab at the top of the window.", "In the **Illustrations** group, click **Pictures**.", "Choose if you want to insert a picture from **This Device**, **Stock Images**, or **Online Pictures**, then navigate to and select the picture you want to insert.", "Click **Insert** to add the picture to your document.", "To move the picture, click on it to select it. Hover over the picture until the cursor changes to a four-headed arrow.", "Click and drag the picture to the desired location. If you're unable to move the picture, you may need to change its text wrapping style.", "To change the text wrapping style, select the picture, then click on **Picture Format** tab that appears.", "In the **Arrange** group, click **Wrap Text** and choose a wrapping option, such as **Square**, **Tight**, or **Through**.", "After setting the text wrapping, you can move the picture more freely."], "new_problem": "Insert a picture from the device and move it to the desired location in the Word document.", "action_plans": [{"step": "Switch to the Insert tab", "controlLabel": "25", "controlText": "Insert", "function": "click_input", "args": {"button": "left", "double": false}}, {"step": "Click on the Pictures button", "controlLabel": "339", "controlText": "Insert Caption...", "function": "click_input", "args": {"button": "left", "double": false}}, {"step": "Insert a picture from the device", "controlLabel": "", "controlText": "", "function": "type_keys", "args": {"text": "{VK_RETURN}"}}, {"step": "Select the inserted picture", "controlLabel": "", "controlText": "", "function": "select_text", "args": {"text": "Picture"}}, {"step": "Change the text wrapping style to allow free movement", "controlLabel": "24", "controlText": "Home", "function": "click_input", "args": {"button": "left", "double": false}}, {"step": "Click on the Wrap Text button", "controlLabel": "303", "controlText": "Arrange", "function": "click_input", "args": {"button": "left", "double": false}}, {"step": "Choose the Square wrapping option", "controlLabel": "", "controlText": "", "function": "type_keys", "args": {"text": "{VK_DOWN}{VK_RETURN}"}}, {"step": "Move the picture to the desired location", "controlLabel": "", "controlText": "", "function": "type_keys", "args": {"text": "{VK_LEFT}{VK_RIGHT}"}}], "action_prefill_file_path": "D:\\agents\\AgentLearner\\cache\\action_prefill\\69748.docx"}