{"Problem": "How to add a row and a column in an existing table in Word", "Solution Steps": ["Click inside the table where you want to add a row or column.", "To add a row, right-click in the row above or below where you want the new row, then select **Insert** and choose **Insert Rows Above** or **Insert Rows Below**.", "To add a column, right-click in the column to the left or right of where you want the new column, then select **Insert** and choose **Insert Columns to the Left** or **Insert Columns to the Right**."], "new_problem": "Add a row and a column to the existing table in the Word document.", "action_plans": ["{\"step\":\"select the table\",\"controlLabel\":\"\",\"controlText\":\"\",\"function\":\"select_table\",\"args\":{\"number\":1}}", "{\"step\":\"insert a row below the selected row\",\"controlLabel\":\"\",\"controlText\":\"\",\"function\":\"type_keys\",\"args\":{\"text\":\"{VK_APPS}{DOWN}{DOWN}{ENTER}\"}}", "{\"step\":\"insert a column to the right of the selected column\",\"controlLabel\":\"\",\"controlText\":\"\",\"function\":\"type_keys\",\"args\":{\"text\":\"{VK_APPS}{DOWN}{DOWN}{DOWN}{ENTER}\"}}"], "action_prefill_file_path": "D:\\agents\\AgentLearner\\cache\\action_prefill\\69750.docx"}