{"Problem": "How to create a Word document with photos", "Solution Steps": ["Open Microsoft Word and create a new document or open an existing one.", "Place your cursor where you want to insert a photo.", "Click on the **Insert** tab.", "In the **Illustrations** group, click on **Pictures**.", "Choose **This Device** if the picture is on your computer. Alternatively, you can choose **Stock Images** to use Microsoft's collection of images.", "Browse to the location of the photo you want to insert, select it, and then click **Insert**.", "Once the photo is inserted, you can adjust its size by clicking on it and dragging the corners.", "To wrap text around the photo, select the photo, then click on **Layout Options** next to the photo. Choose the desired text wrapping option."], "new_problem": "Create a Word document and insert a photo from the device.", "action_plans": [{"step": "Open a new blank document", "controlLabel": "10", "controlText": "New Blank Document", "function": "click_input", "args": {"button": "left", "double": false}}, {"step": "Click on the Insert tab", "controlLabel": "25", "controlText": "Insert", "function": "click_input", "args": {"button": "left", "double": false}}, {"step": "Click on Pictures", "controlLabel": "128", "controlText": "Insert", "function": "click_input", "args": {"button": "left", "double": false}}, {"step": "Choose This Device to insert a photo from the computer", "controlLabel": "128", "controlText": "Insert", "function": "click_input", "args": {"button": "left", "double": false}}], "action_prefill_file_path": "D:\\agents\\AgentLearner\\cache\\action_prefill\\6976.docx"}