{"Problem": "How to use voice commands to dictate in Microsoft Word?", "Solution Steps": ["Open Microsoft Word.", "Click on the **Home** tab.", "In the **Voice** group, click on **Dictate**.", "If prompted, allow Word to use your microphone.", "Start speaking to dictate your text. Word will convert your speech to text in real-time.", "To stop dictating, click on the **Dictate** button again."], "new_problem": "Use voice commands to dictate in Microsoft Word.", "action_plans": [{"step": "Open Microsoft Word", "controlLabel": "", "controlText": "", "function": "", "args": {}}, {"step": "Click on the Home tab", "controlLabel": "24", "controlText": "Home", "function": "click_input", "args": {"button": "left", "double": false}}, {"step": "Click on the Dictate button", "controlLabel": "221", "controlText": "Dictate", "function": "click_input", "args": {"button": "left", "double": false}}, {"step": "Allow Word to use your microphone if prompted", "controlLabel": "", "controlText": "", "function": "", "args": {}}, {"step": "Start speaking to dictate your text", "controlLabel": "", "controlText": "", "function": "", "args": {}}, {"step": "To stop dictating, click on the Dictate button again", "controlLabel": "221", "controlText": "Dictate", "function": "click_input", "args": {"button": "left", "double": false}}], "action_prefill_file_path": "D:\\agents\\AgentLearner\\cache\\action_prefill\\69766.docx"}