{"Problem": "How to align text to the right side of a photo in Word?", "Solution Steps": ["Insert the photo into your document by clicking **Insert** tab, then **Pictures**.", "Select the photo and click the **Layout Options** button that appears next to it.", "Choose **Square** or **Tight** under the **With Text Wrapping** section.", "Click the **Home** tab.", "Select the text you want to align to the right side of the photo.", "Click the **Align Right** button in the **Paragraph** group."], "new_problem": "Align text to the right side of a photo in the Word document.", "action_plans": [{"step": "Click the Insert tab", "controlLabel": "25", "controlText": "Insert", "function": "click_input", "args": {"button": "left", "double": false}}, {"step": "Insert a picture", "controlLabel": "", "controlText": "Pictures", "function": "click_input", "args": {"button": "left", "double": false}}, {"step": "Select the photo", "controlLabel": "", "controlText": "", "function": "select_text", "args": {"text": "photo"}}, {"step": "Click the Layout Options button", "controlLabel": "", "controlText": "Layout Options", "function": "click_input", "args": {"button": "left", "double": false}}, {"step": "Choose Square or Tight under With Text Wrapping", "controlLabel": "", "controlText": "Square", "function": "click_input", "args": {"button": "left", "double": false}}, {"step": "Click the Home tab", "controlLabel": "11", "controlText": "Home", "function": "click_input", "args": {"button": "left", "double": false}}, {"step": "Select the text to align", "controlLabel": "", "controlText": "", "function": "select_text", "args": {"text": "text to edit"}}, {"step": "Click the Align Right button", "controlLabel": "187", "controlText": "Align Right", "function": "click_input", "args": {"button": "left", "double": false}}], "action_prefill_file_path": "D:\\agents\\AgentLearner\\cache\\action_prefill\\69763.docx"}