{"Problem": "How to compare two Word files for revisions", "Solution Steps": ["Open one of the two documents you want to compare in Word.", "Go to the **Review** tab.", "In the **Compare** group, click on **Compare**.", "Select **Compare** again from the dropdown menu.", "In the **Compare Documents** dialog box, click the **Browse** button next to the **Original document** field to select the document you have open.", "Click the **Browse** button next to the **Revised document** field to select the other document you want to compare.", "You can also select more comparison settings by clicking **More** to expand the dialog box and choose what you want to compare.", "Click **OK** to start the comparison.", "Word will open a new document that displays the differences with the changes marked."], "new_problem": "Compare two Word files for revisions by using the 'Review' tab and the 'Compare' feature.", "action_plans": [{"step": "Open the 'Review' tab", "controlLabel": "31", "controlText": "Review", "function": "click_input", "args": {"button": "left", "double": false}}, {"step": "Click on 'Compare' in the 'Compare' group", "controlLabel": "", "controlText": "Compare", "function": "click_input", "args": {"button": "left", "double": false}}, {"step": "Select 'Compare' from the dropdown menu", "controlLabel": "", "controlText": "Compare", "function": "click_input", "args": {"button": "left", "double": false}}, {"step": "Click the 'Browse' button next to the 'Original document' field", "controlLabel": "", "controlText": "Browse", "function": "click_input", "args": {"button": "left", "double": false}}, {"step": "Select the document you have open as the original document", "controlLabel": "", "controlText": "", "function": "set_edit_text", "args": {"text": "path_to_original_document"}}, {"step": "Click the 'Browse' button next to the 'Revised document' field", "controlLabel": "", "controlText": "Browse", "function": "click_input", "args": {"button": "left", "double": false}}, {"step": "Select the other document you want to compare as the revised document", "controlLabel": "", "controlText": "", "function": "set_edit_text", "args": {"text": "path_to_revised_document"}}, {"step": "Click 'More' to expand the dialog box and choose comparison settings", "controlLabel": "", "controlText": "More", "function": "click_input", "args": {"button": "left", "double": false}}, {"step": "Click 'OK' to start the comparison", "controlLabel": "", "controlText": "OK", "function": "click_input", "args": {"button": "left", "double": false}}], "action_prefill_file_path": "D:\\agents\\AgentLearner\\cache\\action_prefill\\69761.docx"}