{"Problem": "How to add a reference in front of every note and in the bibliography", "Solution Steps": ["Place the cursor where you want to insert the reference.", "Go to the **References** tab.", "In the **Citations & Bibliography** group, click **Insert Citation**.", "Select **Add New Source**.", "Fill in the source information in the **Create Source** dialog box and click **OK**.", "To add the bibliography, place the cursor where you want the bibliography to appear.", "Go to the **References** tab.", "In the **Citations & Bibliography** group, click **Bibliography**.", "Select a bibliography style from the drop-down menu."], "new_problem": "Add a reference in front of every note and in the bibliography in the document.", "action_plans": [{"step": "Place the cursor where you want to insert the reference.", "controlLabel": "47", "controlText": "Document", "function": "click_input", "args": {"button": "left", "double": false}}, {"step": "Go to the References tab.", "controlLabel": "29", "controlText": "References", "function": "click_input", "args": {"button": "left", "double": false}}, {"step": "Click Insert Citation.", "controlLabel": "", "controlText": "Insert Citation", "function": "click_input", "args": {"button": "left", "double": false}}, {"step": "Select Add New Source.", "controlLabel": "", "controlText": "Add New Source", "function": "click_input", "args": {"button": "left", "double": false}}, {"step": "Fill in the source information in the Create Source dialog box and click OK.", "controlLabel": "14", "controlText": "Search", "function": "set_edit_text", "args": {"text": "Source Information"}}, {"step": "Place the cursor where you want the bibliography to appear.", "controlLabel": "47", "controlText": "Document", "function": "click_input", "args": {"button": "left", "double": false}}, {"step": "Go to the References tab.", "controlLabel": "29", "controlText": "References", "function": "click_input", "args": {"button": "left", "double": false}}, {"step": "Click Bibliography.", "controlLabel": "", "controlText": "Bibliography", "function": "click_input", "args": {"button": "left", "double": false}}, {"step": "Select a bibliography style from the drop-down menu.", "controlLabel": "", "controlText": "Bibliography Style", "function": "click_input", "args": {"button": "left", "double": false}}], "action_prefill_file_path": "D:\\agents\\AgentLearner\\cache\\action_prefill\\69776.docx"}