{"Problem": "How to use CV template for Word", "Solution Steps": ["Open Microsoft Word.", "Click on **File** in the top left corner.", "Select **New** from the menu.", "In the search bar, type 'CV' or 'Resume' and press Enter.", "Browse through the available templates and select the one you prefer.", "Click **Create** to open the selected template.", "Fill in your information in the template fields provided."], "new_problem": "Guide the user on how to use a CV template in Word by opening Word, navigating to the 'File' menu, selecting 'New', searching for 'CV' or 'Resume', selecting a template, and creating a new document.", "action_plans": [{"step": "Open Microsoft Word", "controlLabel": "", "controlText": "", "function": "", "args": {}}, {"step": "Click on 'File' in the top left corner", "controlLabel": "16", "controlText": "Junting Lu (FESCO Adecco Human Resources)", "function": "click_input", "args": {"button": "left", "double": false}}, {"step": "Select 'New' from the menu", "controlLabel": "37", "controlText": "Share", "function": "click_input", "args": {"button": "left", "double": false}}, {"step": "In the search bar, type 'CV' or 'Resume' and press Enter", "controlLabel": "335", "controlText": "APA", "function": "set_edit_text", "args": {"text": "CV"}}, {"step": "Browse through the available templates and select the one you prefer", "controlLabel": "47", "controlText": "Document", "function": "click_input", "args": {"button": "left", "double": false}}, {"step": "Click 'Create' to open the selected template", "controlLabel": "9", "controlText": "Save", "function": "click_input", "args": {"button": "left", "double": false}}, {"step": "Fill in your information in the template fields provided", "controlLabel": "", "controlText": "", "function": "", "args": {}}], "action_prefill_file_path": "D:\\agents\\AgentLearner\\cache\\action_prefill\\69778.docx"}