{"Problem": "How to create a bookmark in Microsoft Word", "Solution Steps": ["Place the cursor where you want to create the bookmark.", "Go to the **Insert** tab.", "In the **Links** group, click **Bookmark**.", "In the **Bookmark name** box, type a name for your bookmark.", "Click **Add**."], "new_problem": "Create a bookmark named 'MyBookmark' in the Microsoft Word document.", "action_plans": [{"step": "Place the cursor where you want to create the bookmark", "controlLabel": "", "controlText": "", "function": "click_input", "args": {"control_id": "", "control_name": "Document", "button": "left", "double": false}}, {"step": "Go to the Insert tab", "controlLabel": "25", "controlText": "Insert", "function": "click_input", "args": {"button": "left", "double": false}}, {"step": "Click Bookmark", "controlLabel": "253", "controlText": "Bookmark...", "function": "click_input", "args": {"button": "left", "double": false}}, {"step": "Type a name for your bookmark", "controlLabel": "14", "controlText": "Search", "function": "set_edit_text", "args": {"control_id": "14", "text": "MyBookmark"}}, {"step": "Click Add", "controlLabel": "9", "controlText": "Save", "function": "click_input", "args": {"button": "left", "double": false}}], "action_prefill_file_path": "D:\\agents\\AgentLearner\\cache\\action_prefill\\69785.docx"}