{"Problem": "How to use the Read Aloud feature in Word.", "Solution Steps": ["Open the document in Word that you want to use the Read Aloud feature with.", "Go to the **Review** tab on the ribbon.", "In the **Speech** group, click on **Read Aloud**.", "Word will start reading the text aloud. You can use the controls that appear to pause, continue, or stop reading, and to adjust the reading speed."], "new_problem": "Use the Read Aloud feature in Word by navigating to the 'Review' tab and clicking on the 'Read Aloud' button.", "action_plans": [{"step": "Open the document in Word that you want to use the Read Aloud feature with", "controlLabel": "", "controlText": "", "function": "", "args": {}}, {"step": "Go to the Review tab on the ribbon", "controlLabel": "32", "controlText": "View", "function": "click_input", "args": {"button": "left", "double": false}}, {"step": "In the Speech group, click on Read Aloud", "controlLabel": "359", "controlText": "Read Aloud", "function": "click_input", "args": {"button": "left", "double": false}}], "action_prefill_file_path": "D:\\agents\\AgentLearner\\cache\\action_prefill\\69791.docx"}