{"Problem": "Create a job application letter template", "Solution Steps": ["Open Microsoft Word.", "Click on the **File** tab and select **New**.", "In the search box, type 'job application' or 'cover letter' and press **Enter**.", "Choose a template that suits your needs and click **Create** to open it.", "Customize the template by adding your personal information, qualifications, and experience.", "To save the template for future use, click on the **File** tab, select **Save As**, and choose **Word Template** (*.dotx) in the 'Save as type' dropdown menu.", "Give your template a name, select a location to save it, and click **Save**."], "new_problem": "Create a job application letter template in Microsoft Word.", "action_plans": [{"step": "Open a new document", "controlLabel": "24", "controlText": "Home", "function": "click_input", "args": {"button": "left", "double": false}}, {"step": "Click on the File tab", "controlLabel": "9", "controlText": "Save", "function": "click_input", "args": {"button": "left", "double": false}}, {"step": "Select New", "controlLabel": "108", "controlText": "System", "function": "click_input", "args": {"button": "left", "double": false}}, {"step": "Search for job application template", "controlLabel": "", "controlText": "", "function": "set_edit_text", "args": {"control_id": "search_box", "text": "job application", "newline": true}}, {"step": "Choose a template and create it", "controlLabel": "", "controlText": "", "function": "click_input", "args": {"control_id": "template_choice", "button": "left", "double": false}}, {"step": "Customize the template", "controlLabel": "", "controlText": "", "function": "set_edit_text", "args": {"control_id": "template_body", "text": "Your personal information, qualifications, and experience", "newline": true}}, {"step": "Save the template", "controlLabel": "9", "controlText": "Save", "function": "click_input", "args": {"button": "left", "double": false}}, {"step": "Choose Word Template format", "controlLabel": "", "controlText": "", "function": "set_edit_text", "args": {"control_id": "save_as_type", "text": "Word Template (*.dotx)", "newline": true}}, {"step": "Name the template and save it", "controlLabel": "", "controlText": "", "function": "set_edit_text", "args": {"control_id": "file_name", "text": "Job Application Template", "newline": true}}], "action_prefill_file_path": "D:\\agents\\AgentLearner\\cache\\action_prefill\\69798.docx"}