{"Problem": "How to print to the edge of the paper in Microsoft Word", "Solution Steps": ["Open your document in Microsoft Word.", "Click on the **Layout** tab.", "Click on **Margins** in the **Page Setup** group.", "Select **Custom Margins** at the bottom of the drop-down menu.", "In the **Page Setup** dialog box, set all the margins (Top, Bottom, Left, Right) to 0.", "Click **OK**.", "A message may appear indicating that some margins are outside the printable area. Click **Ignore**.", "Go to the **File** tab and select **Print**.", "In the **Print** settings, ensure your printer is set to print with no margins or borderless printing if supported.", "Click **Print** to print your document."], "new_problem": "Print to the edge of the paper in Microsoft Word by setting margins to 0 and configuring printer settings for borderless printing.", "action_plans": [{"step": "Click on the Layout tab", "controlLabel": "28", "controlText": "Layout", "function": "click_input", "args": {"button": "left", "double": false}}, {"step": "Click on Margins in the Page Setup group", "controlLabel": "281", "controlText": "Margins", "function": "click_input", "args": {"button": "left", "double": false}}, {"step": "Select Custom Margins at the bottom of the drop-down menu", "controlLabel": "288", "controlText": "Page Setup...", "function": "click_input", "args": {"button": "left", "double": false}}, {"step": "Set all the margins (Top, Bottom, Left, Right) to 0 in the Page Setup dialog box", "controlLabel": "", "controlText": "", "function": "set_edit_text", "args": {"control_id": "290", "text": "0"}}, {"step": "Click OK to apply the margin settings", "controlLabel": "", "controlText": "", "function": "click_input", "args": {"button": "left", "double": false}}, {"step": "Click Ignore if a message appears indicating that some margins are outside the printable area", "controlLabel": "", "controlText": "", "function": "click_input", "args": {"button": "left", "double": false}}, {"step": "Go to the File tab", "controlLabel": "22", "controlText": "File Tab", "function": "click_input", "args": {"button": "left", "double": false}}, {"step": "Select Print", "controlLabel": "91", "controlText": "Print Layout", "function": "click_input", "args": {"button": "left", "double": false}}, {"step": "Ensure your printer is set to print with no margins or borderless printing if supported", "controlLabel": "", "controlText": "", "function": "click_input", "args": {"button": "left", "double": false}}, {"step": "Click Print to print your document", "controlLabel": "", "controlText": "", "function": "click_input", "args": {"button": "left", "double": false}}], "action_prefill_file_path": "D:\\agents\\AgentLearner\\cache\\action_prefill\\69801.docx"}