{"Problem": "How to create subheadings in Word", "Solution Steps": ["Place the cursor where you want to create a subheading.", "On the **Home** tab, in the **Styles** group, click the **Heading 2** style for a subheading.", "If you want to customize the subheading, right-click **Heading 2** and select **Modify**.", "In the **Modify Style** dialog box, make the desired changes and click **OK**."], "new_problem": "Create a subheading in the Word document by applying the 'Heading 2' style and optionally customizing it.", "action_plans": [{"step": "Place the cursor at the desired location", "controlLabel": "", "controlText": "", "function": "click_input", "args": {"control_id": "", "control_name": "Document", "button": "left", "double": false}}, {"step": "Switch to the 'Home' tab", "controlLabel": "11", "controlText": "Home", "function": "click_input", "args": {"button": "left", "double": false}}, {"step": "Apply the 'Heading 2' style", "controlLabel": "206", "controlText": "Heading 2", "function": "click_input", "args": {"button": "left", "double": false}}, {"step": "Optionally customize the 'Heading 2' style", "controlLabel": "206", "controlText": "Heading 2", "function": "click_input", "args": {"button": "right", "double": false}}, {"step": "Modify the 'Heading 2' style", "controlLabel": "", "controlText": "Modify", "function": "click_input", "args": {"button": "left", "double": false}}, {"step": "Make desired changes in the 'Modify Style' dialog box", "controlLabel": "", "controlText": "", "function": "set_edit_text", "args": {"control_id": "", "text": "Custom Subheading", "newline": true}}, {"step": "Confirm the changes", "controlLabel": "", "controlText": "OK", "function": "click_input", "args": {"button": "left", "double": false}}], "action_prefill_file_path": "D:\\agents\\AgentLearner\\cache\\action_prefill\\69808.docx"}