{"Problem": "How to create a certificate of achievement template in Microsoft Word", "Solution Steps": ["Open Microsoft Word.", "Click on **File** in the top left corner.", "Select **New** from the dropdown menu.", "In the search bar, type 'Certificate of Achievement' and press Enter.", "Browse through the available templates and select the one you like.", "Click **Create** to open the template.", "Customize the template with the recipient's name, date, and other relevant details.", "Save your document by clicking **File** and then **Save As**."], "new_problem": "Create a certificate of achievement template in Microsoft Word by opening a new document, searching for a certificate template, selecting it, and customizing it.", "action_plans": [{"step": "Open the File menu", "controlLabel": "22", "controlText": "File Tab", "function": "click_input", "args": {"button": "left", "double": false}}, {"step": "Select New from the File menu", "controlLabel": "10", "controlText": "New Blank Document", "function": "click_input", "args": {"button": "left", "double": false}}, {"step": "Search for 'Certificate of Achievement' template", "controlLabel": "14", "controlText": "Search", "function": "set_edit_text", "args": {"text": "Certificate of Achievement"}}, {"step": "Press Enter to search", "controlLabel": "14", "controlText": "Search", "function": "type_keys", "args": {"text": "{ENTER}"}}, {"step": "Select a certificate template", "controlLabel": "47", "controlText": "Document", "function": "click_input", "args": {"button": "left", "double": false}}, {"step": "Create the selected template", "controlLabel": "9", "controlText": "Save", "function": "click_input", "args": {"button": "left", "double": false}}, {"step": "Customize the template with recipient's name, date, and other details", "controlLabel": "91", "controlText": "Print Layout", "function": "set_edit_text", "args": {"text": "Recipient's Name, Date, and other details"}}, {"step": "Save the customized certificate", "controlLabel": "9", "controlText": "Save", "function": "click_input", "args": {"button": "left", "double": false}}], "action_prefill_file_path": "D:\\agents\\AgentLearner\\cache\\action_prefill\\69803.docx"}