{"Problem": "How do you use Track Changes in Word?", "Solution Steps": ["Open the document you want to edit in Word.", "Go to the **Review** tab on the ribbon.", "In the **Tracking** group, click on **Track Changes** to turn it on. Now, every change you make to the document will be tracked.", "To view the changes, ensure that the **Display for Review** option, located in the **Tracking** group, is set to **All Markup**.", "If you want to accept or reject changes, click on **Next** or **Previous** in the **Changes** group to navigate through the changes. Then, use the **Accept** or **Reject** button to manage each change."], "new_problem": "Use Track Changes in Word by enabling it, setting the display to 'All Markup', and managing changes.", "action_plans": [{"step": "Navigate to the Review tab", "controlLabel": "25", "controlText": "Insert", "function": "click_input", "args": {"button": "left", "double": false}}, {"step": "Enable Track Changes", "controlLabel": "375", "controlText": "Track Changes", "function": "click_input", "args": {"button": "left", "double": false}}, {"step": "Set Display for Review to All Markup", "controlLabel": "377", "controlText": "Display for Review", "function": "click_input", "args": {"button": "left", "double": false}}, {"step": "Accept changes", "controlLabel": "387", "controlText": "Accept and Move to Next", "function": "click_input", "args": {"button": "left", "double": false}}, {"step": "Reject changes", "controlLabel": "390", "controlText": "Reject and Move to Next", "function": "click_input", "args": {"button": "left", "double": false}}], "action_prefill_file_path": "D:\\agents\\AgentLearner\\cache\\action_prefill\\69810.docx"}