{"Problem": "How to use proofreading tools in Microsoft Word", "Solution Steps": ["Open your document in Microsoft Word.", "Click on the **Review** tab in the ribbon.", "In the **Proofing** group, click **Spelling & Grammar** to check for spelling and grammatical errors.", "To use the **Thesaurus**, select a word in your document, then click **Thesaurus** in the **Proofing** group.", "To set the proofing language, click **Language** in the **Language** group, then select **Set Proofing Language**.", "To customize the proofing options, click **File** > **Options** > **Proofing** and adjust the settings as needed."], "new_problem": "Guide on how to use proofreading tools in Microsoft Word, including using 'Spelling & Grammar', 'Thesaurus', setting proofing language, and customizing proofing options.", "action_plans": [{"step": "Open the 'Review' tab in the ribbon", "controlLabel": "31", "controlText": "Review", "function": "click_input", "args": {"button": "left", "double": false}}, {"step": "Click 'Spelling & Grammar' to check for spelling and grammatical errors", "controlLabel": "353", "controlText": "Spelling and Grammar", "function": "click_input", "args": {"button": "left", "double": false}}, {"step": "Select a word in the document to use the 'Thesaurus'", "controlLabel": "", "controlText": "", "function": "select_text", "args": {"text": "text to edit"}}, {"step": "Click 'Thesaurus' in the 'Proofing' group", "controlLabel": "356", "controlText": "Thesaurus...", "function": "click_input", "args": {"button": "left", "double": false}}, {"step": "Click 'Language' in the 'Language' group", "controlLabel": "366", "controlText": "Language", "function": "click_input", "args": {"button": "left", "double": false}}, {"step": "Select 'Set Proofing Language'", "controlLabel": "", "controlText": "Set Proofing Language", "function": "click_input", "args": {"button": "left", "double": false}}, {"step": "Click 'File' tab to customize proofing options", "controlLabel": "22", "controlText": "File Tab", "function": "click_input", "args": {"button": "left", "double": false}}, {"step": "Click 'Options'", "controlLabel": "", "controlText": "Options", "function": "click_input", "args": {"button": "left", "double": false}}, {"step": "Click 'Proofing' and adjust the settings as needed", "controlLabel": "", "controlText": "Proofing", "function": "click_input", "args": {"button": "left", "double": false}}], "action_prefill_file_path": "D:\\agents\\AgentLearner\\cache\\action_prefill\\69813.docx"}