{"Problem": "How to reduce the content size for printing in Word.", "Solution Steps": ["Open the document you want to print in Word.", "Click on the **File** tab and select **Print**.", "In the **Settings** section, click on the first box (which usually says 'Print All Pages') and then select **Custom Print**.", "Under **Page Sizing & Handling**, choose **Shrink to Fit**.", "Adjust any other print settings as needed, then click the **Print** button to print your document with reduced content size."], "new_problem": "Reduce the content size for printing in Word by selecting the 'Shrink to Fit' option in the Print settings.", "action_plans": [{"step": "Open the File tab to access print settings", "controlLabel": "144", "controlText": "Open", "function": "click_input", "args": {"button": "left", "double": false}}, {"step": "Select the Print option", "controlLabel": "407", "controlText": "Print Layout", "function": "click_input", "args": {"button": "left", "double": false}}, {"step": "Open the Page Sizing & Handling options", "controlLabel": "283", "controlText": "Size", "function": "click_input", "args": {"button": "left", "double": false}}, {"step": "Select the 'Shrink to Fit' option", "controlLabel": "283", "controlText": "Size", "function": "click_input", "args": {"button": "left", "double": false}}, {"step": "Print the document with reduced content size", "controlLabel": "407", "controlText": "Print Layout", "function": "click_input", "args": {"button": "left", "double": false}}], "action_prefill_file_path": "D:\\agents\\AgentLearner\\cache\\action_prefill\\69822.docx"}