{"Problem": "How to underline text in Word for a resume.", "Solution Steps": ["Select the text that you want to underline.", "On the **Home** tab, in the **Font** group, click the **Underline** button (it looks like a 'U' with an underline).", "To choose a different underline style, click the arrow next to the **Underline** button and select the style you want."], "new_problem": "Underline the text 'text to edit' in the Word document for a resume.", "action_plans": [{"step": "Select the text 'text to edit'", "controlLabel": "", "controlText": "", "function": "select_text", "args": {"text": "text to edit"}}, {"step": "Navigate to the Home tab", "controlLabel": "11", "controlText": "Home", "function": "click_input", "args": {"button": "left", "double": false}}, {"step": "Click the Underline button", "controlLabel": "157", "controlText": "Underline", "function": "click_input", "args": {"button": "left", "double": false}}], "action_prefill_file_path": "D:\\agents\\AgentLearner\\cache\\action_prefill\\69828.docx"}