{"Problem": "How to create a GUI in Microsoft Word", "Solution Steps": ["Open Microsoft Word.", "Click the **Insert** tab.", "In the **Illustrations** group, click **Shapes**.", "Select the shapes you want to use for your GUI elements (e.g., rectangles for buttons, text boxes for input fields).", "Draw the shapes on your document to design your GUI layout.", "To add text to a shape, right-click the shape and select **Add Text**.", "Use the **Format** tab to customize the appearance of your shapes and text.", "To group multiple shapes together, hold down the **Ctrl** key and click each shape you want to group, then right-click and select **Group**."], "new_problem": "Create a GUI in Microsoft Word by inserting shapes and adding text to them.", "action_plans": [{"step": "Switch to the Insert tab", "controlLabel": "25", "controlText": "Insert", "function": "click_input", "args": {"button": "left", "double": false}}, {"step": "Open the Shapes menu", "controlLabel": "239", "controlText": "Shapes", "function": "click_input", "args": {"button": "left", "double": false}}, {"step": "Select a rectangle shape", "controlLabel": "", "controlText": "", "function": "click_input", "args": {"control_id": "Rectangle", "button": "left", "double": false}}, {"step": "Draw the rectangle on the document", "controlLabel": "", "controlText": "", "function": "type_keys", "args": {"text": "{VK_LBUTTON down}{VK_LBUTTON up}", "newline": false}}, {"step": "Add text to the rectangle", "controlLabel": "", "controlText": "", "function": "set_edit_text", "args": {"control_id": "Rectangle", "text": "Button", "newline": true}}, {"step": "Format the rectangle", "controlLabel": "", "controlText": "", "function": "click_input", "args": {"control_id": "Format", "button": "left", "double": false}}, {"step": "Group multiple shapes together", "controlLabel": "", "controlText": "", "function": "type_keys", "args": {"text": "{VK_CONTROL down}{VK_LBUTTON down}{VK_LBUTTON up}{VK_CONTROL up}", "newline": false}}], "action_prefill_file_path": "D:\\agents\\AgentLearner\\cache\\action_prefill\\69836.docx"}