{"Problem": "How to find a five-letter word containing the letters \"r\", \"a\", \"g\", and \"e\".", "Solution Steps": ["Open the Word document where you want to find the word.", "Press **Ctrl + F** to open the **Navigation** pane.", "In the search box, type the letters \"r\", \"a\", \"g\", and \"e\" separated by asterisks (e.g., r*a*g*e) to find any five-letter word containing those letters.", "Review the search results in the **Navigation** pane to find the word that matches your criteria."], "new_problem": "Find a five-letter word containing the letters 'r', 'a', 'g', and 'e' in the document.", "action_plans": [{"step": "Open the search function", "controlLabel": "215", "controlText": "Find", "function": "click_input", "args": {"button": "left", "double": false}}, {"step": "Input the search query 'r*a*g*e'", "controlLabel": "14", "controlText": "Search", "function": "set_edit_text", "args": {"text": "r*a*g*e"}}, {"step": "Execute the search", "controlLabel": "329", "controlText": "Search", "function": "click_input", "args": {"button": "left", "double": false}}], "action_prefill_file_path": "D:\\agents\\AgentLearner\\cache\\action_prefill\\69838.docx"}