{"Problem": "How to prevent a document from going past the page edge in Word?", "Solution Steps": ["Open the document in Word.", "Click the **File** tab.", "Select **Options** from the menu.", "In the **Word Options** dialog box, click **Advanced**.", "Scroll down to the **Show document content** section.", "Check the box for **Show text boundaries**.", "Click **OK** to apply the changes."], "new_problem": "Prevent the document from going past the page edge in Word by enabling 'Show text boundaries'.", "action_plans": [{"step": "Open the File tab", "controlLabel": "22", "controlText": "File Tab", "function": "click_input", "args": {"button": "left", "double": false}}, {"step": "Select Options from the menu", "controlLabel": "109", "controlText": "System", "function": "click_input", "args": {"button": "left", "double": false}}, {"step": "Click Advanced in the Word Options dialog box", "controlLabel": "", "controlText": "Advanced", "function": "click_input", "args": {"button": "left", "double": false}}, {"step": "Scroll down to the Show document content section", "controlLabel": "106", "controlText": "", "function": "wheel_mouse_input", "args": {"wheel_dist": -20}}, {"step": "Check the box for Show text boundaries", "controlLabel": "", "controlText": "Show text boundaries", "function": "click_input", "args": {"button": "left", "double": false}}, {"step": "Click OK to apply the changes", "controlLabel": "", "controlText": "OK", "function": "click_input", "args": {"button": "left", "double": false}}], "action_prefill_file_path": "D:\\agents\\AgentLearner\\cache\\action_prefill\\69842.docx"}