{"Problem": "Cara membuat wallpaper di Word", "Solution Steps": ["Open Microsoft Word on your computer.", "Click on the **Design** tab.", "In the **Page Background** group, click **Page Color**.", "Choose a color or fill effect to use as your wallpaper background.", "If you want to add images or textures, click on **Fill Effects**.", "In the **Fill Effects** window, switch to the **Picture** or **Texture** tab to select an image or texture.", "Once you have selected your background, click **OK** to apply it to your document.", "To add text over your wallpaper, simply click on the document and start typing or insert text boxes as needed."], "new_problem": "Create a wallpaper in Word by setting a background color or image and adding text over it.", "action_plans": [{"step": "Click on the 'Design' tab", "controlLabel": "27", "controlText": "Design", "function": "click_input", "args": {"button": "left", "double": false}}, {"step": "Click on 'Page Color' in the 'Page Background' group", "controlLabel": "75", "controlText": "Page Color", "function": "click_input", "args": {"button": "left", "double": false}}, {"step": "Choose a color or fill effect for the background", "controlLabel": "", "controlText": "", "function": "type_keys", "args": {"text": "{DOWN}{ENTER}"}}, {"step": "Click on 'Fill Effects' to add images or textures", "controlLabel": "76", "controlText": "Page Borders...", "function": "click_input", "args": {"button": "left", "double": false}}, {"step": "Select an image or texture in the 'Fill Effects' window", "controlLabel": "", "controlText": "", "function": "type_keys", "args": {"text": "{TAB}{RIGHT}{ENTER}"}}, {"step": "Click 'OK' to apply the selected background", "controlLabel": "", "controlText": "", "function": "type_keys", "args": {"text": "{ENTER}"}}, {"step": "Add text over the wallpaper", "controlLabel": "", "controlText": "", "function": "type_keys", "args": {"text": "Your text here"}}], "action_prefill_file_path": "D:\\agents\\AgentLearner\\cache\\action_prefill\\69851.docx"}