{"Problem": "How to apply a red line to text in Word.", "Solution Steps": ["Select the text to which you want to apply a red line.", "On the **Home** tab, in the **Font** group, click the arrow next to **Text Effects and Typography**.", "Select **Underline** and then choose **Underline color**.", "From the color palette, select **Red**."], "new_problem": "Apply a red underline to the text 'text to edit' in the Word document.", "action_plans": [{"step": "Select the text 'text to edit'", "controlLabel": "", "controlText": "", "function": "select_text", "args": {"text": "text to edit"}}, {"step": "Switch to the Home tab", "controlLabel": "24", "controlText": "Home", "function": "click_input", "args": {"button": "left", "double": false}}, {"step": "Click on Text Effects and Typography", "controlLabel": "162", "controlText": "Text Effects and Typography", "function": "click_input", "args": {"button": "left", "double": false}}, {"step": "Select Underline", "controlLabel": "156", "controlText": "Underline", "function": "click_input", "args": {"button": "left", "double": false}}, {"step": "Choose Underline color", "controlLabel": "158", "controlText": "More Options", "function": "click_input", "args": {"button": "left", "double": false}}, {"step": "Select red color from the palette", "controlLabel": "", "controlText": "Red", "function": "click_input", "args": {"button": "left", "double": false}}], "action_prefill_file_path": "D:\\agents\\AgentLearner\\cache\\action_prefill\\69860.docx"}