{"Problem": "How do I print text and text boxes in Microsoft Word?", "Solution Steps": ["Open the Microsoft Word document that contains the text and text boxes you want to print.", "Ensure that the text boxes are within the printable area of the page and are not set to be hidden during printing.", "Click on the **File** tab in the top-left corner of the window.", "Select **Print** from the sidebar to open the print settings.", "Choose the correct printer from the list of printers available.", "Adjust any print settings such as orientation, page range, and number of copies as needed.", "Preview the document by clicking on the **Print Preview** button to ensure that the text and text boxes appear as expected.", "Click the **Print** button to start printing the document with the text and text boxes included."], "new_problem": "Print the document with text and text boxes in Microsoft Word.", "action_plans": [{"step": "Open the File tab to access print settings", "controlLabel": "22", "controlText": "File Tab", "function": "click_input", "args": {"button": "left", "double": false}}, {"step": "Select the Print option from the sidebar", "controlLabel": "", "controlText": "Print", "function": "click_input", "args": {"button": "left", "double": false}}, {"step": "Choose the correct printer", "controlLabel": "", "controlText": "Printer", "function": "click_input", "args": {"button": "left", "double": false}}, {"step": "Adjust print settings such as orientation, page range, and number of copies", "controlLabel": "", "controlText": "Settings", "function": "click_input", "args": {"button": "left", "double": false}}, {"step": "Preview the document to ensure text and text boxes appear as expected", "controlLabel": "", "controlText": "Print Preview", "function": "click_input", "args": {"button": "left", "double": false}}, {"step": "Click the Print button to start printing", "controlLabel": "", "controlText": "Print", "function": "click_input", "args": {"button": "left", "double": false}}], "action_prefill_file_path": "D:\\agents\\AgentLearner\\cache\\action_prefill\\69866.docx"}