{"Problem": "How to convert a PDF to a Word document on PC", "Solution Steps": ["Open Microsoft Word on your PC.", "Click on **File** in the top left corner.", "Select **Open**.", "Navigate to the **Browse** option and locate the PDF file you wish to convert.", "Select the PDF file and click **Open**. Word will display a message that it's going to convert the PDF to an editable Word document. Click **OK**.", "After the conversion, you can edit the document as needed. Remember to save the document by clicking **File**, then **Save As**, and choose the Word Document (*.docx) format."], "new_problem": "Convert a PDF to a Word document on a PC using Microsoft Word.", "action_plans": [{"step": "Open the File menu", "controlLabel": "22", "controlText": "File Tab", "function": "click_input", "args": {"button": "left", "double": false}}, {"step": "Select the Open option", "controlLabel": "109", "controlText": "System", "function": "click_input", "args": {"button": "left", "double": false}}, {"step": "Navigate to the Browse option", "controlLabel": "109", "controlText": "System", "function": "click_input", "args": {"button": "left", "double": false}}, {"step": "Locate and select the PDF file", "controlLabel": "103", "controlText": "Page 1 content", "function": "set_edit_text", "args": {"control_id": "103", "text": "path_to_pdf_file.pdf"}}, {"step": "Open the PDF file", "controlLabel": "103", "controlText": "Page 1 content", "function": "type_keys", "args": {"control_id": "103", "text": "{ENTER}"}}, {"step": "Confirm the conversion to Word document", "controlLabel": "103", "controlText": "Page 1 content", "function": "type_keys", "args": {"control_id": "103", "text": "{ENTER}"}}, {"step": "Save the converted document as a Word file", "controlLabel": "22", "controlText": "File Tab", "function": "click_input", "args": {"button": "left", "double": false}}, {"step": "Select Save As option", "controlLabel": "109", "controlText": "System", "function": "click_input", "args": {"button": "left", "double": false}}, {"step": "Choose Word Document format", "controlLabel": "103", "controlText": "Page 1 content", "function": "set_edit_text", "args": {"control_id": "103", "text": "converted_document.docx"}}, {"step": "Save the document", "controlLabel": "103", "controlText": "Page 1 content", "function": "type_keys", "args": {"control_id": "103", "text": "{ENTER}"}}], "action_prefill_file_path": "D:\\agents\\AgentLearner\\cache\\action_prefill\\69862.docx"}