{"Problem": "How to create a building diagram in Word 2007?", "Solution Steps": ["Open Microsoft Word 2007.", "Click on the **Insert** tab.", "In the **Illustrations** group, click on **Shapes**.", "Select a shape from the drop-down menu to start creating your building diagram.", "Click and drag on the document to draw the shape.", "Repeat steps 3 to 5 to add more shapes and create your building diagram.", "Use the **Drawing Tools** that appear when a shape is selected to format your shapes, add text, or make other adjustments.", "To align or arrange your shapes, use the options in the **Arrange** group under the **Drawing Tools** tab."], "new_problem": "Create a building diagram in Word 2007 by inserting and arranging shapes.", "action_plans": [{"step": "Switch to the Insert tab", "controlLabel": "25", "controlText": "Insert", "function": "click_input", "args": {"button": "left", "double": false}}, {"step": "Open the Shapes menu", "controlLabel": "", "controlText": "Shapes", "function": "click_input", "args": {"button": "left", "double": false}}, {"step": "Select a shape to start creating the building diagram", "controlLabel": "", "controlText": "Rectangle", "function": "click_input", "args": {"button": "left", "double": false}}, {"step": "Draw the selected shape on the document", "controlLabel": "", "controlText": "", "function": "type_keys", "args": {"text": "{VK_LBUTTON down}{VK_LBUTTON up}"}}, {"step": "Repeat the process to add more shapes", "controlLabel": "", "controlText": "Shapes", "function": "click_input", "args": {"button": "left", "double": false}}, {"step": "Select another shape", "controlLabel": "", "controlText": "Circle", "function": "click_input", "args": {"button": "left", "double": false}}, {"step": "Draw the selected shape on the document", "controlLabel": "", "controlText": "", "function": "type_keys", "args": {"text": "{VK_LBUTTON down}{VK_LBUTTON up}"}}, {"step": "Use Drawing Tools to format shapes", "controlLabel": "", "controlText": "Drawing Tools", "function": "click_input", "args": {"button": "left", "double": false}}, {"step": "Align or arrange shapes using Arrange group", "controlLabel": "", "controlText": "Arrange", "function": "click_input", "args": {"button": "left", "double": false}}], "action_prefill_file_path": "D:\\agents\\AgentLearner\\cache\\action_prefill\\69871.docx"}