{"Problem": "How to create a power of attorney letter in Word", "Solution Steps": ["Open Microsoft Word.", "Click on **File** in the top left corner.", "Select **New** from the dropdown menu.", "In the search bar, type 'Power of Attorney' and press Enter.", "Browse through the available templates and select one that suits your needs.", "Click **Create** to open the template.", "Fill in the necessary details in the template, such as names, addresses, and specific powers granted.", "Review the document for accuracy and completeness.", "Click on **File** again and select **Save As** to save your document."], "new_problem": "Create a power of attorney letter in Word by opening a new document, searching for a template, selecting and creating it, filling in the necessary details, and saving the document.", "action_plans": [{"step": "Open Microsoft Word", "controlLabel": "", "controlText": "", "function": "", "args": {}}, {"step": "Click on File in the top left corner", "controlLabel": "108", "controlText": "System", "function": "click_input", "args": {"button": "left", "double": false}}, {"step": "Select New from the dropdown menu", "controlLabel": "109", "controlText": "System", "function": "click_input", "args": {"button": "left", "double": false}}, {"step": "In the search bar, type 'Power of Attorney' and press Enter", "controlLabel": "36", "controlText": "Mode", "function": "set_edit_text", "args": {"text": "Power of Attorney"}}, {"step": "Browse through the available templates and select one that suits your needs", "controlLabel": "330", "controlText": "Researcher", "function": "click_input", "args": {"button": "left", "double": false}}, {"step": "Click Create to open the template", "controlLabel": "379", "controlText": "Open", "function": "click_input", "args": {"button": "left", "double": false}}, {"step": "Fill in the necessary details in the template, such as names, addresses, and specific powers granted", "controlLabel": "335", "controlText": "APA", "function": "set_edit_text", "args": {"text": "Fill in the necessary details"}}, {"step": "Review the document for accuracy and completeness", "controlLabel": "", "controlText": "", "function": "", "args": {}}, {"step": "Click on File again and select Save As to save your document", "controlLabel": "9", "controlText": "Save", "function": "click_input", "args": {"button": "left", "double": false}}], "action_prefill_file_path": "D:\\agents\\AgentLearner\\cache\\action_prefill\\69896.docx"}