{"Problem": "How to translate Amharic document to English in Microsoft Word", "Solution Steps": ["Open the Amharic document you want to translate in Microsoft Word.", "Select the text you want to translate. If you want to translate the entire document, press **Ctrl + A** to select all the text.", "Go to the **Review** tab on the ribbon.", "In the **Language** group, click **Translate**.", "Select **Translate Selection** or **Translate Document**.", "In the **Translator** pane that opens, select **Amharic** as the original language and **English** as the target language.", "Click **Translate**.", "The translated text will appear in a new document or in the **Translator** pane, depending on your selection."], "new_problem": "Translate the Amharic document to English in Microsoft Word.", "action_plans": [{"step": "Select all text in the document", "controlLabel": "101", "controlText": "Doc1", "function": "type_keys", "args": {"text": "^a", "newline": false}}, {"step": "Switch to the Review tab", "controlLabel": "31", "controlText": "Review", "function": "click_input", "args": {"button": "left", "double": false}}, {"step": "Click the Translate button", "controlLabel": "365", "controlText": "Translate", "function": "click_input", "args": {"button": "left", "double": false}}, {"step": "Select Translate Document", "controlLabel": "365", "controlText": "Translate", "function": "click_input", "args": {"button": "left", "double": false}}, {"step": "Set original language to Amharic and target language to English", "controlLabel": "", "controlText": "", "function": "set_edit_text", "args": {"control_id": "", "text": "Amharic to English", "newline": true}}, {"step": "Click Translate to complete the translation", "controlLabel": "", "controlText": "", "function": "click_input", "args": {"button": "left", "double": false}}], "action_prefill_file_path": "D:\\agents\\AgentLearner\\cache\\action_prefill\\69898.docx"}