{"Problem": "How to insert a graduation cap symbol in Microsoft Word.", "Solution Steps": ["Open your Microsoft Word document where you want to insert the graduation cap symbol.", "Click on the **Insert** tab at the top of Word.", "In the **Symbols** group, click on **Symbol**.", "If the graduation cap symbol is not visible, click on **More Symbols...**.", "In the **Symbol** dialog box, set the **Font** to a font that includes the graduation cap symbol, such as 'Segoe UI Symbol'.", "Scroll through the symbol list or use the **Character code** box to find the graduation cap symbol.", "Select the graduation cap symbol and click on **Insert**.", "Once inserted, you can click **Close** to exit the Symbol dialog box."], "new_problem": "Insert a graduation cap symbol in the Microsoft Word document.", "action_plans": [{"step": "Switch to the 'Insert' tab", "controlLabel": "25", "controlText": "Insert", "function": "click_input", "args": {"button": "left", "double": false}}, {"step": "Open the 'Symbol' menu", "controlLabel": "276", "controlText": "Symbol", "function": "click_input", "args": {"button": "left", "double": false}}, {"step": "Open 'More Symbols' dialog", "controlLabel": "276", "controlText": "More Symbols...", "function": "click_input", "args": {"button": "left", "double": false}}, {"step": "Select the graduation cap symbol", "controlLabel": "", "controlText": "", "function": "select_text", "args": {"text": "Graduation Cap"}}, {"step": "Insert the graduation cap symbol", "controlLabel": "", "controlText": "", "function": "click_input", "args": {"button": "left", "double": false}}], "action_prefill_file_path": "D:\\agents\\AgentLearner\\cache\\action_prefill\\69908.docx"}