{"Problem": "How to add shortcuts to a Word document", "Solution Steps": ["Open the Word document where you want to add shortcuts.", "Click the **File** tab.", "Select **Options** from the menu.", "In the **Word Options** dialog box, click **Customize Ribbon**.", "Click the **Customize** button next to **Keyboard shortcuts** at the bottom of the dialog box.", "In the **Customize Keyboard** dialog box, select the category and command you want to create a shortcut for.", "Click in the **Press new shortcut key** box and press the key combination you want to assign.", "Click **Assign** to assign the shortcut.", "Click **Close** to close the **Customize Keyboard** dialog box.", "Click **OK** to close the **Word Options** dialog box."], "new_problem": "Add a keyboard shortcut to a command in the Word document.", "action_plans": [{"step": "Click the File tab", "controlLabel": "10", "controlText": "New Blank Document", "function": "click_input", "args": {"button": "left", "double": false}}, {"step": "Select Options from the menu", "controlLabel": "108", "controlText": "System", "function": "click_input", "args": {"button": "left", "double": false}}, {"step": "Click Customize Ribbon in the Word Options dialog box", "controlLabel": "123", "controlText": "Edit", "function": "click_input", "args": {"button": "left", "double": false}}, {"step": "Click the Customize button next to Keyboard shortcuts", "controlLabel": "225", "controlText": "Add-ins", "function": "click_input", "args": {"button": "left", "double": false}}, {"step": "Select the category and command to create a shortcut for", "controlLabel": "289", "controlText": "Paragraph", "function": "click_input", "args": {"button": "left", "double": false}}, {"step": "Click in the Press new shortcut key box and press the key combination", "controlLabel": "146", "controlText": "12", "function": "set_edit_text", "args": {"text": "Ctrl+Alt+S"}}, {"step": "Click Assign to assign the shortcut", "controlLabel": "147", "controlText": "Open", "function": "click_input", "args": {"button": "left", "double": false}}, {"step": "Click Close to close the Customize Keyboard dialog box", "controlLabel": "336", "controlText": "Open", "function": "click_input", "args": {"button": "left", "double": false}}, {"step": "Click OK to close the Word Options dialog box", "controlLabel": "379", "controlText": "Open", "function": "click_input", "args": {"button": "left", "double": false}}], "action_prefill_file_path": "D:\\agents\\AgentLearner\\cache\\action_prefill\\69919.docx"}