{"Problem": "How to adjust the size of a paragraph in Word?", "Solution Steps": ["Select the paragraph or paragraphs you want to adjust.", "Right-click on the selected text and choose **Paragraph** from the context menu.", "In the **Paragraph** dialog box, under the **Indents and Spacing** tab, adjust the settings in the **Spacing** section to change the spacing before or after paragraphs.", "To adjust line spacing, in the same tab, look for the **Line spacing** dropdown menu and choose your desired option (e.g., Single, 1.5 lines, Double).", "Click **OK** to apply the changes."], "new_problem": "Adjust the size of a paragraph in Word by changing the spacing settings.", "action_plans": [{"step": "select the target paragraph", "controlLabel": "", "controlText": "", "function": "select_text", "args": {"text": "text to edit"}}, {"step": "open the Paragraph dialog box", "controlLabel": "197", "controlText": "Paragraph...", "function": "click_input", "args": {"button": "left", "double": false}}, {"step": "adjust the spacing settings", "controlLabel": "", "controlText": "", "function": "set_edit_text", "args": {"control_id": "spacing_after", "text": "10"}}, {"step": "adjust the line spacing", "controlLabel": "", "controlText": "", "function": "set_edit_text", "args": {"control_id": "line_spacing", "text": "1.5"}}, {"step": "apply the changes", "controlLabel": "", "controlText": "", "function": "click_input", "args": {"control_id": "ok_button", "button": "left", "double": false}}], "action_prefill_file_path": "D:\\agents\\AgentLearner\\cache\\action_prefill\\69927.docx"}