{"Problem": "How to accept all corrections in an edited document in Word?", "Solution Steps": ["Open the document with the corrections in Word.", "Go to the **Review** tab.", "In the **Changes** group, click on **Accept**.", "Click on **Accept All Changes** to accept all corrections in the document."], "new_problem": "Accept all corrections in the edited document in Word.", "action_plans": [{"step": "Switch to the Review tab", "controlLabel": "25", "controlText": "Review", "function": "click_input", "args": {"button": "left", "double": false}}, {"step": "Click the Accept button", "controlLabel": "386", "controlText": "Accept", "function": "click_input", "args": {"button": "left", "double": false}}, {"step": "Click Accept All Changes", "controlLabel": "388", "controlText": "More Options", "function": "click_input", "args": {"button": "left", "double": false}}], "action_prefill_file_path": "D:\\agents\\AgentLearner\\cache\\action_prefill\\69921.docx"}