{"Problem": "How to access the add-ons tab in Microsoft Word Professional 2010?", "Solution Steps": ["Open Microsoft Word Professional 2010.", "Click the **File** tab in the upper-left corner.", "Select **Options** from the menu.", "In the **Word Options** dialog box, click **Add-Ins** on the left sidebar.", "At the bottom of the window, in the **Manage** box, select **COM Add-ins** and then click **Go**.", "In the **COM Add-Ins** dialog box, check the add-ons you want to enable and click **OK**."], "new_problem": "Access the add-ons tab in Microsoft Word Professional 2010 by navigating through the File tab and selecting Options.", "action_plans": [{"step": "Click the File tab", "controlLabel": "22", "controlText": "File Tab", "function": "click_input", "args": {"button": "left", "double": false}}, {"step": "Select Options from the menu", "controlLabel": "109", "controlText": "System", "function": "click_input", "args": {"button": "left", "double": false}}, {"step": "Click Add-Ins on the left sidebar in the Word Options dialog box", "controlLabel": "225", "controlText": "Add-ins", "function": "click_input", "args": {"button": "left", "double": false}}], "action_prefill_file_path": "D:\\agents\\AgentLearner\\cache\\action_prefill\\69920.docx"}