{"Problem": "How to replace words in MS Word", "Solution Steps": ["Open the Word document where you want to replace words.", "Go to the **Home** tab.", "In the **Editing** group, click on **Replace**.", "In the **Find and Replace** dialog box, enter the word you want to find in the **Find what** field.", "Enter the word you want to replace it with in the **Replace with** field.", "Click **Replace** to replace the first instance or **Replace All** to replace all instances of the word.", "Click **Close** to exit the dialog box."], "new_problem": "Replace the word 'text' with 'content' in the MS Word document.", "action_plans": [{"step": "Navigate to the Home tab", "controlLabel": "24", "controlText": "Home", "function": "click_input", "args": {"button": "left", "double": false}}, {"step": "Click on Replace button", "controlLabel": "217", "controlText": "Replace...", "function": "click_input", "args": {"button": "left", "double": false}}, {"step": "Enter the word to find", "controlLabel": "14", "controlText": "Search", "function": "set_edit_text", "args": {"control_id": "14", "text": "text"}}, {"step": "Enter the word to replace with", "controlLabel": "14", "controlText": "Search", "function": "set_edit_text", "args": {"control_id": "14", "text": "content"}}, {"step": "Click Replace All", "controlLabel": "217", "controlText": "Replace...", "function": "click_input", "args": {"button": "left", "double": false}}, {"step": "Close the Replace dialog", "controlLabel": "217", "controlText": "Replace...", "function": "click_input", "args": {"button": "left", "double": false}}], "action_prefill_file_path": "D:\\agents\\AgentLearner\\cache\\action_prefill\\69931.docx"}