{"Problem": "How to choose a formal font for a letter in Word", "Solution Steps": ["Open your document in Word.", "Select the text you want to change to a formal font.", "Go to the **Home** tab.", "In the **Font** group, click the drop-down arrow next to the **Font** box.", "Scroll through the list and select a formal font such as 'Times New Roman' or 'Arial'."], "new_problem": "Choose a formal font like 'Times New Roman' or 'Arial' for the text 'text to edit' in the Word document.", "action_plans": [{"step": "Select the text 'text to edit'", "controlLabel": "", "controlText": "", "function": "select_text", "args": {"text": "text to edit"}}, {"step": "Navigate to the Home tab", "controlLabel": "11", "controlText": "Home", "function": "click_input", "args": {"button": "left", "double": false}}, {"step": "Open the font dropdown", "controlLabel": "142", "controlText": "Font", "function": "click_input", "args": {"button": "left", "double": false}}, {"step": "Select the formal font 'Times New Roman'", "controlLabel": "143", "controlText": "Aptos (Body)", "function": "set_edit_text", "args": {"control_id": "143", "text": "Times New Roman"}}], "action_prefill_file_path": "D:\\agents\\AgentLearner\\cache\\action_prefill\\69937.docx"}