{"Problem": "How can I view two Word documents side by side?", "Solution Steps": ["Open both Word documents that you want to view side by side.", "Go to one of the open documents.", "Click the **View** tab on the ribbon.", "In the **Window** group, click **View Side by Side**.", "If you have more than two documents open, Word will prompt you to select the document you want to compare side by side. Select the other document and click **OK**."], "new_problem": "View two Word documents side by side.", "action_plans": [{"step": "Open the first Word document", "controlLabel": "12", "controlText": "\u202aDoc1\u202c  -  General  -  Saved to this PC", "function": "click_input", "args": {"button": "left", "double": false}}, {"step": "Open the second Word document", "controlLabel": "12", "controlText": "\u202aDoc2\u202c  -  General  -  Saved to this PC", "function": "click_input", "args": {"button": "left", "double": false}}, {"step": "Go to the 'View' tab", "controlLabel": "32", "controlText": "View", "function": "click_input", "args": {"button": "left", "double": false}}, {"step": "Click 'View Side by Side'", "controlLabel": "357", "controlText": "View Side by Side", "function": "click_input", "args": {"button": "left", "double": false}}, {"step": "Select the other document to compare if prompted", "controlLabel": "", "controlText": "", "function": "click_input", "args": {"button": "left", "double": false}}], "action_prefill_file_path": "D:\\agents\\AgentLearner\\cache\\action_prefill\\69930.docx"}