{"Problem": "How to estimate the word count for three-quarters of a Microsoft Word page?", "Solution Steps": ["Open your document in Microsoft Word.", "Select the text that covers approximately three-quarters of the page.", "Click the **Review** tab on the ribbon.", "In the **Proofing** group, click **Word Count**.", "In the Word Count dialog box, review the number of words in the **Words** field."], "new_problem": "Estimate the word count for three-quarters of a Microsoft Word page.", "action_plans": [{"step": "Select the text that covers approximately three-quarters of the page", "controlLabel": "", "controlText": "", "function": "select_text", "args": {"text": "[Grab your reader\u2019s attention with a great quote from the document or use this space to emphasize a key point. To place this text box anywhere on the page, just drag it.]"}}, {"step": "Switch to the 'Review' tab", "controlLabel": "31", "controlText": "Review", "function": "click_input", "args": {"button": "left", "double": false}}, {"step": "Click the 'Word Count' button", "controlLabel": "357", "controlText": "Word Count", "function": "click_input", "args": {"button": "left", "double": false}}], "action_prefill_file_path": "D:\\agents\\AgentLearner\\cache\\action_prefill\\69941.docx"}