{"Problem": "How to fix disappearing Home view in Microsoft Word", "Solution Steps": ["Open Microsoft Word.", "If the **Home** tab is not visible, right-click on any visible tab like **File** or **Insert**.", "From the context menu, select **Customize the Ribbon**.", "In the **Customize the Ribbon** window, on the right side, make sure the **Main Tabs** option is selected.", "In the list under **Main Tabs**, ensure that the checkbox next to **Home** is checked. If it is unchecked, click the checkbox to mark it.", "Click **OK** to save the changes and close the dialog box.", "The **Home** tab should now be visible on the ribbon."], "new_problem": "Fix the disappearing Home view in Microsoft Word by customizing the ribbon and ensuring the Home tab is checked.", "action_plans": [{"step": "Right-click on the 'Design' tab", "controlLabel": "27", "controlText": "Design", "function": "click_input", "args": {"button": "right", "double": false}}, {"step": "Select 'Customize the Ribbon' from the context menu", "controlLabel": "11", "controlText": "Customize Quick Access Toolbar", "function": "click_input", "args": {"button": "left", "double": false}}, {"step": "Ensure 'Main Tabs' option is selected", "controlLabel": "", "controlText": "", "function": "select_text", "args": {"text": "Main Tabs"}}, {"step": "Check the 'Home' tab if it is unchecked", "controlLabel": "24", "controlText": "Home", "function": "click_input", "args": {"button": "left", "double": false}}, {"step": "Click 'OK' to save changes", "controlLabel": "", "controlText": "OK", "function": "click_input", "args": {"button": "left", "double": false}}], "action_prefill_file_path": "D:\\agents\\AgentLearner\\cache\\action_prefill\\69943.docx"}