{"Problem": "How to download and install Fmbindumathi font for Microsoft Word", "Solution Steps": ["Download the Fmbindumathi font file from a trusted website.", "Locate the downloaded font file, which is usually in a .zip or .ttf format.", "If the font file is in a .zip format, right-click the file and select **Extract All** to unzip it.", "Right-click the .ttf file and select **Install**.", "Open Microsoft Word.", "Click the **Home** tab.", "In the **Font** group, click the drop-down arrow in the font list.", "Scroll down to find and select the Fmbindumathi font."], "new_problem": "Download and install the Fmbindumathi font for Microsoft Word, and then select it in the font list.", "action_plans": [{"step": "Download the Fmbindumathi font file from a trusted website", "controlLabel": "", "controlText": "", "function": "", "args": {}}, {"step": "Locate the downloaded font file, which is usually in a .zip or .ttf format", "controlLabel": "", "controlText": "", "function": "", "args": {}}, {"step": "If the font file is in a .zip format, right-click the file and select 'Extract All' to unzip it", "controlLabel": "", "controlText": "", "function": "", "args": {}}, {"step": "Right-click the .ttf file and select 'Install'", "controlLabel": "", "controlText": "", "function": "", "args": {}}, {"step": "Open Microsoft Word", "controlLabel": "", "controlText": "", "function": "", "args": {}}, {"step": "Click the 'Home' tab", "controlLabel": "24", "controlText": "Home", "function": "click_input", "args": {"button": "left", "double": false}}, {"step": "In the 'Font' group, click the drop-down arrow in the font list", "controlLabel": "142", "controlText": "Font", "function": "click_input", "args": {"button": "left", "double": false}}, {"step": "Scroll down to find and select the Fmbindumathi font", "controlLabel": "143", "controlText": "Aptos (Body)", "function": "set_edit_text", "args": {"text": "Fmbindumathi"}}], "action_prefill_file_path": "D:\\agents\\AgentLearner\\cache\\action_prefill\\69957.docx"}