{"Problem": "How to insert a PDF link into a Word document", "Solution Steps": ["Place the cursor where you want to insert the PDF link.", "Go to the **Insert** tab.", "In the **Links** group, click **Link**.", "In the **Insert Hyperlink** dialog box, click **Existing File or Web Page**.", "Navigate to the location of the PDF file you want to link to.", "Select the PDF file and click **OK**."], "new_problem": "Insert a PDF link into the Word document by following the reference steps.", "action_plans": [{"step": "Place the cursor where you want to insert the PDF link", "controlLabel": "101", "controlText": "", "function": "click_input", "args": {"button": "left", "double": false}}, {"step": "Go to the Insert tab", "controlLabel": "25", "controlText": "Insert", "function": "click_input", "args": {"button": "left", "double": false}}, {"step": "Click the Link button", "controlLabel": "332", "controlText": "Insert Citation", "function": "click_input", "args": {"button": "left", "double": false}}, {"step": "Select Existing File or Web Page", "controlLabel": "336", "controlText": "Open", "function": "click_input", "args": {"button": "left", "double": false}}, {"step": "Navigate to the location of the PDF file", "controlLabel": "336", "controlText": "Open", "function": "click_input", "args": {"button": "left", "double": false}}, {"step": "Select the PDF file and click OK", "controlLabel": "336", "controlText": "Open", "function": "click_input", "args": {"button": "left", "double": false}}], "action_prefill_file_path": "D:\\agents\\AgentLearner\\cache\\action_prefill\\69964.docx"}