{"Problem": "How does mail merge work in Word?", "Solution Steps": ["Open your Word document.", "Go to the **Mailings** tab.", "Click **Start Mail Merge** and select the type of document you want to create (e.g., Letters, E-mail Messages, etc.).", "Click **Select Recipients** and choose an option to either use an existing list, select from Outlook contacts, or type a new list.", "If you choose **Use an Existing List**, browse to the file and select it.", "Click **Insert Merge Field** to add fields like First Name, Last Name, Address, etc., into your document.", "Write your letter or document, inserting merge fields where needed.", "Click **Preview Results** to see how your document will look with the recipient data.", "Click **Finish & Merge** and choose to either print the documents or send them as email messages."], "new_problem": "Guide the user through the mail merge process in Word.", "action_plans": [{"step": "Open the Mailings tab", "controlLabel": "30", "controlText": "Mailings", "function": "click_input", "args": {"button": "left", "double": false}}, {"step": "Start the mail merge", "controlLabel": "", "controlText": "Start Mail Merge", "function": "click_input", "args": {"button": "left", "double": false}}, {"step": "Select the type of document", "controlLabel": "", "controlText": "Letters", "function": "click_input", "args": {"button": "left", "double": false}}, {"step": "Select recipients", "controlLabel": "", "controlText": "Select Recipients", "function": "click_input", "args": {"button": "left", "double": false}}, {"step": "Use an existing list", "controlLabel": "", "controlText": "Use an Existing List", "function": "click_input", "args": {"button": "left", "double": false}}, {"step": "Browse to the file and select it", "controlLabel": "", "controlText": "Browse", "function": "click_input", "args": {"button": "left", "double": false}}, {"step": "Insert merge fields", "controlLabel": "", "controlText": "Insert Merge Field", "function": "click_input", "args": {"button": "left", "double": false}}, {"step": "Preview the results", "controlLabel": "", "controlText": "Preview Results", "function": "click_input", "args": {"button": "left", "double": false}}, {"step": "Finish and merge", "controlLabel": "", "controlText": "Finish & Merge", "function": "click_input", "args": {"button": "left", "double": false}}, {"step": "Choose to print or send as email", "controlLabel": "", "controlText": "Print Documents", "function": "click_input", "args": {"button": "left", "double": false}}], "action_prefill_file_path": "D:\\agents\\AgentLearner\\cache\\action_prefill\\69960.docx"}