{"Problem": "How to create an approved merge letter template in Word", "Solution Steps": ["Open Microsoft Word.", "Click on the **File** tab and select **New**.", "In the search bar, type **Letter** and press Enter.", "Select a letter template that suits your needs and click **Create**.", "Customize the template with your content, such as your address, recipient's address, and body of the letter.", "Click on the **Mailings** tab.", "Click **Start Mail Merge** and select **Letters**.", "Click **Select Recipients** and choose an option to add your recipient list (e.g., **Type a New List** or **Use an Existing List**).", "Insert merge fields by clicking **Insert Merge Field** and selecting the fields you want to include (e.g., First Name, Last Name).", "Format the letter as needed and save the document by clicking the **File** tab and selecting **Save As**.", "Name your template and choose a location to save it, then click **Save**."], "new_problem": "Create an approved merge letter template in Word by opening a new document, selecting a letter template, customizing it, and setting up mail merge fields.", "action_plans": [{"step": "Open a new document", "controlLabel": "108", "controlText": "System", "function": "click_input", "args": {"control_id": "108", "button": "left", "double": false}}, {"step": "Select New from the File tab", "controlLabel": "336", "controlText": "Open", "function": "click_input", "args": {"control_id": "336", "button": "left", "double": false}}, {"step": "Search for a letter template", "controlLabel": "143", "controlText": "Aptos (Body)", "function": "set_edit_text", "args": {"control_id": "143", "text": "Letter", "newline": true}}, {"step": "Select a letter template", "controlLabel": "144", "controlText": "Open", "function": "click_input", "args": {"control_id": "144", "button": "left", "double": false}}, {"step": "Customize the template with your content", "controlLabel": "", "controlText": "", "function": "set_edit_text", "args": {"control_id": "", "text": "Your Address\nRecipient's Address\nBody of the letter", "newline": true}}, {"step": "Click on the Mailings tab", "controlLabel": "30", "controlText": "Mailings", "function": "click_input", "args": {"control_id": "30", "button": "left", "double": false}}, {"step": "Start Mail Merge and select Letters", "controlLabel": "31", "controlText": "Review", "function": "click_input", "args": {"control_id": "31", "button": "left", "double": false}}, {"step": "Select Recipients and choose an option", "controlLabel": "34", "controlText": "Help", "function": "click_input", "args": {"control_id": "34", "button": "left", "double": false}}, {"step": "Insert merge fields", "controlLabel": "136", "controlText": "Paste", "function": "click_input", "args": {"control_id": "136", "button": "left", "double": false}}, {"step": "Save the document as a template", "controlLabel": "9", "controlText": "Save", "function": "click_input", "args": {"control_id": "9", "button": "left", "double": false}}], "action_prefill_file_path": "D:\\agents\\AgentLearner\\cache\\action_prefill\\69966.docx"}