{"Problem": "How to add a double line under a heading", "Solution Steps": ["Select the heading text to which you want to add a double line.", "On the **Home** tab, in the **Paragraph** group, click the arrow next to **Borders**.", "Click **Borders and Shading**.", "In the **Borders and Shading** dialog box, go to the **Borders** tab.", "Under **Style**, select the double line style.", "Under **Preview**, click the buttons to apply the double line to the bottom of the heading.", "Click **OK** to apply the double line."], "new_problem": "Add a double line under the heading 'text to edit' in the document.", "action_plans": [{"step": "Select the heading text 'text to edit'", "controlLabel": "", "controlText": "", "function": "select_text", "args": {"text": "text to edit"}}, {"step": "Switch to the Home tab", "controlLabel": "24", "controlText": "Home", "function": "click_input", "args": {"button": "left", "double": false}}, {"step": "Click the Borders button", "controlLabel": "", "controlText": "Borders", "function": "click_input", "args": {"button": "left", "double": false}}, {"step": "Click Borders and Shading", "controlLabel": "", "controlText": "Borders and Shading", "function": "click_input", "args": {"button": "left", "double": false}}, {"step": "Select the double line style", "controlLabel": "", "controlText": "", "function": "click_input", "args": {"button": "left", "double": false}}, {"step": "Apply the double line to the bottom of the heading", "controlLabel": "", "controlText": "", "function": "click_input", "args": {"button": "left", "double": false}}, {"step": "Click OK to apply the double line", "controlLabel": "", "controlText": "OK", "function": "click_input", "args": {"button": "left", "double": false}}], "action_prefill_file_path": "D:\\agents\\AgentLearner\\cache\\action_prefill\\69961.docx"}