{"Problem": "How to create a gardening quote form in Word.", "Solution Steps": ["Open Microsoft Word.", "Click on **File** and select **New**.", "In the search bar, type 'quote form' and press Enter.", "Browse through the available templates and select a template that suits your needs.", "Click **Create** to open the template.", "Customize the template with your gardening business details, such as your company name, contact information, and logo.", "Fill in the quote details, including the services offered, prices, and any terms and conditions.", "Save the document by clicking **File** and then **Save As**. Choose a location and file format, then click **Save**."], "new_problem": "Create a gardening quote form in Word by opening a new document, selecting a quote form template, customizing it with gardening business details, and saving the document.", "action_plans": [{"step": "Open a new document", "controlLabel": "", "controlText": "", "function": "type_keys", "args": {"text": "{VK_CONTROL down}{N down}{N up}{VK_CONTROL up}", "newline": false}}, {"step": "Search for a quote form template", "controlLabel": "", "controlText": "", "function": "type_keys", "args": {"text": "quote form{ENTER}", "newline": false}}, {"step": "Select a suitable template", "controlLabel": "", "controlText": "", "function": "click_input", "args": {"button": "left", "double": false}}, {"step": "Create the template", "controlLabel": "", "controlText": "", "function": "click_input", "args": {"button": "left", "double": false}}, {"step": "Customize the template with business details", "controlLabel": "", "controlText": "", "function": "set_edit_text", "args": {"control_id": "", "text": "Gardening Business Name\nContact Information\nLogo", "newline": true}}, {"step": "Fill in the quote details", "controlLabel": "", "controlText": "", "function": "set_edit_text", "args": {"control_id": "", "text": "Services Offered\nPrices\nTerms and Conditions", "newline": true}}, {"step": "Save the document", "controlLabel": "9", "controlText": "Save", "function": "click_input", "args": {"button": "left", "double": false}}, {"step": "Choose a location and file format", "controlLabel": "", "controlText": "", "function": "set_edit_text", "args": {"control_id": "", "text": "C:\\Users\\User\\Documents\\GardeningQuoteForm.docx", "newline": true}}, {"step": "Confirm save", "controlLabel": "", "controlText": "", "function": "click_input", "args": {"button": "left", "double": false}}], "action_prefill_file_path": "D:\\agents\\AgentLearner\\cache\\action_prefill\\69969.docx"}