{"Problem": "How to align text vertically in a table cell in Word", "Solution Steps": ["Select the table cell or cells where you want to align the text vertically.", "Right-click the selected cell(s) and choose **Table Properties**.", "In the **Table Properties** dialog box, go to the **Cell** tab.", "Click **Options**.", "In the **Cell Options** dialog box, ensure that the **Vertical alignment** options are visible.", "Select the desired vertical alignment option: **Top**, **Center**, or **Bottom**.", "Click **OK** to close the **Cell Options** dialog box.", "Click **OK** again to close the **Table Properties** dialog box."], "new_problem": "Align text vertically in a table cell in Word.", "action_plans": [{"step": "Select the first table in the document", "controlLabel": "", "controlText": "", "function": "select_table", "args": {"number": 1}}, {"step": "Open the context menu for the selected table cell", "controlLabel": "", "controlText": "", "function": "type_keys", "args": {"text": "{VK_APPS}", "newline": false}}, {"step": "Open Table Properties from the context menu", "controlLabel": "", "controlText": "", "function": "type_keys", "args": {"text": "T", "newline": false}}, {"step": "Navigate to the Cell tab in Table Properties", "controlLabel": "", "controlText": "", "function": "type_keys", "args": {"text": "{VK_CONTROL down}{VK_TAB}{VK_CONTROL up}", "newline": false}}, {"step": "Open Cell Options", "controlLabel": "", "controlText": "", "function": "type_keys", "args": {"text": "O", "newline": false}}, {"step": "Select the desired vertical alignment option", "controlLabel": "", "controlText": "", "function": "type_keys", "args": {"text": "{VK_TAB}{VK_TAB}{VK_TAB}{VK_DOWN}", "newline": false}}, {"step": "Confirm the selection and close the dialog", "controlLabel": "", "controlText": "", "function": "type_keys", "args": {"text": "{ENTER}", "newline": false}}, {"step": "Close the Table Properties dialog", "controlLabel": "", "controlText": "", "function": "type_keys", "args": {"text": "{ENTER}", "newline": false}}], "action_prefill_file_path": "D:\\agents\\AgentLearner\\cache\\action_prefill\\69968.docx"}