{"Problem": "How to create a 4th of July word search puzzle in Word.", "Solution Steps": ["Open Microsoft Word.", "Click on the **Insert** tab.", "Click **Table** and select the number of rows and columns you want for your word search grid.", "Enter the letters into the table cells to form the words related to 4th of July, filling the remaining cells with random letters.", "Click on the **Design** tab under **Table Tools** to format the table as needed.", "To add a title, click on the **Insert** tab, then click **Text Box** and choose **Simple Text Box**.", "Type '4th of July Word Search' in the text box and format it as desired.", "To add a word list, click on the **Insert** tab, then click **Text Box** and choose **Simple Text Box**.", "Type the list of words to be found in the word search puzzle and format it as desired.", "Save your document by clicking on the **File** tab and selecting **Save As**."], "new_problem": "Create a 4th of July word search puzzle in Word by inserting a table, filling it with letters, adding a title, and adding a word list.", "action_plans": ["{ \"step\": \"click on the Insert tab\", \"controlLabel\": \"25\", \"controlText\": \"Insert\", \"function\": \"click_input\", \"args\": { \"button\": \"left\", \"double\": false } }", "{ \"step\": \"click on Table and insert a 10x10 table\", \"controlLabel\": \"\", \"controlText\": \"Table\", \"function\": \"insert_table\", \"args\": { \"columns\": 10, \"rows\": 10 } }", "{ \"step\": \"enter letters into the table cells to form words related to 4th of July\", \"controlLabel\": \"\", \"controlText\": \"\", \"function\": \"set_edit_text\", \"args\": { \"control_id\": \"\", \"text\": \"4th of July related words and random letters\" } }", "{ \"step\": \"click on the Design tab under Table Tools to format the table\", \"controlLabel\": \"27\", \"controlText\": \"Design\", \"function\": \"click_input\", \"args\": { \"button\": \"left\", \"double\": false } }", "{ \"step\": \"click on the Insert tab to add a title\", \"controlLabel\": \"25\", \"controlText\": \"Insert\", \"function\": \"click_input\", \"args\": { \"button\": \"left\", \"double\": false } }", "{ \"step\": \"click on Text Box and choose Simple Text Box\", \"controlLabel\": \"\", \"controlText\": \"Text Box\", \"function\": \"click_input\", \"args\": { \"button\": \"left\", \"double\": false } }", "{ \"step\": \"type '4th of July Word Search' in the text box and format it\", \"controlLabel\": \"\", \"controlText\": \"\", \"function\": \"set_edit_text\", \"args\": { \"control_id\": \"\", \"text\": \"4th of July Word Search\" } }", "{ \"step\": \"click on the Insert tab to add a word list\", \"controlLabel\": \"25\", \"controlText\": \"Insert\", \"function\": \"click_input\", \"args\": { \"button\": \"left\", \"double\": false } }", "{ \"step\": \"click on Text Box and choose Simple Text Box\", \"controlLabel\": \"\", \"controlText\": \"Text Box\", \"function\": \"click_input\", \"args\": { \"button\": \"left\", \"double\": false } }", "{ \"step\": \"type the list of words to be found in the word search puzzle and format it\", \"controlLabel\": \"\", \"controlText\": \"\", \"function\": \"set_edit_text\", \"args\": { \"control_id\": \"\", \"text\": \"List of words related to 4th of July\" } }", "{ \"step\": \"save the document\", \"controlLabel\": \"9\", \"controlText\": \"Save\", \"function\": \"click_input\", \"args\": { \"button\": \"left\", \"double\": false } }"], "action_prefill_file_path": "D:\\agents\\AgentLearner\\cache\\action_prefill\\69982.docx"}