{"Problem": "How to add a sentence to maximize word count to 500 in Word?", "Solution Steps": ["Open your Word document.", "Place the cursor where you want to add the sentence.", "Type the sentence you want to add.", "To check the word count, click the **Review** tab.", "In the **Proofing** group, click **Word Count**.", "Ensure the total word count is now 500. If not, repeat the process until the word count reaches 500."], "new_problem": "Add a sentence to maximize the word count to 500 in the Word document.", "action_plans": ["{ \"step\": \"place the cursor at the end of the document\", \"controlLabel\": \"\", \"controlText\": \"\", \"function\": \"click_input\", \"args\": { \"control_id\": \"\", \"control_name\": \"\", \"button\": \"left\", \"double\": false } }", "{ \"step\": \"type the sentence to add\", \"controlLabel\": \"\", \"controlText\": \"\", \"function\": \"set_edit_text\", \"args\": { \"control_id\": \"\", \"control_name\": \"Edit\", \"text\": \"This is a sentence to increase the word count.\", \"newline\": true } }", "{ \"step\": \"click the Review tab\", \"controlLabel\": \"\", \"controlText\": \"Review\", \"function\": \"click_input\", \"args\": { \"control_id\": \"\", \"control_name\": \"Review\", \"button\": \"left\", \"double\": false } }", "{ \"step\": \"click the Word Count button\", \"controlLabel\": \"\", \"controlText\": \"Word Count\", \"function\": \"click_input\", \"args\": { \"control_id\": \"\", \"control_name\": \"Word Count\", \"button\": \"left\", \"double\": false } }", "{ \"step\": \"check if the word count is 500\", \"controlLabel\": \"\", \"controlText\": \"Word Count 0 words\", \"function\": \"\", \"args\": {} }", "{ \"step\": \"repeat the process if word count is not 500\", \"controlLabel\": \"\", \"controlText\": \"\", \"function\": \"\", \"args\": {} }"], "action_prefill_file_path": "D:\\agents\\AgentLearner\\cache\\action_prefill\\69981.docx"}