{"Problem": "How to use cute fonts in Word", "Solution Steps": ["Open your Word document.", "Select the text you want to change to a cute font.", "Go to the **Home** tab.", "In the **Font** group, click the drop-down arrow next to the **Font** box.", "Scroll through the list of fonts and select a cute font you like (e.g., Comic Sans MS, Kristen ITC, etc.).", "If you don't see a font you like, you can download additional fonts from the internet and install them on your computer.", "To install a new font, download the font file, right-click on it, and select **Install**.", "After installing, restart Word and the new font should appear in the **Font** list."], "new_problem": "Use cute fonts in Word by selecting the text, navigating to the Home tab, and choosing a cute font from the font dropdown.", "action_plans": [{"step": "select the text 'text to edit'", "controlLabel": "", "controlText": "", "function": "select_text", "args": {"text": "text to edit"}}, {"step": "navigate to the Home tab", "controlLabel": "11", "controlText": "Home", "function": "click_input", "args": {"button": "left", "double": false}}, {"step": "open the font dropdown", "controlLabel": "142", "controlText": "Font", "function": "click_input", "args": {"button": "left", "double": false}}, {"step": "select a cute font", "controlLabel": "143", "controlText": "Aptos (Body)", "function": "set_edit_text", "args": {"text": "Comic Sans MS"}}], "action_prefill_file_path": "D:\\agents\\AgentLearner\\cache\\action_prefill\\69993.docx"}