{"Problem": "How to determine which side is which when creating a booklet in Word?", "Solution Steps": ["Open your Word document and click on the **Layout** tab.", "In the **Page Setup** group, click on **Margins**.", "Select **Custom Margins** from the drop-down menu to open the Page Setup dialog box.", "Go to the **Margins** tab, under **Pages**, select **Book fold** from the Multiple pages drop-down menu.", "Word will automatically adjust the pages into booklet format, where the right side of the first page is the front cover, and the left side is the back cover when printed.", "To visualize the layout, you can click on **View** tab and select **Multiple Pages** to see how the pages will be ordered in the booklet."], "new_problem": "Determine which side is which when creating a booklet in Word by setting up the document in 'Book fold' format and visualizing the layout.", "action_plans": [{"step": "Open the Layout tab", "controlLabel": "27", "controlText": "Design", "function": "click_input", "args": {"button": "left", "double": false}}, {"step": "Click on Margins", "controlLabel": "", "controlText": "Margins", "function": "click_input", "args": {"button": "left", "double": false}}, {"step": "Select Custom Margins", "controlLabel": "", "controlText": "Custom Margins", "function": "click_input", "args": {"button": "left", "double": false}}, {"step": "Open the Page Setup dialog box", "controlLabel": "", "controlText": "", "function": "click_input", "args": {"button": "left", "double": false}}, {"step": "Select Book fold from the Multiple pages drop-down menu", "controlLabel": "", "controlText": "", "function": "click_input", "args": {"button": "left", "double": false}}, {"step": "Click on the View tab", "controlLabel": "", "controlText": "View", "function": "click_input", "args": {"button": "left", "double": false}}, {"step": "Select Multiple Pages to visualize the layout", "controlLabel": "", "controlText": "Multiple Pages", "function": "click_input", "args": {"button": "left", "double": false}}], "action_prefill_file_path": "D:\\agents\\AgentLearner\\cache\\action_prefill\\69990.docx"}