{"Problem": "How to apply a document theme in Word?", "Solution Steps": ["Open the Word document to which you want to apply a theme.", "Click the **Design** tab on the Ribbon.", "In the **Document Formatting** group, click **Themes**.", "Select the theme you want from the drop-down list."], "new_problem": "Apply a specific theme in the Word document.", "action_plans": [{"step": "Click the 'Themes' button in the 'Design' tab", "controlLabel": "27", "controlText": "Design", "function": "click_input", "args": {"button": "left", "double": false}}, {"step": "Select a theme from the drop-down list", "controlLabel": "", "controlText": "Themes", "function": "click_input", "args": {"button": "left", "double": false}}], "action_prefill_file_path": "D:\\agents\\AgentLearner\\cache\\action_prefill\\69998.docx"}