{"Problem": "How to insert an Excalidraw file in Word", "Solution Steps": ["Open your Word document.", "Place the cursor where you want to insert the Excalidraw file.", "Click the **Insert** tab.", "In the **Text** group, click **Object**.", "In the **Object** dialog box, click the **Create from File** tab.", "Click **Browse** and locate your Excalidraw file.", "Select the file and click **Insert**.", "Click **OK** to insert the file into your Word document."], "new_problem": "Insert an Excalidraw file into the Word document.", "action_plans": [{"step": "Switch to the Insert tab", "controlLabel": "25", "controlText": "Insert", "function": "click_input", "args": {"button": "left", "double": false}}, {"step": "Click the Object button", "controlLabel": "", "controlText": "Object", "function": "click_input", "args": {"button": "left", "double": false}}, {"step": "Select Create from File tab in the Object dialog", "controlLabel": "", "controlText": "Create from File", "function": "click_input", "args": {"button": "left", "double": false}}, {"step": "Click Browse to locate the Excalidraw file", "controlLabel": "", "controlText": "Browse", "function": "click_input", "args": {"button": "left", "double": false}}, {"step": "Select the Excalidraw file and click Insert", "controlLabel": "", "controlText": "Insert", "function": "click_input", "args": {"button": "left", "double": false}}, {"step": "Click OK to insert the file into the document", "controlLabel": "", "controlText": "OK", "function": "click_input", "args": {"button": "left", "double": false}}], "action_prefill_file_path": "D:\\agents\\AgentLearner\\cache\\action_prefill\\7000.docx"}