{"Problem": "How to add a name at the bottom of a page in Word", "Solution Steps": ["Click the **Insert** tab.", "In the **Header & Footer** group, click **Footer**.", "Choose a footer style from the drop-down menu.", "Click inside the footer area at the bottom of the page.", "Type the name you want to add.", "Click **Close Header and Footer** on the **Design** tab to return to the main document."], "new_problem": "Add the name 'John Doe' at the bottom of the page in the Word document.", "action_plans": [{"step": "Click the Insert tab", "controlLabel": "25", "controlText": "Insert", "function": "click_input", "args": {"button": "left", "double": false}}, {"step": "Click the Footer button", "controlLabel": "", "controlText": "Footer", "function": "click_input", "args": {"button": "left", "double": false}}, {"step": "Choose a footer style from the drop-down menu", "controlLabel": "", "controlText": "Footer Style", "function": "click_input", "args": {"button": "left", "double": false}}, {"step": "Click inside the footer area at the bottom of the page", "controlLabel": "", "controlText": "Footer Area", "function": "click_input", "args": {"button": "left", "double": false}}, {"step": "Type the name 'John Doe'", "controlLabel": "103", "controlText": "Page 1 content", "function": "set_edit_text", "args": {"control_id": "103", "text": "John Doe", "newline": true}}, {"step": "Click Close Header and Footer", "controlLabel": "21", "controlText": "Close", "function": "click_input", "args": {"button": "left", "double": false}}], "action_prefill_file_path": "D:\\agents\\AgentLearner\\cache\\action_prefill\\70006.docx"}