{"Problem": "How to create a daily devotional template in Word", "Solution Steps": ["Open Microsoft Word.", "Click on **File** in the top left corner.", "Select **New** from the dropdown menu.", "In the search bar, type 'daily devotional' and press Enter.", "Browse through the available templates. If you find a suitable one, click on it and then click **Create**.", "If no suitable template is found, select **Blank document** to create your own template.", "Design your template by adding sections such as Date, Scripture, Reflection, Prayer, and Notes.", "Use the **Insert** tab to add text boxes, images, or tables as needed.", "Format the text and layout using the **Home** tab options.", "Once your template is ready, save it by clicking **File** and then **Save As**.", "Choose a location, enter a file name, and select **Word Template** (*.dotx) from the Save as type dropdown menu.", "Click **Save** to save your daily devotional template."], "new_problem": "Create a daily devotional template in Word by designing sections such as Date, Scripture, Reflection, Prayer, and Notes, and save it as a Word Template (*.dotx).", "action_plans": [{"step": "Click on the File tab to open the file menu", "controlLabel": "22", "controlText": "File Tab", "function": "click_input", "args": {"button": "left", "double": false}}, {"step": "Select New to create a new document", "controlLabel": "10", "controlText": "New Blank Document", "function": "click_input", "args": {"button": "left", "double": false}}, {"step": "Switch to the Insert tab to add elements", "controlLabel": "25", "controlText": "Insert", "function": "click_input", "args": {"button": "left", "double": false}}, {"step": "Insert a table for the Date section", "controlLabel": "", "controlText": "", "function": "insert_table", "args": {"columns": 2, "rows": 1}}, {"step": "Switch to the Home tab to format text", "controlLabel": "24", "controlText": "Home", "function": "click_input", "args": {"button": "left", "double": false}}, {"step": "Type 'Date' in the first cell", "controlLabel": "", "controlText": "", "function": "set_edit_text", "args": {"control_id": "", "text": "Date", "newline": true}}, {"step": "Type 'Scripture' in the next section", "controlLabel": "", "controlText": "", "function": "set_edit_text", "args": {"control_id": "", "text": "Scripture", "newline": true}}, {"step": "Type 'Reflection' in the next section", "controlLabel": "", "controlText": "", "function": "set_edit_text", "args": {"control_id": "", "text": "Reflection", "newline": true}}, {"step": "Type 'Prayer' in the next section", "controlLabel": "", "controlText": "", "function": "set_edit_text", "args": {"control_id": "", "text": "Prayer", "newline": true}}, {"step": "Type 'Notes' in the next section", "controlLabel": "", "controlText": "", "function": "set_edit_text", "args": {"control_id": "", "text": "Notes", "newline": true}}, {"step": "Click on the File tab to open the file menu", "controlLabel": "22", "controlText": "File Tab", "function": "click_input", "args": {"button": "left", "double": false}}, {"step": "Select Save As to save the template", "controlLabel": "", "controlText": "", "function": "click_input", "args": {"button": "left", "double": false}}, {"step": "Choose a location and enter a file name", "controlLabel": "", "controlText": "", "function": "set_edit_text", "args": {"control_id": "", "text": "Daily Devotional Template", "newline": true}}, {"step": "Select Word Template (*.dotx) from the Save as type dropdown menu", "controlLabel": "", "controlText": "", "function": "click_input", "args": {"button": "left", "double": false}}, {"step": "Click Save to save the template", "controlLabel": "", "controlText": "", "function": "click_input", "args": {"button": "left", "double": false}}], "action_prefill_file_path": "D:\\agents\\AgentLearner\\cache\\action_prefill\\70013.docx"}