{"Problem": "How to search for a word within a text in Word.", "Solution Steps": ["Press **Ctrl + F** on your keyboard to open the Navigation pane.", "Type the word you want to search for in the search box at the top of the Navigation pane.", "Word will highlight all instances of the word in the document. You can click on each instance to navigate through them."], "new_problem": "Search for a word within a text in Word by using the 'Search' edit field and 'Find' button.", "action_plans": [{"step": "Open the search functionality", "controlLabel": "14", "controlText": "Search", "function": "click_input", "args": {"button": "left", "double": false}}, {"step": "Type the word to search for", "controlLabel": "14", "controlText": "Search", "function": "set_edit_text", "args": {"control_id": "14", "text": "word to search"}}, {"step": "Initiate the search", "controlLabel": "215", "controlText": "Find", "function": "click_input", "args": {"button": "left", "double": false}}], "action_prefill_file_path": "D:\\agents\\AgentLearner\\cache\\action_prefill\\70011.docx"}