{"Problem": "How to check for different languages in Word", "Solution Steps": ["Open your document in Word.", "Click the **Review** tab on the ribbon.", "In the **Language** group, click **Language**.", "Select **Set Proofing Language** from the dropdown menu.", "In the **Language** dialog box, scroll through the list to find and select the language you want to check.", "Click **OK** to apply the selected language for proofing."], "new_problem": "Check for different languages in the Word document by setting the proofing language.", "action_plans": [{"step": "Click the Review tab on the ribbon", "controlLabel": "31", "controlText": "Review", "function": "click_input", "args": {"button": "left", "double": false}}, {"step": "Click the Language button in the Language group", "controlLabel": "86", "controlText": "Language English (United States)", "function": "click_input", "args": {"button": "left", "double": false}}, {"step": "Select Set Proofing Language from the dropdown menu", "controlLabel": "", "controlText": "Set Proofing Language", "function": "click_input", "args": {"button": "left", "double": false}}, {"step": "Scroll through the list to find and select the language you want to check", "controlLabel": "", "controlText": "", "function": "wheel_mouse_input", "args": {"control_id": "", "wheel_dist": -20}}, {"step": "Click OK to apply the selected language for proofing", "controlLabel": "", "controlText": "OK", "function": "click_input", "args": {"button": "left", "double": false}}], "action_prefill_file_path": "D:\\agents\\AgentLearner\\cache\\action_prefill\\70018.docx"}