{"Problem": "How to cite using Mendeley in Word?", "Solution Steps": ["Open your Word document where you want to add the citation.", "Place the cursor at the location where the citation is to be inserted.", "Go to the **References** tab on the Word ribbon.", "Click on the **Insert Citation** button in the Mendeley Cite-O-Matic section.", "In the search bar that appears, type the author's name, title, or year to find the reference you want to cite.", "Select the correct reference from the list that appears.", "Click the **OK** button to insert the citation into your document."], "new_problem": "Cite a reference using Mendeley in the Word document.", "action_plans": [{"step": "Switch to the References tab", "controlLabel": "29", "controlText": "References", "function": "click_input", "args": {"button": "left", "double": false}}, {"step": "Click the Insert Citation button", "controlLabel": "", "controlText": "Insert Citation", "function": "click_input", "args": {"button": "left", "double": false}}, {"step": "Search for the reference", "controlLabel": "", "controlText": "", "function": "set_edit_text", "args": {"control_name": "Search", "text": "author name or title"}}, {"step": "Select the correct reference", "controlLabel": "", "controlText": "", "function": "click_input", "args": {"button": "left", "double": false}}, {"step": "Insert the citation", "controlLabel": "", "controlText": "OK", "function": "click_input", "args": {"button": "left", "double": false}}], "action_prefill_file_path": "D:\\agents\\AgentLearner\\cache\\action_prefill\\70026.docx"}