{"Problem": "How to create a case summary template in Word?", "Solution Steps": ["Open Microsoft Word and create a new blank document.", "Click on the **Insert** tab and select **Header** to create a header for your case summary. You can include the case name, number, and date here.", "Go back to the **Insert** tab and choose **Page Number** to add page numbers to your document.", "Click on the **Home** tab to format your headings. Use **Styles** to apply consistent formatting for different sections such as Case Background, Arguments, Evidence, and Conclusion.", "Use the **Insert** tab to add tables, charts, or images if needed to support your case summary.", "To create a table of contents, click on the **References** tab and select **Table of Contents**. Make sure your headings are formatted with styles for them to appear in the table of contents.", "Save your document as a template by clicking **File**, then **Save As**. Choose **Word Template** in the **Save as type** dropdown menu, and give your template a name.", "Your case summary template is now created and can be reused for future documents by opening it from the **New** documents screen under **Personal** templates."], "new_problem": "Create a case summary template in Word by adding a header, page numbers, formatted headings, tables or images, a table of contents, and saving it as a template.", "action_plans": [{"step": "Open Microsoft Word and create a new blank document", "controlLabel": "", "controlText": "", "function": "", "args": {}}, {"step": "Click on the Insert tab", "controlLabel": "25", "controlText": "Insert", "function": "click_input", "args": {"button": "left", "double": false}}, {"step": "Select Header to create a header for the case summary", "controlLabel": "", "controlText": "Header", "function": "click_input", "args": {"button": "left", "double": false}}, {"step": "Go back to the Insert tab and choose Page Number to add page numbers", "controlLabel": "25", "controlText": "Insert", "function": "click_input", "args": {"button": "left", "double": false}}, {"step": "Click on the Home tab to format headings", "controlLabel": "11", "controlText": "Home", "function": "click_input", "args": {"button": "left", "double": false}}, {"step": "Use Styles to apply consistent formatting for different sections", "controlLabel": "", "controlText": "Styles", "function": "click_input", "args": {"button": "left", "double": false}}, {"step": "Use the Insert tab to add tables, charts, or images if needed", "controlLabel": "25", "controlText": "Insert", "function": "click_input", "args": {"button": "left", "double": false}}, {"step": "Click on the References tab and select Table of Contents", "controlLabel": "29", "controlText": "References", "function": "click_input", "args": {"button": "left", "double": false}}, {"step": "Save the document as a template by clicking File, then Save As", "controlLabel": "9", "controlText": "Save", "function": "click_input", "args": {"button": "left", "double": false}}, {"step": "Choose Word Template in the Save as type dropdown menu", "controlLabel": "", "controlText": "Save as type", "function": "click_input", "args": {"button": "left", "double": false}}, {"step": "Give the template a name and save it", "controlLabel": "", "controlText": "File name", "function": "set_edit_text", "args": {"text": "Case Summary Template"}}], "action_prefill_file_path": "D:\\agents\\AgentLearner\\cache\\action_prefill\\70037.docx"}