{"Problem": "How to apply an arrow in a Word document?", "Solution Steps": ["Place the cursor where you want to insert the arrow.", "Go to the **Insert** tab.", "In the **Illustrations** group, click **Shapes**.", "Under **Lines**, click the arrow style you want to use.", "Click and drag in the document to draw the arrow."], "new_problem": "Apply an arrow in the Word document by inserting a shape from the 'Insert' tab.", "action_plans": [{"step": "Switch to the 'Insert' tab", "controlLabel": "25", "controlText": "Insert", "function": "click_input", "args": {"button": "left", "double": false}}, {"step": "Click on 'Shapes' in the 'Illustrations' group", "controlLabel": "239", "controlText": "Shapes", "function": "click_input", "args": {"button": "left", "double": false}}, {"step": "Select the arrow style under 'Lines'", "controlLabel": "", "controlText": "Arrow", "function": "click_input", "args": {"button": "left", "double": false}}, {"step": "Draw the arrow in the document", "controlLabel": "", "controlText": "", "function": "type_keys", "args": {"text": "{VK_LBUTTON down}{VK_LBUTTON up}", "newline": false}}], "action_prefill_file_path": "D:\\agents\\AgentLearner\\cache\\action_prefill\\70045.docx"}