{"Problem": "How to find and use free employment application templates in Word", "Solution Steps": ["Open Microsoft Word.", "Click on **File** in the top left corner.", "Select **New** from the menu.", "In the search bar, type 'employment application' and press Enter.", "Browse through the available templates and select one that you like.", "Click on the template to preview it.", "Click **Create** to open the template in a new document.", "Edit the template as needed to fit your requirements."], "new_problem": "Find and use free employment application templates in Word.", "action_plans": [{"step": "Open Microsoft Word", "controlLabel": "", "controlText": "", "function": "", "args": {}}, {"step": "Click on File in the top left corner", "controlLabel": "16", "controlText": "Junting Lu (FESCO Adecco Human Resources)", "function": "click_input", "args": {"button": "left", "double": false}}, {"step": "Select New from the menu", "controlLabel": "17", "controlText": "My Benefits", "function": "click_input", "args": {"button": "left", "double": false}}, {"step": "In the search bar, type 'employment application' and press Enter", "controlLabel": "14", "controlText": "Search", "function": "set_edit_text", "args": {"text": "employment application"}}, {"step": "Browse through the available templates and select one that you like", "controlLabel": "24", "controlText": "Home", "function": "click_input", "args": {"button": "left", "double": false}}, {"step": "Click on the template to preview it", "controlLabel": "25", "controlText": "Insert", "function": "click_input", "args": {"button": "left", "double": false}}, {"step": "Click Create to open the template in a new document", "controlLabel": "27", "controlText": "Design", "function": "click_input", "args": {"button": "left", "double": false}}, {"step": "Edit the template as needed to fit your requirements", "controlLabel": "28", "controlText": "Layout", "function": "click_input", "args": {"button": "left", "double": false}}], "action_prefill_file_path": "D:\\agents\\AgentLearner\\cache\\action_prefill\\70041.docx"}