{"Problem": "How to create a business visa invitation letter sample in Word", "Solution Steps": ["Open Microsoft Word.", "Click on **File** in the top left corner.", "Select **New** from the dropdown menu.", "In the search bar, type 'Business Visa Invitation Letter' and press Enter.", "Browse through the available templates and select one that suits your needs.", "Click **Create** to open the template.", "Edit the template with your specific details, such as your company's information, the invitee's details, and the purpose of the invitation.", "Save the document by clicking **File** and then **Save As**. Choose the location and file format you prefer."], "new_problem": "Create a business visa invitation letter sample in Word by opening a new document, selecting a suitable template, editing it with specific details, and saving the document.", "action_plans": [{"step": "Open a new document", "controlLabel": "", "controlText": "", "function": "type_keys", "args": {"text": "{VK_CONTROL down}{N down}{N up}{VK_CONTROL up}", "newline": false}}, {"step": "Search for 'Business Visa Invitation Letter' template", "controlLabel": "", "controlText": "", "function": "type_keys", "args": {"text": "Business Visa Invitation Letter{ENTER}", "newline": false}}, {"step": "Select the first template from the search results", "controlLabel": "", "controlText": "", "function": "click_input", "args": {"button": "left", "double": false}}, {"step": "Create the document from the selected template", "controlLabel": "", "controlText": "", "function": "click_input", "args": {"button": "left", "double": false}}, {"step": "Edit the template with specific details", "controlLabel": "", "controlText": "", "function": "set_edit_text", "args": {"control_id": "", "text": "Your Company's Information\nInvitee's Details\nPurpose of the Invitation", "newline": true}}, {"step": "Save the document", "controlLabel": "9", "controlText": "Save", "function": "click_input", "args": {"button": "left", "double": false}}], "action_prefill_file_path": "D:\\agents\\AgentLearner\\cache\\action_prefill\\70044.docx"}