{"Problem": "How to add a check box to a Word document?", "Solution Steps": ["Go to the **File** tab and select **Options**.", "In the **Word Options** dialog box, select **Customize Ribbon**.", "In the right pane, check the **Developer** checkbox and click **OK** to add the Developer tab to the Ribbon.", "Go to the **Developer** tab.", "In the **Controls** group, click the **Check Box Content Control** button. A check box will appear in your document."], "new_problem": "Add a check box to the Word document by enabling the Developer tab and using the Check Box Content Control button.", "action_plans": ["{\"step\":\"open the File tab\",\"controlLabel\":\"22\",\"controlText\":\"File Tab\",\"function\":\"click_input\",\"args\":{\"button\":\"left\",\"double\":false}}", "{\"step\":\"open Options\",\"controlLabel\":\"\",\"controlText\":\"Options\",\"function\":\"click_input\",\"args\":{\"button\":\"left\",\"double\":false}}", "{\"step\":\"open Customize Ribbon\",\"controlLabel\":\"\",\"controlText\":\"Customize Ribbon\",\"function\":\"click_input\",\"args\":{\"button\":\"left\",\"double\":false}}", "{\"step\":\"enable Developer tab\",\"controlLabel\":\"\",\"controlText\":\"Developer\",\"function\":\"click_input\",\"args\":{\"button\":\"left\",\"double\":false}}", "{\"step\":\"confirm and close Options\",\"controlLabel\":\"\",\"controlText\":\"OK\",\"function\":\"click_input\",\"args\":{\"button\":\"left\",\"double\":false}}", "{\"step\":\"switch to Developer tab\",\"controlLabel\":\"\",\"controlText\":\"Developer\",\"function\":\"click_input\",\"args\":{\"button\":\"left\",\"double\":false}}", "{\"step\":\"insert check box\",\"controlLabel\":\"\",\"controlText\":\"Check Box Content Control\",\"function\":\"click_input\",\"args\":{\"button\":\"left\",\"double\":false}}"], "action_prefill_file_path": "D:\\agents\\AgentLearner\\cache\\action_prefill\\7004.docx"}