{"Problem": "How to add a hyperlink to a webpage in Word", "Solution Steps": ["Select the text or picture that you want to display as a hyperlink.", "On the **Insert** tab, in the **Links** group, click **Hyperlink**.", "In the **Insert Hyperlink** dialog box, type or paste your link in the **Address** field.", "Click **OK** to insert the hyperlink."], "new_problem": "Add a hyperlink to a webpage in Word by selecting the text, navigating to the 'Insert' tab, clicking 'Hyperlink', and entering the URL.", "action_plans": [{"step": "Select the text to display as a hyperlink", "controlLabel": "", "controlText": "", "function": "select_text", "args": {"text": "[Grab your reader\u2019s attention with a great quote from the document or use this space to emphasize a key point. To place this text box anywhere on the page, just drag it.]"}}, {"step": "Navigate to the 'Insert' tab", "controlLabel": "25", "controlText": "Insert", "function": "click_input", "args": {"button": "left", "double": false}}, {"step": "Click the 'Hyperlink' button", "controlLabel": "", "controlText": "Hyperlink", "function": "click_input", "args": {"button": "left", "double": false}}, {"step": "Enter the URL in the 'Insert Hyperlink' dialog box", "controlLabel": "146", "controlText": "12", "function": "set_edit_text", "args": {"control_id": "146", "text": "http://example.com"}}, {"step": "Confirm the hyperlink insertion", "controlLabel": "147", "controlText": "Open", "function": "click_input", "args": {"button": "left", "double": false}}], "action_prefill_file_path": "D:\\agents\\AgentLearner\\cache\\action_prefill\\70042.docx"}