{"Problem": "How to use Word's spelling correction for words with accents?", "Solution Steps": ["Right-click the word with the accent that Word has flagged as misspelled.", "From the context menu that appears, look for the correct spelling with the accent and click on it to replace the word.", "If the correct version with the accent isn't listed, click on **Spelling** to open the Spelling pane for more options.", "In the Spelling pane, you can choose the correct version with the accent or add the word to the dictionary if it is spelled correctly.", "To prevent future corrections of this word, select **Add to Dictionary**."], "new_problem": "Use Word's spelling correction for words with accents by right-clicking the misspelled word, selecting the correct spelling from the context menu, or using the Spelling pane for more options.", "action_plans": [{"step": "select the misspelled word", "controlLabel": "", "controlText": "", "function": "select_text", "args": {"text": "text to edit"}}, {"step": "open the context menu for spelling correction", "controlLabel": "", "controlText": "", "function": "type_keys", "args": {"text": "{VK_APPS}", "newline": false}}, {"step": "select the correct spelling from the context menu", "controlLabel": "", "controlText": "", "function": "type_keys", "args": {"text": "{DOWN}{ENTER}", "newline": false}}, {"step": "open the Spelling pane for more options if needed", "controlLabel": "354", "controlText": "Spelling and Grammar", "function": "click_input", "args": {"button": "left", "double": false}}], "action_prefill_file_path": "D:\\agents\\AgentLearner\\cache\\action_prefill\\70052.docx"}