{"Problem": "How to set up a document in Word?", "Solution Steps": ["Open Microsoft Word.", "Click on **File** in the top left corner.", "Select **New** to create a new document.", "Choose a template or click **Blank document** to start from scratch.", "Click on **Layout** tab to set up the page layout.", "In the **Page Setup** group, adjust the **Margins**, **Orientation**, **Size**, and **Columns** as needed.", "Click on the **Insert** tab to add elements like **Tables**, **Pictures**, **Shapes**, **Headers**, and **Footers**.", "Click on the **Design** tab to choose a **Theme** and **Style Set** for your document.", "Click on the **Home** tab to format text, such as setting the **Font**, **Size**, **Bold**, **Italic**, and **Underline** options.", "Save your document by clicking **File** and then **Save As**. Choose the location and file format, then click **Save**."], "new_problem": "Set up a document in Word by creating a new document, setting up the page layout, inserting elements, choosing a theme and style set, formatting text, and saving the document.", "action_plans": [{"step": "Create a new blank document", "controlLabel": "10", "controlText": "New Blank Document", "function": "click_input", "args": {"button": "left", "double": false}}, {"step": "Set up the page layout", "controlLabel": "25", "controlText": "Insert", "function": "click_input", "args": {"button": "left", "double": false}}, {"step": "Adjust margins, orientation, size, and columns", "controlLabel": "", "controlText": "", "function": "type_keys", "args": {"text": "{VK_CONTROL down}{VK_SHIFT down}{L down}{L up}{VK_SHIFT up}{VK_CONTROL up}", "newline": false}}, {"step": "Insert elements like tables, pictures, shapes, headers, and footers", "controlLabel": "25", "controlText": "Insert", "function": "click_input", "args": {"button": "left", "double": false}}, {"step": "Choose a theme and style set", "controlLabel": "42", "controlText": "Themes", "function": "click_input", "args": {"button": "left", "double": false}}, {"step": "Format text by setting font, size, bold, italic, and underline options", "controlLabel": "25", "controlText": "Insert", "function": "click_input", "args": {"button": "left", "double": false}}, {"step": "Save the document", "controlLabel": "144", "controlText": "Open", "function": "click_input", "args": {"button": "left", "double": false}}], "action_prefill_file_path": "D:\\agents\\AgentLearner\\cache\\action_prefill\\7007.docx"}