{"Problem": "How to create two-sided business cards in Word", "Solution Steps": ["Open Microsoft Word.", "Click **File** and select **New**.", "In the search bar, type 'business card' and press Enter.", "Select a business card template that supports two-sided printing.", "Click **Create** to open the template.", "Edit the front side of the business card with your information.", "Scroll down to the second page to edit the back side of the business card.", "Once both sides are edited, click **File** and select **Print**.", "In the **Print** settings, select **Print on Both Sides**.", "Choose the appropriate printer settings and click **Print**."], "new_problem": "Create two-sided business cards in Word by selecting a template, editing both sides, and setting up print settings for two-sided printing.", "action_plans": [{"step": "Open the File menu", "controlLabel": "22", "controlText": "File Tab", "function": "click_input", "args": {"button": "left", "double": false}}, {"step": "Select New to create a new document", "controlLabel": "10", "controlText": "New Blank Document", "function": "click_input", "args": {"button": "left", "double": false}}, {"step": "Search for business card templates", "controlLabel": "14", "controlText": "Search", "function": "set_edit_text", "args": {"control_id": "", "text": "business card", "newline": true}}, {"step": "Select a business card template that supports two-sided printing", "controlLabel": "", "controlText": "", "function": "click_input", "args": {"button": "left", "double": false}}, {"step": "Create the selected business card template", "controlLabel": "", "controlText": "", "function": "click_input", "args": {"button": "left", "double": false}}, {"step": "Edit the front side of the business card with your information", "controlLabel": "", "controlText": "", "function": "set_edit_text", "args": {"control_id": "", "text": "Your Information", "newline": true}}, {"step": "Scroll down to the second page to edit the back side of the business card", "controlLabel": "", "controlText": "", "function": "wheel_mouse_input", "args": {"control_id": "", "wheel_dist": -20}}, {"step": "Edit the back side of the business card with your information", "controlLabel": "", "controlText": "", "function": "set_edit_text", "args": {"control_id": "", "text": "Your Information", "newline": true}}, {"step": "Open the File menu to access print settings", "controlLabel": "22", "controlText": "File Tab", "function": "click_input", "args": {"button": "left", "double": false}}, {"step": "Select Print to open print settings", "controlLabel": "", "controlText": "", "function": "click_input", "args": {"button": "left", "double": false}}, {"step": "Set the print settings to print on both sides", "controlLabel": "", "controlText": "", "function": "click_input", "args": {"button": "left", "double": false}}, {"step": "Print the business cards", "controlLabel": "", "controlText": "", "function": "click_input", "args": {"button": "left", "double": false}}], "action_prefill_file_path": "D:\\agents\\AgentLearner\\cache\\action_prefill\\70079.docx"}