{"Problem": "How to set header and footer in Microsoft Word", "Solution Steps": ["Open the Word document where you want to add a header and footer.", "Click the **Insert** tab on the Ribbon.", "In the **Header & Footer** group, click **Header**.", "Choose a header style from the drop-down menu or click **Edit Header** to create a custom header.", "Enter the text or elements you want in the header.", "Click **Close Header and Footer** on the Ribbon to exit the header area.", "In the **Header & Footer** group, click **Footer**.", "Choose a footer style from the drop-down menu or click **Edit Footer** to create a custom footer.", "Enter the text or elements you want in the footer.", "Click **Close Header and Footer** on the Ribbon to exit the footer area."], "new_problem": "Set a header and footer in the Microsoft Word document.", "action_plans": ["{\"step\":\"switch to Insert tab\",\"controlLabel\":\"25\",\"controlText\":\"Insert\",\"function\":\"click_input\",\"args\":{\"button\":\"left\",\"double\":false}}", "{\"step\":\"click Header button\",\"controlLabel\":\"258\",\"controlText\":\"Header\",\"function\":\"click_input\",\"args\":{\"button\":\"left\",\"double\":false}}", "{\"step\":\"edit Header\",\"controlLabel\":\"\",\"controlText\":\"Edit Header\",\"function\":\"click_input\",\"args\":{\"button\":\"left\",\"double\":false}}", "{\"step\":\"enter text in Header\",\"controlLabel\":\"101\",\"controlText\":\"Edit\",\"function\":\"set_edit_text\",\"args\":{\"text\":\"Header Text\"}}", "{\"step\":\"close Header\",\"controlLabel\":\"\",\"controlText\":\"Close Header and Footer\",\"function\":\"click_input\",\"args\":{\"button\":\"left\",\"double\":false}}", "{\"step\":\"click Footer button\",\"controlLabel\":\"259\",\"controlText\":\"Footer\",\"function\":\"click_input\",\"args\":{\"button\":\"left\",\"double\":false}}", "{\"step\":\"edit Footer\",\"controlLabel\":\"\",\"controlText\":\"Edit Footer\",\"function\":\"click_input\",\"args\":{\"button\":\"left\",\"double\":false}}", "{\"step\":\"enter text in Footer\",\"controlLabel\":\"101\",\"controlText\":\"Edit\",\"function\":\"set_edit_text\",\"args\":{\"text\":\"Footer Text\"}}", "{\"step\":\"close Footer\",\"controlLabel\":\"\",\"controlText\":\"Close Header and Footer\",\"function\":\"click_input\",\"args\":{\"button\":\"left\",\"double\":false}}"], "action_prefill_file_path": "D:\\agents\\AgentLearner\\cache\\action_prefill\\70086.docx"}