{"Problem": "How to create a line above text in Word", "Solution Steps": ["Select the text you want to add a line above.", "Go to the **Home** tab.", "In the **Paragraph** group, click the arrow next to **Borders**.", "Select **Top Border** from the drop-down menu."], "new_problem": "Create a line above 'text to edit' in the Word document.", "action_plans": [{"step": "select the target text 'text to edit'", "controlLabel": "", "controlText": "", "function": "select_text", "args": {"text": "text to edit"}}, {"step": "change ribbon to Home to show the Borders button", "controlLabel": "11", "controlText": "Home", "function": "click_input", "args": {"button": "left", "double": false}}, {"step": "click the Borders button", "controlLabel": "195", "controlText": "Borders", "function": "click_input", "args": {"button": "left", "double": false}}, {"step": "select the Top Border option", "controlLabel": "", "controlText": "Top Border", "function": "click_input", "args": {"button": "left", "double": false}}], "action_prefill_file_path": "D:\\agents\\AgentLearner\\cache\\action_prefill\\70084.docx"}