{"Problem": "How to copy and paste clipboard items to Word", "Solution Steps": ["Open the document in Word where you want to paste the clipboard item.", "Place your cursor at the point where you want to insert the clipboard item.", "Press **Ctrl + V** on your keyboard to paste the most recently copied item directly.", "Alternatively, to choose from multiple clipboard items, click the **Home** tab, and then click the **Clipboard** pane launcher in the lower-right corner of the Clipboard group.", "In the Clipboard task pane, click the item that you want to paste."], "new_problem": "Copy and paste clipboard items into the Word document.", "action_plans": [{"step": "Place the cursor at the desired insertion point", "controlLabel": "", "controlText": "", "function": "click_input", "args": {"control_id": "", "control_name": "Document", "button": "left", "double": false}}, {"step": "Paste the most recently copied item", "controlLabel": "", "controlText": "", "function": "type_keys", "args": {"control_id": "", "control_name": "Document", "text": "{VK_CONTROL down}{V down}{V up}{VK_CONTROL up}", "newline": false}}, {"step": "Open the Home tab", "controlLabel": "24", "controlText": "Home", "function": "click_input", "args": {"button": "left", "double": false}}, {"step": "Open the Clipboard pane", "controlLabel": "140", "controlText": "Office Clipboard...", "function": "click_input", "args": {"button": "left", "double": false}}, {"step": "Select the desired clipboard item to paste", "controlLabel": "", "controlText": "", "function": "click_input", "args": {"control_id": "", "control_name": "Clipboard Item", "button": "left", "double": false}}], "action_prefill_file_path": "D:\\agents\\AgentLearner\\cache\\action_prefill\\70090.docx"}