{"Problem": "How to paste in a Word document", "Solution Steps": ["Place the cursor where you want to paste the content in the Word document.", "Go to the **Home** tab.", "In the **Clipboard** group, click the **Paste** button."], "new_problem": "Paste content into the Word document.", "action_plans": [{"step": "Place the cursor where you want to paste the content in the Word document.", "controlLabel": "101", "controlText": "Doc1", "function": "click_input", "args": {"control_id": "101", "button": "left", "double": false}}, {"step": "Go to the Home tab.", "controlLabel": "11", "controlText": "Home", "function": "click_input", "args": {"control_id": "11", "button": "left", "double": false}}, {"step": "In the Clipboard group, click the Paste button.", "controlLabel": "137", "controlText": "Paste", "function": "click_input", "args": {"control_id": "137", "button": "left", "double": false}}], "action_prefill_file_path": "D:\\agents\\AgentLearner\\cache\\action_prefill\\70096.docx"}