{"Problem": "How to export a PDF into a Word document", "Solution Steps": ["Open Microsoft Word.", "Click on **File** in the top left corner.", "Select **Open** from the menu.", "Navigate to the location of the PDF file you want to open.", "Select the PDF file and click **Open**.", "Word will convert the PDF into an editable Word document.", "Once the file is open, you can edit it as needed.", "To save the document, click **File** and then **Save As**.", "Choose the location where you want to save the file, enter a file name, and select **Word Document** as the file type.", "Click **Save**."], "new_problem": "Export a PDF into a Word document by opening the PDF in Word and saving it as a Word document.", "action_plans": [{"step": "Click on File in the top left corner", "controlLabel": "12", "controlText": "Doc1  -  General  -  Saved to this PC", "function": "click_input", "args": {"button": "left", "double": false}}, {"step": "Select Open from the menu", "controlLabel": "144", "controlText": "Open", "function": "click_input", "args": {"button": "left", "double": false}}, {"step": "Navigate to the location of the PDF file", "controlLabel": "", "controlText": "", "function": "", "args": {}}, {"step": "Select the PDF file and click Open", "controlLabel": "147", "controlText": "Open", "function": "click_input", "args": {"button": "left", "double": false}}, {"step": "Word will convert the PDF into an editable Word document", "controlLabel": "", "controlText": "", "function": "", "args": {}}, {"step": "To save the document, click File and then Save As", "controlLabel": "9", "controlText": "Save", "function": "click_input", "args": {"button": "left", "double": false}}, {"step": "Choose the location where you want to save the file, enter a file name, and select Word Document as the file type", "controlLabel": "", "controlText": "", "function": "", "args": {}}, {"step": "Click Save", "controlLabel": "9", "controlText": "Save", "function": "click_input", "args": {"button": "left", "double": false}}], "action_prefill_file_path": "D:\\agents\\AgentLearner\\cache\\action_prefill\\70091.docx"}