{"Problem": "How to add a custom template to Word.", "Solution Steps": ["Open Word and create a new document or open an existing one.", "Design your template by adding the desired text, images, styles, and formatting.", "Click the **File** tab.", "Select **Save As**.", "Choose the location where you want to save the template.", "In the **Save as type** dropdown menu, select **Word Template (*.dotx)**.", "Enter a name for your template in the **File name** field.", "Click **Save**.", "To use the custom template, click the **File** tab.", "Select **New**.", "Click **Personal** to see your custom templates.", "Select your custom template to create a new document based on it."], "new_problem": "Add a custom template to Word by designing the template, saving it as a .dotx file, and then using it.", "action_plans": [{"step": "Click the File tab", "controlLabel": "25", "controlText": "File", "function": "click_input", "args": {"button": "left", "double": false}}, {"step": "Select Save As", "controlLabel": "144", "controlText": "Save As", "function": "click_input", "args": {"button": "left", "double": false}}, {"step": "Choose the location to save the template", "controlLabel": "147", "controlText": "Open", "function": "click_input", "args": {"button": "left", "double": false}}, {"step": "Select Word Template (*.dotx) in Save as type dropdown", "controlLabel": "146", "controlText": "12", "function": "set_edit_text", "args": {"text": "Word Template (*.dotx)"}}, {"step": "Enter a name for the template", "controlLabel": "146", "controlText": "12", "function": "set_edit_text", "args": {"text": "CustomTemplate"}}, {"step": "Click Save", "controlLabel": "147", "controlText": "Open", "function": "click_input", "args": {"button": "left", "double": false}}, {"step": "Click the File tab to use the custom template", "controlLabel": "25", "controlText": "File", "function": "click_input", "args": {"button": "left", "double": false}}, {"step": "Select New", "controlLabel": "144", "controlText": "New", "function": "click_input", "args": {"button": "left", "double": false}}, {"step": "Click Personal to see custom templates", "controlLabel": "147", "controlText": "Personal", "function": "click_input", "args": {"button": "left", "double": false}}, {"step": "Select the custom template to create a new document based on it", "controlLabel": "147", "controlText": "CustomTemplate", "function": "click_input", "args": {"button": "left", "double": false}}], "action_prefill_file_path": "D:\\agents\\AgentLearner\\cache\\action_prefill\\70092.docx"}