{"Problem": "How to remove hyperlinks from images in Word.", "Solution Steps": ["Right-click the image that contains the hyperlink.", "In the context menu, click **Remove Hyperlink**."], "new_problem": "Remove hyperlinks from images in the Word document.", "action_plans": [{"step": "Right-click the image that contains the hyperlink", "controlLabel": "", "controlText": "", "function": "click_input", "args": {"button": "right", "double": false}}, {"step": "In the context menu, click 'Remove Hyperlink'", "controlLabel": "", "controlText": "Remove Hyperlink", "function": "click_input", "args": {"button": "left", "double": false}}], "action_prefill_file_path": "D:\\agents\\AgentLearner\\cache\\action_prefill\\701.docx"}