{"Problem": "How to view and adjust the margins in a Word document?", "Solution Steps": ["Open the Word document you want to adjust the margins for.", "Click the **Layout** tab on the Ribbon.", "In the **Page Setup** group, click **Margins**.", "To view and select predefined margin settings, click one of the options in the drop-down menu.", "To set custom margins, click **Custom Margins** at the bottom of the drop-down menu.", "In the **Page Setup** dialog box, enter the desired margin sizes in the **Top**, **Bottom**, **Left**, and **Right** boxes.", "Click **OK** to apply the custom margins."], "new_problem": "View and adjust the margins in the Word document.", "action_plans": [{"step": "Switch to the Layout tab", "controlLabel": "28", "controlText": "Layout", "function": "click_input", "args": {"button": "left", "double": false}}, {"step": "Click on the Margins button", "controlLabel": "", "controlText": "Margins", "function": "click_input", "args": {"button": "left", "double": false}}, {"step": "Select predefined margin settings", "controlLabel": "", "controlText": "Normal", "function": "click_input", "args": {"button": "left", "double": false}}, {"step": "Set custom margins", "controlLabel": "", "controlText": "Custom Margins", "function": "click_input", "args": {"button": "left", "double": false}}, {"step": "Enter desired margin sizes", "controlLabel": "", "controlText": "", "function": "set_edit_text", "args": {"control_id": "Top", "text": "1"}}, {"step": "Enter desired margin sizes", "controlLabel": "", "controlText": "", "function": "set_edit_text", "args": {"control_id": "Bottom", "text": "1"}}, {"step": "Enter desired margin sizes", "controlLabel": "", "controlText": "", "function": "set_edit_text", "args": {"control_id": "Left", "text": "1"}}, {"step": "Enter desired margin sizes", "controlLabel": "", "controlText": "", "function": "set_edit_text", "args": {"control_id": "Right", "text": "1"}}, {"step": "Apply the custom margins", "controlLabel": "", "controlText": "OK", "function": "click_input", "args": {"button": "left", "double": false}}], "action_prefill_file_path": "D:\\agents\\AgentLearner\\cache\\action_prefill\\70106.docx"}