{"Problem": "How to fill a bullet point in Word 2016.", "Solution Steps": ["Select the text or bulleted list that you want to format.", "On the **Home** tab, in the **Paragraph** group, click the arrow next to **Bullets**.", "Click **Define New Bullet**.", "In the **Define New Bullet** dialog box, click **Symbol**.", "In the **Symbol** dialog box, select a symbol that you want to use as a bullet, and then click **OK**.", "Click **OK** again in the **Define New Bullet** dialog box to apply the new bullet style."], "new_problem": "Fill a bullet point in Word 2016 by defining a new bullet symbol.", "action_plans": [{"step": "select the text to format", "controlLabel": "", "controlText": "", "function": "select_text", "args": {"text": "text to edit"}}, {"step": "navigate to the Home tab", "controlLabel": "11", "controlText": "Home", "function": "click_input", "args": {"button": "left", "double": false}}, {"step": "open the Bullets menu", "controlLabel": "174", "controlText": "Bullets", "function": "click_input", "args": {"button": "left", "double": false}}, {"step": "click Define New Bullet", "controlLabel": "175", "controlText": "More Options", "function": "click_input", "args": {"button": "left", "double": false}}, {"step": "open the Symbol dialog box", "controlLabel": "", "controlText": "Symbol", "function": "click_input", "args": {"button": "left", "double": false}}, {"step": "select a symbol for the bullet", "controlLabel": "", "controlText": "", "function": "click_input", "args": {"button": "left", "double": false}}, {"step": "confirm the new bullet symbol", "controlLabel": "", "controlText": "OK", "function": "click_input", "args": {"button": "left", "double": false}}, {"step": "apply the new bullet style", "controlLabel": "", "controlText": "OK", "function": "click_input", "args": {"button": "left", "double": false}}], "action_prefill_file_path": "D:\\agents\\AgentLearner\\cache\\action_prefill\\70115.docx"}