{"Problem": "How to create a Word document with files in different formats?", "Solution Steps": ["Open Microsoft Word.", "Click **File** in the top left corner.", "Select **New** to create a new document.", "Click **Insert** tab on the Ribbon.", "In the **Text** group, click **Object**.", "Select **Text from File** from the drop-down menu.", "Browse and select the file you want to insert (e.g., PDF, Excel, etc.).", "Click **Insert**.", "Repeat steps 4-8 for each additional file you want to include in the document.", "Save the document by clicking **File** and then **Save As**."], "new_problem": "Create a Word document and insert files in different formats (e.g., PDF, Excel).", "action_plans": [{"step": "Click the 'File Tab' to open the file menu", "controlLabel": "22", "controlText": "File Tab", "function": "click_input", "args": {"button": "left", "double": false}}, {"step": "Click 'New Blank Document' to create a new document", "controlLabel": "10", "controlText": "New Blank Document", "function": "click_input", "args": {"button": "left", "double": false}}, {"step": "Click the 'Insert' tab to switch to the Insert menu", "controlLabel": "25", "controlText": "Insert", "function": "click_input", "args": {"button": "left", "double": false}}, {"step": "Click 'Object' in the Text group to insert an object", "controlLabel": "", "controlText": "Object", "function": "click_input", "args": {"button": "left", "double": false}}, {"step": "Select 'Text from File' from the drop-down menu", "controlLabel": "", "controlText": "Text from File", "function": "click_input", "args": {"button": "left", "double": false}}, {"step": "Browse and select the file to insert", "controlLabel": "", "controlText": "", "function": "set_edit_text", "args": {"control_id": "", "text": "C:\\path\\to\\file.pdf", "newline": true}}, {"step": "Click 'Insert' to insert the selected file", "controlLabel": "", "controlText": "Insert", "function": "click_input", "args": {"button": "left", "double": false}}, {"step": "Repeat steps to insert additional files", "controlLabel": "", "controlText": "", "function": "", "args": {}}, {"step": "Click the 'File Tab' to open the file menu", "controlLabel": "22", "controlText": "File Tab", "function": "click_input", "args": {"button": "left", "double": false}}, {"step": "Click 'Save As' to save the document", "controlLabel": "", "controlText": "Save As", "function": "click_input", "args": {"button": "left", "double": false}}, {"step": "Set the file name and save location", "controlLabel": "", "controlText": "", "function": "set_edit_text", "args": {"control_id": "", "text": "C:\\path\\to\\save\\document.docx", "newline": true}}, {"step": "Click 'Save' to save the document", "controlLabel": "9", "controlText": "Save", "function": "click_input", "args": {"button": "left", "double": false}}], "action_prefill_file_path": "D:\\agents\\AgentLearner\\cache\\action_prefill\\70116.docx"}