{"Problem": "How to fix connection error in Microsoft Word when saving on Windows", "Solution Steps": ["Check your internet connection to ensure it is stable and working.", "Restart your computer to refresh the system.", "Open Microsoft Word and go to **File**.", "Click **Account** and ensure you are signed in with the correct Microsoft account.", "Go to **File** > **Options**.", "In the **Word Options** dialog box, select **Trust Center** from the left pane.", "Click **Trust Center Settings**.", "In the **Trust Center** dialog box, select **Privacy Options**.", "Ensure that **Enable Office to connect to the Internet** is checked.", "Click **OK** to close the dialog boxes.", "Try saving your document again."], "new_problem": "Fix the connection error in Microsoft Word when saving on Windows by ensuring you are signed in with the correct Microsoft account and enabling Office to connect to the internet.", "action_plans": [{"step": "Open the File tab", "controlLabel": "22", "controlText": "File Tab", "function": "click_input", "args": {"button": "left", "double": false}}, {"step": "Go to Account", "controlLabel": "", "controlText": "Account", "function": "click_input", "args": {"button": "left", "double": false}}, {"step": "Ensure you are signed in with the correct Microsoft account", "controlLabel": "", "controlText": "", "function": "", "args": {}}, {"step": "Go to Options", "controlLabel": "", "controlText": "Options", "function": "click_input", "args": {"button": "left", "double": false}}, {"step": "Select Trust Center from the left pane", "controlLabel": "", "controlText": "Trust Center", "function": "click_input", "args": {"button": "left", "double": false}}, {"step": "Click Trust Center Settings", "controlLabel": "", "controlText": "Trust Center Settings", "function": "click_input", "args": {"button": "left", "double": false}}, {"step": "Select Privacy Options", "controlLabel": "", "controlText": "Privacy Options", "function": "click_input", "args": {"button": "left", "double": false}}, {"step": "Ensure that Enable Office to connect to the Internet is checked", "controlLabel": "", "controlText": "", "function": "", "args": {}}, {"step": "Click OK to close the dialog boxes", "controlLabel": "", "controlText": "OK", "function": "click_input", "args": {"button": "left", "double": false}}, {"step": "Try saving your document again", "controlLabel": "", "controlText": "", "function": "", "args": {}}], "action_prefill_file_path": "D:\\agents\\AgentLearner\\cache\\action_prefill\\70131.docx"}