{"Problem": "How to create an editable ticket template in Word", "Solution Steps": ["Open Microsoft Word.", "Click on **File** in the top left corner.", "Select **New** from the dropdown menu.", "In the search bar, type 'ticket template' and press Enter.", "Browse through the available templates and select one that suits your needs.", "Click **Create** to open the template.", "Customize the template by clicking on the text boxes and entering your own information.", "To add additional elements, use the **Insert** tab to add text boxes, images, shapes, etc.", "Save your customized ticket template by clicking **File** and then **Save As**.", "Choose a location to save the file, enter a file name, and click **Save**."], "new_problem": "Create an editable ticket template in Word by opening a new document, searching for a ticket template, customizing it, and saving it.", "action_plans": [{"step": "Open the File menu", "controlLabel": "9", "controlText": "File", "function": "click_input", "args": {"button": "left", "double": false}}, {"step": "Select New from the dropdown menu", "controlLabel": "144", "controlText": "New", "function": "click_input", "args": {"button": "left", "double": false}}, {"step": "Search for 'ticket template'", "controlLabel": "335", "controlText": "Search", "function": "set_edit_text", "args": {"control_id": "335", "text": "ticket template"}}, {"step": "Press Enter to search", "controlLabel": "335", "controlText": "Search", "function": "type_keys", "args": {"control_id": "335", "text": "{ENTER}"}}, {"step": "Select a suitable ticket template", "controlLabel": "336", "controlText": "Template", "function": "click_input", "args": {"button": "left", "double": false}}, {"step": "Create the selected template", "controlLabel": "147", "controlText": "Create", "function": "click_input", "args": {"button": "left", "double": false}}, {"step": "Customize the template by editing text boxes", "controlLabel": "", "controlText": "", "function": "set_edit_text", "args": {"control_id": "", "text": "Your custom text here"}}, {"step": "Add additional elements using the Insert tab", "controlLabel": "25", "controlText": "Insert", "function": "click_input", "args": {"button": "left", "double": false}}, {"step": "Save the customized ticket template", "controlLabel": "9", "controlText": "File", "function": "click_input", "args": {"button": "left", "double": false}}, {"step": "Select Save As", "controlLabel": "144", "controlText": "Save As", "function": "click_input", "args": {"button": "left", "double": false}}, {"step": "Choose a location to save the file", "controlLabel": "147", "controlText": "Browse", "function": "click_input", "args": {"button": "left", "double": false}}, {"step": "Enter a file name", "controlLabel": "335", "controlText": "File name", "function": "set_edit_text", "args": {"control_id": "335", "text": "Custom Ticket Template"}}, {"step": "Click Save", "controlLabel": "147", "controlText": "Save", "function": "click_input", "args": {"button": "left", "double": false}}], "action_prefill_file_path": "D:\\agents\\AgentLearner\\cache\\action_prefill\\7013.docx"}