{"Problem": "How to print a 3x2 layout in Word?", "Solution Steps": ["Open your Word document.", "Click on the **File** tab.", "Select **Print** from the menu.", "In the **Settings** section, click on the drop-down menu under **Pages per sheet**.", "Select **6 Pages Per Sheet** to create a 3x2 layout.", "Adjust any other print settings as needed.", "Click **Print** to print your document."], "new_problem": "Print a 3x2 layout in Word by selecting '6 Pages Per Sheet' in the Print settings.", "action_plans": [{"step": "Open the File tab", "controlLabel": "108", "controlText": "System", "function": "click_input", "args": {"button": "left", "double": false}}, {"step": "Select Print from the menu", "controlLabel": "109", "controlText": "System", "function": "click_input", "args": {"button": "left", "double": false}}, {"step": "Open the Pages per sheet dropdown", "controlLabel": "124", "controlText": "Format Background", "function": "click_input", "args": {"button": "left", "double": false}}, {"step": "Select 6 Pages Per Sheet", "controlLabel": "182", "controlText": "Asian Layout", "function": "click_input", "args": {"button": "left", "double": false}}, {"step": "Click Print to print the document", "controlLabel": "393", "controlText": "Next", "function": "click_input", "args": {"button": "left", "double": false}}], "action_prefill_file_path": "D:\\agents\\AgentLearner\\cache\\action_prefill\\70141.docx"}