{"Problem": "How to insert a dropdown menu in a Word document.", "Solution Steps": ["Click the **File** tab, then select **Options**.", "In the **Word Options** dialog box, click **Customize Ribbon**.", "In the right pane, check the **Developer** checkbox, then click **OK**.", "Go to the **Developer** tab on the ribbon.", "In the **Controls** group, click the **Drop-Down List Content Control** button.", "Click the **Properties** button in the **Controls** group.", "In the **Content Control Properties** dialog box, click **Add** to add items to the dropdown list.", "Enter a display name for each item and click **OK**.", "Click **OK** again to close the **Content Control Properties** dialog box."], "new_problem": "Insert a dropdown menu in the Word document by enabling the Developer tab and using the Drop-Down List Content Control.", "action_plans": [{"step": "Click the File tab", "controlLabel": "25", "controlText": "Insert", "function": "click_input", "args": {"button": "left", "double": false}}, {"step": "Select Options", "controlLabel": "158", "controlText": "More Options", "function": "click_input", "args": {"button": "left", "double": false}}, {"step": "Click Customize Ribbon", "controlLabel": "165", "controlText": "More Options", "function": "click_input", "args": {"button": "left", "double": false}}, {"step": "Check the Developer checkbox", "controlLabel": "216", "controlText": "More Options", "function": "click_input", "args": {"button": "left", "double": false}}, {"step": "Click OK to close the Word Options dialog box", "controlLabel": "222", "controlText": "More Options", "function": "click_input", "args": {"button": "left", "double": false}}, {"step": "Go to the Developer tab on the ribbon", "controlLabel": "34", "controlText": "Help", "function": "click_input", "args": {"button": "left", "double": false}}, {"step": "Click the Drop-Down List Content Control button", "controlLabel": "313", "controlText": "Write & Insert Fields", "function": "click_input", "args": {"button": "left", "double": false}}, {"step": "Click the Properties button in the Controls group", "controlLabel": "332", "controlText": "Insert Citation", "function": "click_input", "args": {"button": "left", "double": false}}, {"step": "Click Add to add items to the dropdown list", "controlLabel": "339", "controlText": "Insert Caption...", "function": "click_input", "args": {"button": "left", "double": false}}, {"step": "Enter a display name for each item and click OK", "controlLabel": "340", "controlText": "Insert Table of Figures...", "function": "click_input", "args": {"button": "left", "double": false}}, {"step": "Click OK again to close the Content Control Properties dialog box", "controlLabel": "344", "controlText": "Insert Index...", "function": "click_input", "args": {"button": "left", "double": false}}], "action_prefill_file_path": "D:\\agents\\AgentLearner\\cache\\action_prefill\\70156.docx"}