{"Problem": "How to download a raffle ticket template in Word?", "Solution Steps": ["Open Microsoft Word.", "Click on **File** in the top left corner.", "Select **New** from the dropdown menu.", "In the **Search for online templates** box, type 'raffle ticket' and press Enter.", "Browse through the available templates and select the one you prefer.", "Click **Create** to download and open the template."], "new_problem": "Download a raffle ticket template in Word.", "action_plans": [{"step": "Open the File tab", "controlLabel": "9", "controlText": "File", "function": "click_input", "args": {"button": "left", "double": false}}, {"step": "Select New from the dropdown menu", "controlLabel": "144", "controlText": "New", "function": "click_input", "args": {"button": "left", "double": false}}, {"step": "Search for raffle ticket templates", "controlLabel": "14", "controlText": "Search", "function": "set_edit_text", "args": {"text": "raffle ticket"}}, {"step": "Press Enter to search", "controlLabel": "14", "controlText": "Search", "function": "type_keys", "args": {"text": "{ENTER}"}}, {"step": "Select the preferred raffle ticket template", "controlLabel": "47", "controlText": "Document", "function": "click_input", "args": {"button": "left", "double": false}}, {"step": "Create the selected template", "controlLabel": "147", "controlText": "Create", "function": "click_input", "args": {"button": "left", "double": false}}], "action_prefill_file_path": "D:\\agents\\AgentLearner\\cache\\action_prefill\\70157.docx"}