{"Problem": "How to insert a table citation", "Solution Steps": ["Place the cursor where you want to insert the table citation.", "Go to the **References** tab.", "In the **Captions** group, click **Insert Table of Figures**.", "In the **Table of Figures** dialog box, select the **Table** option from the **Caption label** drop-down menu.", "Click **OK** to insert the table citation."], "new_problem": "Insert a table citation in the document.", "action_plans": [{"step": "Place the cursor where you want to insert the table citation.", "controlLabel": "47", "controlText": "Document", "function": "click_input", "args": {"button": "left", "double": false}}, {"step": "Go to the References tab.", "controlLabel": "29", "controlText": "References", "function": "click_input", "args": {"button": "left", "double": false}}, {"step": "Click Insert Table of Figures.", "controlLabel": "", "controlText": "Insert Table of Figures", "function": "click_input", "args": {"button": "left", "double": false}}, {"step": "Select the Table option from the Caption label drop-down menu.", "controlLabel": "", "controlText": "Caption label", "function": "click_input", "args": {"button": "left", "double": false}}, {"step": "Click OK to insert the table citation.", "controlLabel": "", "controlText": "OK", "function": "click_input", "args": {"button": "left", "double": false}}], "action_prefill_file_path": "D:\\agents\\AgentLearner\\cache\\action_prefill\\7017.docx"}