{"Problem": "How to create an APA research paper template in Word?", "Solution Steps": ["Open Microsoft Word.", "Click on **File** in the top left corner.", "Select **New** from the dropdown menu.", "In the search bar, type 'APA' and press Enter.", "Select an APA template from the available options.", "Click **Create** to open the template.", "Customize the template as needed for your research paper."], "new_problem": "Create an APA research paper template in Word by navigating to the 'File' menu, selecting 'New', searching for an APA template, and creating it.", "action_plans": [{"step": "Click on the 'File' tab", "controlLabel": "File", "controlText": "File", "function": "click_input", "args": {"button": "left", "double": false}}, {"step": "Select 'New' from the dropdown menu", "controlLabel": "New", "controlText": "New", "function": "click_input", "args": {"button": "left", "double": false}}, {"step": "Type 'APA' in the search bar and press Enter", "controlLabel": "Search", "controlText": "Search", "function": "set_edit_text", "args": {"text": "APA", "newline": true}}, {"step": "Select an APA template from the available options", "controlLabel": "APA Template", "controlText": "APA Template", "function": "click_input", "args": {"button": "left", "double": false}}, {"step": "Click 'Create' to open the template", "controlLabel": "Create", "controlText": "Create", "function": "click_input", "args": {"button": "left", "double": false}}], "action_prefill_file_path": "D:\\agents\\AgentLearner\\cache\\action_prefill\\70173.docx"}