{"Problem": "C\u00e1ch ch\u1ec9nh trang Word n\u1eb1m ngang", "Solution Steps": ["Open the Word document you want to change the orientation for.", "Click on the **Layout** tab (or **Page Layout** in some versions).", "In the **Page Setup** group, click on **Orientation**.", "Select **Landscape** to set the page orientation to horizontal."], "new_problem": "Change the page orientation of the Word document to landscape.", "action_plans": [{"step": "Click on the Layout tab", "controlLabel": "11", "controlText": "Layout", "function": "click_input", "args": {"button": "left", "double": false}}, {"step": "Click on the Orientation button", "controlLabel": "12", "controlText": "Orientation", "function": "click_input", "args": {"button": "left", "double": false}}, {"step": "Select Landscape orientation", "controlLabel": "13", "controlText": "Landscape", "function": "click_input", "args": {"button": "left", "double": false}}], "action_prefill_file_path": "D:\\agents\\AgentLearner\\cache\\action_prefill\\70191.docx"}