{"Problem": "How to create address labels from Excel to Word", "Solution Steps": ["Open Microsoft Excel and ensure your spreadsheet with addresses is prepared.", "Open Microsoft Word, then go to the **Mailings** tab.", "Click on **Start Mail Merge** and select **Labels**.", "Choose the brand and type of labels you want to create, then click **OK**.", "Back in the **Mailings** tab, click on **Select Recipients** and choose **Use an Existing List**.", "Navigate to your Excel spreadsheet, select it, and click **Open**. If your data is in a table, make sure to select the table.", "Insert the merge fields you need by clicking on **Insert Merge Field** in the **Mailings** tab. Place fields as needed for your address labels.", "After setting up your first label, click **Update Labels** in the **Mailings** tab to replicate the layout across all labels.", "Preview your labels by clicking on **Preview Results** in the **Mailings** tab.", "Finally, click **Finish & Merge** in the **Mailings** tab and select **Print Documents** to print your labels or **Edit Individual Documents** to make further edits."], "new_problem": "Create address labels from an Excel file in Word by using the Mailings tab to start a mail merge, selecting the label type, choosing the Excel file as the data source, inserting merge fields, and finalizing the labels.", "action_plans": [{"step": "Open the Mailings tab", "controlLabel": "25", "controlText": "Mailings", "function": "click_input", "args": {"button": "left", "double": false}}, {"step": "Start Mail Merge and select Labels", "controlLabel": "307", "controlText": "Start Mail Merge", "function": "click_input", "args": {"button": "left", "double": false}}, {"step": "Choose the label type", "controlLabel": "309", "controlText": "Labels...", "function": "click_input", "args": {"button": "left", "double": false}}, {"step": "Select Recipients and choose Use an Existing List", "controlLabel": "313", "controlText": "Select Recipients", "function": "click_input", "args": {"button": "left", "double": false}}, {"step": "Navigate to the Excel file and open it", "controlLabel": "336", "controlText": "Open", "function": "click_input", "args": {"button": "left", "double": false}}, {"step": "Insert Merge Fields", "controlLabel": "313", "controlText": "Insert Merge Field", "function": "click_input", "args": {"button": "left", "double": false}}, {"step": "Update Labels to replicate layout", "controlLabel": "313", "controlText": "Update Labels", "function": "click_input", "args": {"button": "left", "double": false}}, {"step": "Preview Results", "controlLabel": "313", "controlText": "Preview Results", "function": "click_input", "args": {"button": "left", "double": false}}, {"step": "Finish & Merge to print or edit labels", "controlLabel": "313", "controlText": "Finish & Merge", "function": "click_input", "args": {"button": "left", "double": false}}], "action_prefill_file_path": "D:\\agents\\AgentLearner\\cache\\action_prefill\\7019.docx"}