{"Problem": "How to apply the Shaded style set in Word", "Solution Steps": ["Open the document in Word where you want to apply the Shaded style set.", "Click on the **Design** tab.", "In the **Document Formatting** group, click on **Themes**.", "Hover over the different themes to preview them on your document.", "Select the **Shaded** option to apply it to your document."], "new_problem": "Apply the Shaded style set in the Word document.", "action_plans": [{"step": "Click on the Design tab", "controlLabel": "25", "controlText": "Insert", "function": "click_input", "args": {"button": "left", "double": false}}, {"step": "Click on the Themes button", "controlLabel": "68", "controlText": "Colors", "function": "click_input", "args": {"button": "left", "double": false}}, {"step": "Select the Shaded style set", "controlLabel": "61", "controlText": "Shaded", "function": "click_input", "args": {"button": "left", "double": false}}], "action_prefill_file_path": "D:\\agents\\AgentLearner\\cache\\action_prefill\\70207.docx"}