{"Problem": "How to choose between long edge and short edge for a Word document", "Solution Steps": ["Click on the **File** tab in the upper-left corner.", "Select **Print** from the menu to open the Print panel.", "In the Print panel, find the **Settings** section.", "Click on the first dropdown menu under Settings where it says 'Print One Sided' by default.", "Choose **Print on Both Sides** from the dropdown menu.", "Select either **Flip on Long Edge** or **Flip on Short Edge** depending on your binding preference."], "new_problem": "Choose between long edge and short edge for printing a Word document.", "action_plans": [{"step": "Click on the File tab in the upper-left corner", "controlLabel": "22", "controlText": "File Tab", "function": "click_input", "args": {"button": "left", "double": false}}, {"step": "Select Print from the menu to open the Print panel", "controlLabel": "109", "controlText": "System", "function": "click_input", "args": {"button": "left", "double": false}}, {"step": "In the Print panel, find the Settings section", "controlLabel": "", "controlText": "", "function": "", "args": {}}, {"step": "Click on the first dropdown menu under Settings where it says 'Print One Sided' by default", "controlLabel": "", "controlText": "", "function": "", "args": {}}, {"step": "Choose Print on Both Sides from the dropdown menu", "controlLabel": "", "controlText": "", "function": "", "args": {}}, {"step": "Select either Flip on Long Edge or Flip on Short Edge depending on your binding preference", "controlLabel": "", "controlText": "", "function": "", "args": {}}], "action_prefill_file_path": "D:\\agents\\AgentLearner\\cache\\action_prefill\\70209.docx"}