{"Problem": "How to change the background color from black to white in Word", "Solution Steps": ["Open the Word document.", "Click the **Design** tab.", "Click **Page Color** in the **Page Background** group.", "Select **White** from the color options."], "new_problem": "Change the background color from black to white in the Word document.", "action_plans": [{"step": "Click the Design tab", "controlLabel": "25", "controlText": "Insert", "function": "click_input", "args": {"button": "left", "double": false}}, {"step": "Click the Page Color button in the Page Background group", "controlLabel": "75", "controlText": "Page Color", "function": "click_input", "args": {"button": "left", "double": false}}, {"step": "Select the color white from the color options", "controlLabel": "", "controlText": "White", "function": "click_input", "args": {"button": "left", "double": false}}], "action_prefill_file_path": "D:\\agents\\AgentLearner\\cache\\action_prefill\\70211.docx"}