{"Problem": "How to find a synonym for the word \"having\" in Word?", "Solution Steps": ["Open the Word document and select the word \"having\".", "Right-click on the selected word.", "In the context menu, hover over **Synonyms**.", "A list of synonyms will appear. Click on the synonym you want to use."], "new_problem": "Find a synonym for the word 'having' in the Word document.", "action_plans": [{"step": "select the word 'having'", "controlLabel": "", "controlText": "", "function": "select_text", "args": {"text": "having"}}, {"step": "right-click on the selected word", "controlLabel": "101", "controlText": "Doc1", "function": "type_keys", "args": {"text": "{VK_APPS}"}}, {"step": "hover over 'Synonyms' in the context menu", "controlLabel": "", "controlText": "Synonyms", "function": "click_input", "args": {"button": "left", "double": false}}, {"step": "select a synonym from the list", "controlLabel": "", "controlText": "Synonym", "function": "click_input", "args": {"button": "left", "double": false}}], "action_prefill_file_path": "D:\\agents\\AgentLearner\\cache\\action_prefill\\70210.docx"}