{"Problem": "How to find words containing \"r\", \"a\", \"g\", \"u\" in Word.", "Solution Steps": ["Open the Word document.", "Press **Ctrl + F** to open the **Navigation** pane.", "In the search box, type **r*a*g*u**.", "Press **Enter** to find all words containing the letters 'r', 'a', 'g', and 'u' in that order."], "new_problem": "Find words containing 'r', 'a', 'g', 'u' in the Word document.", "action_plans": [{"step": "Open the search pane", "controlLabel": "215", "controlText": "Find", "function": "click_input", "args": {"button": "left", "double": false}}, {"step": "Input the search pattern 'r*a*g*u'", "controlLabel": "14", "controlText": "Search", "function": "set_edit_text", "args": {"text": "r*a*g*u"}}, {"step": "Execute the search", "controlLabel": "329", "controlText": "Search", "function": "click_input", "args": {"button": "left", "double": false}}], "action_prefill_file_path": "D:\\agents\\AgentLearner\\cache\\action_prefill\\70219.docx"}