{"Problem": "How to duplicate an image in Word", "Solution Steps": ["Click on the image you want to duplicate to select it.", "Press **Ctrl + C** to copy the image.", "Place the cursor where you want the duplicate image to appear.", "Press **Ctrl + V** to paste the copied image."], "new_problem": "Duplicate an image in the Word document.", "action_plans": [{"step": "Select the image to duplicate", "controlLabel": "", "controlText": "", "function": "select_text", "args": {"text": "image"}}, {"step": "Copy the selected image", "controlLabel": "Edit", "controlText": "Edit", "function": "type_keys", "args": {"text": "{VK_CONTROL down}c{VK_CONTROL up}"}}, {"step": "Place the cursor at the desired location", "controlLabel": "", "controlText": "", "function": "click_input", "args": {}}, {"step": "Paste the copied image", "controlLabel": "Edit", "controlText": "Edit", "function": "type_keys", "args": {"text": "{VK_CONTROL down}v{VK_CONTROL up}"}}], "action_prefill_file_path": "D:\\agents\\AgentLearner\\cache\\action_prefill\\70217.docx"}