{"Problem": "How to find the text color in Word", "Solution Steps": ["Select the text you want to check the color of.", "On the **Home** tab, in the **Font** group, click the arrow next to the **Font Color** button.", "The current color of the selected text will be highlighted in the color palette."], "new_problem": "Find the text color of 'text to edit' in the Word document.", "action_plans": [{"step": "Select the text 'text to edit'", "controlLabel": "", "controlText": "", "function": "select_text", "args": {"text": "text to edit"}}, {"step": "Switch to the Home tab", "controlLabel": "11", "controlText": "Home", "function": "click_input", "args": {"button": "left", "double": false}}, {"step": "Click the Font Color button to check the text color", "controlLabel": "166", "controlText": "Font Color", "function": "click_input", "args": {"button": "left", "double": false}}], "action_prefill_file_path": "D:\\agents\\AgentLearner\\cache\\action_prefill\\70232.docx"}