{"Problem": "How to find a word in Word.", "Solution Steps": ["Open the Word document in which you want to find a word.", "Press **Ctrl + F** on your keyboard to open the **Navigation** pane.", "In the **Navigation** pane, type the word you want to find in the search box.", "Word will automatically highlight all instances of the word in the document."], "new_problem": "Find a word in the Word document using the 'Search' edit box and 'Find' button.", "action_plans": [{"step": "Open the Navigation pane", "controlLabel": "", "controlText": "", "function": "type_keys", "args": {"text": "{VK_CONTROL down}{VK_F down}{VK_F up}{VK_CONTROL up}", "newline": false}}, {"step": "Type the word to find in the search box", "controlLabel": "14", "controlText": "Search", "function": "set_edit_text", "args": {"control_id": "14", "text": "word to find"}}, {"step": "Click the 'Find' button to search for the word", "controlLabel": "215", "controlText": "Find", "function": "click_input", "args": {"control_id": "215", "button": "left", "double": false}}], "action_prefill_file_path": "D:\\agents\\AgentLearner\\cache\\action_prefill\\70246.docx"}