{"Problem": "How to save a Word document as a PDF using GemBox", "Solution Steps": ["Open the Word document you want to save as a PDF.", "Click the **File** tab.", "Select **Save As** from the menu.", "Choose the location where you want to save the file.", "In the **Save as type** dropdown menu, select **PDF**.", "Click **Save**."], "new_problem": "Save the Word document as a PDF using GemBox.", "action_plans": [{"step": "Click the File Tab", "controlLabel": "22", "controlText": "File Tab", "function": "click_input", "args": {"button": "left", "double": false}}, {"step": "Select Save As from the menu", "controlLabel": "109", "controlText": "System", "function": "click_input", "args": {"button": "left", "double": false}}, {"step": "Choose the location to save the file", "controlLabel": "", "controlText": "", "function": "click_input", "args": {"button": "left", "double": false}}, {"step": "Select PDF from the Save as type dropdown", "controlLabel": "", "controlText": "", "function": "click_input", "args": {"button": "left", "double": false}}, {"step": "Click Save", "controlLabel": "9", "controlText": "Save", "function": "click_input", "args": {"button": "left", "double": false}}], "action_prefill_file_path": "D:\\agents\\AgentLearner\\cache\\action_prefill\\7024.docx"}