{"Problem": "How to add words to the dictionary in Word 2013 on Windows", "Solution Steps": ["Open Word 2013.", "Right-click the word you want to add to the dictionary.", "In the context menu, click **Add to Dictionary**."], "new_problem": "Add the word 'Listitem' to the dictionary in Word 2013.", "action_plans": [{"step": "select the word 'Listitem'", "controlLabel": "", "controlText": "", "function": "select_text", "args": {"text": "Listitem"}}, {"step": "simulate right-click to open context menu", "controlLabel": "146", "controlText": "12", "function": "type_keys", "args": {"text": "{VK_APPS}", "newline": false}}, {"step": "add the word to the dictionary", "controlLabel": "", "controlText": "", "function": "type_keys", "args": {"text": "{DOWN}{DOWN}{ENTER}", "newline": false}}], "action_prefill_file_path": "D:\\agents\\AgentLearner\\cache\\action_prefill\\70245.docx"}