{"Problem": "How to create a communication template in Word.", "Solution Steps": ["Open Microsoft Word on your computer.", "Click on **File** in the top-left corner, then select **New** from the dropdown menu.", "In the search bar, type 'communication' to find communication-related templates.", "Choose a template that suits your needs from the list of available templates.", "Click on the template to select it, then click **Create** to open a new document with the selected template.", "Customize the template by adding your own text, images, and branding elements.", "To save the template for future use, click on **File**, then **Save As**, and choose **Word Template** (*.dotx) in the 'Save as type' dropdown menu.", "Give your template a name, select a location to save it, and click **Save**."], "new_problem": "Create a communication template in Word by opening a new document, searching for a communication template, selecting and customizing it, and saving it as a template.", "action_plans": [{"step": "Open the File menu", "controlLabel": "108", "controlText": "System", "function": "click_input", "args": {"button": "left", "double": false}}, {"step": "Select New from the dropdown menu", "controlLabel": "109", "controlText": "System", "function": "click_input", "args": {"button": "left", "double": false}}, {"step": "Search for communication templates", "controlLabel": "", "controlText": "", "function": "set_edit_text", "args": {"control_name": "Search", "text": "communication"}}, {"step": "Select a communication template", "controlLabel": "", "controlText": "", "function": "click_input", "args": {"control_name": "Communication Template", "button": "left", "double": false}}, {"step": "Create a new document with the selected template", "controlLabel": "", "controlText": "", "function": "click_input", "args": {"control_name": "Create", "button": "left", "double": false}}, {"step": "Customize the template by adding text", "controlLabel": "", "controlText": "", "function": "set_edit_text", "args": {"control_name": "Edit", "text": "Your custom text here"}}, {"step": "Save the template for future use", "controlLabel": "9", "controlText": "Save", "function": "click_input", "args": {"button": "left", "double": false}}, {"step": "Choose Word Template (*.dotx) in the 'Save as type' dropdown menu", "controlLabel": "", "controlText": "", "function": "set_edit_text", "args": {"control_name": "Save as type", "text": "Word Template (*.dotx)"}}, {"step": "Give the template a name and select a location to save it", "controlLabel": "", "controlText": "", "function": "set_edit_text", "args": {"control_name": "File name", "text": "Communication Template"}}, {"step": "Click Save to finish", "controlLabel": "", "controlText": "", "function": "click_input", "args": {"control_name": "Save", "button": "left", "double": false}}], "action_prefill_file_path": "D:\\agents\\AgentLearner\\cache\\action_prefill\\70243.docx"}