{"Problem": "How to add a text bubble in Word", "Solution Steps": ["Place the cursor where you want to add the text bubble.", "Go to the **Insert** tab.", "In the **Illustrations** group, click **Shapes**.", "Under **Callouts**, select the type of text bubble you want to use.", "Click and drag on the document to draw the text bubble.", "Type your text inside the bubble."], "new_problem": "Add a text bubble in Word by placing the cursor, going to the 'Insert' tab, selecting 'Shapes', choosing a callout, drawing the bubble, and typing text inside.", "action_plans": ["{\"step\":\"place the cursor where the text bubble will be added\",\"controlLabel\":\"\",\"controlText\":\"\",\"function\":\"click_input\",\"args\":{\"control_id\":\"\",\"button\":\"left\",\"double\":false}}", "{\"step\":\"go to the Insert tab\",\"controlLabel\":\"25\",\"controlText\":\"Insert\",\"function\":\"click_input\",\"args\":{\"button\":\"left\",\"double\":false}}", "{\"step\":\"click Shapes in the Illustrations group\",\"controlLabel\":\"\",\"controlText\":\"Shapes\",\"function\":\"click_input\",\"args\":{\"button\":\"left\",\"double\":false}}", "{\"step\":\"select the type of text bubble under Callouts\",\"controlLabel\":\"\",\"controlText\":\"Callouts\",\"function\":\"click_input\",\"args\":{\"button\":\"left\",\"double\":false}}", "{\"step\":\"click and drag to draw the text bubble\",\"controlLabel\":\"\",\"controlText\":\"\",\"function\":\"click_input\",\"args\":{\"control_id\":\"\",\"button\":\"left\",\"double\":false}}", "{\"step\":\"type text inside the bubble\",\"controlLabel\":\"\",\"controlText\":\"\",\"function\":\"set_edit_text\",\"args\":{\"control_id\":\"\",\"text\":\"Your text here\"}}"], "action_prefill_file_path": "D:\\agents\\AgentLearner\\cache\\action_prefill\\70257.docx"}