{"Problem": "How to add color to a screenshot in Word.", "Solution Steps": ["Insert the screenshot into your Word document by clicking **Insert** tab, then **Pictures**, and select your screenshot.", "Click on the inserted screenshot to select it.", "Go to the **Picture Format** tab that appears when the screenshot is selected.", "In the **Adjust** group, click **Color**.", "Choose the color variation you want from the available options."], "new_problem": "Add color to a screenshot in the Word document.", "action_plans": [{"step": "Switch to the Insert tab", "controlLabel": "25", "controlText": "Insert", "function": "click_input", "args": {"button": "left", "double": false}}, {"step": "Open the Pictures dialog", "controlLabel": "144", "controlText": "Open", "function": "click_input", "args": {"button": "left", "double": false}}, {"step": "Select the inserted screenshot", "controlLabel": "", "controlText": "", "function": "select_text", "args": {"text": "Text Box 2"}}, {"step": "Switch to the Picture Format tab", "controlLabel": "", "controlText": "Picture Format", "function": "click_input", "args": {"button": "left", "double": false}}, {"step": "Open the Color menu", "controlLabel": "68", "controlText": "Colors", "function": "click_input", "args": {"button": "left", "double": false}}, {"step": "Choose a color variation", "controlLabel": "", "controlText": "", "function": "click_input", "args": {"button": "left", "double": false}}], "action_prefill_file_path": "D:\\agents\\AgentLearner\\cache\\action_prefill\\70256.docx"}