{"Problem": "How to create a book cover template in Word.", "Solution Steps": ["Open Microsoft Word and create a new blank document.", "Go to the **Layout** tab and select **Size** to choose the page size that matches your book dimensions.", "Click on the **Margins** dropdown in the **Page Setup** group and select or customize the margins for your book cover.", "Go to the **Insert** tab to add any images, shapes, or text boxes that you want to include in your book cover design.", "Use the **Picture** option to insert images, or select **Shapes** to add graphical elements.", "To add text, click on the **Text Box** button and draw the text box on the page. Then, type in your book title, author name, and any other text.", "Format the text using the **Home** tab, where you can change the font style, size, color, and alignment.", "Once you are satisfied with your design, save the document by clicking **File** and then **Save As**. Choose the desired file format and location to save your book cover template."], "new_problem": "Create a book cover template in Word by setting the page size, margins, and adding images, shapes, and text boxes.", "action_plans": [{"step": "Switch to the Layout tab", "controlLabel": "28", "controlText": "Layout", "function": "click_input", "args": {"button": "left", "double": false}}, {"step": "Select the page size", "controlLabel": "", "controlText": "", "function": "type_keys", "args": {"text": "{VK_MENU down}P{VK_MENU up}S"}}, {"step": "Set the margins", "controlLabel": "", "controlText": "", "function": "type_keys", "args": {"text": "{VK_MENU down}P{VK_MENU up}M"}}, {"step": "Switch to the Insert tab", "controlLabel": "25", "controlText": "Insert", "function": "click_input", "args": {"button": "left", "double": false}}, {"step": "Insert an image", "controlLabel": "", "controlText": "", "function": "type_keys", "args": {"text": "{VK_MENU down}N{VK_MENU up}P"}}, {"step": "Insert a shape", "controlLabel": "", "controlText": "", "function": "type_keys", "args": {"text": "{VK_MENU down}N{VK_MENU up}S"}}, {"step": "Insert a text box", "controlLabel": "", "controlText": "", "function": "type_keys", "args": {"text": "{VK_MENU down}N{VK_MENU up}X"}}, {"step": "Save the document", "controlLabel": "9", "controlText": "Save", "function": "click_input", "args": {"button": "left", "double": false}}], "action_prefill_file_path": "D:\\agents\\AgentLearner\\cache\\action_prefill\\70251.docx"}