{"Problem": "How to get Grammarly to work with Microsoft Word?", "Solution Steps": ["Download and install the Grammarly for Microsoft Office add-in from the Grammarly website.", "Close any Microsoft Office applications that are open.", "Run the Grammarly installer and follow the on-screen instructions to complete the installation.", "Open Microsoft Word.", "You should see a new **Grammarly** tab in the ribbon. Click the **Grammarly** tab.", "Click **Open Grammarly** to start using Grammarly in Microsoft Word."], "new_problem": "Download and install the Grammarly for Microsoft Office add-in from the Grammarly website. Close any Microsoft Office applications that are open. Run the Grammarly installer and follow the on-screen instructions to complete the installation. Open Microsoft Word. You should see a new Grammarly tab in the ribbon. Click the Grammarly tab. Click Open Grammarly to start using Grammarly in Microsoft Word.", "action_plans": [""], "action_prefill_file_path": "D:\\agents\\AgentLearner\\cache\\action_prefill\\7026.docx"}