{"Problem": "How to create a 30-day notice to landlord template in Word?", "Solution Steps": ["Open Microsoft Word.", "Click on **File** in the top left corner.", "Select **New** from the dropdown menu.", "In the search bar, type '30-day notice to landlord template' and press Enter.", "Browse through the available templates and select one that suits your needs.", "Click **Create** to open the template.", "Edit the template with your specific information, such as your name, address, landlord's name, and the date.", "Save the document by clicking **File** and then **Save As**."], "new_problem": "Create a 30-day notice to landlord template in Word by opening a new document, searching for the template, selecting it, and editing it with specific information.", "action_plans": [{"step": "Open the File menu", "controlLabel": "24", "controlText": "File", "function": "click_input", "args": {"button": "left", "double": false}}, {"step": "Select New from the dropdown menu", "controlLabel": "336", "controlText": "New", "function": "click_input", "args": {"button": "left", "double": false}}, {"step": "Search for '30-day notice to landlord template'", "controlLabel": "330", "controlText": "Search", "function": "set_edit_text", "args": {"text": "30-day notice to landlord template"}}, {"step": "Press Enter to search", "controlLabel": "330", "controlText": "Search", "function": "type_keys", "args": {"text": "{ENTER}"}}, {"step": "Select a suitable template", "controlLabel": "379", "controlText": "Template", "function": "click_input", "args": {"button": "left", "double": false}}, {"step": "Create the template", "controlLabel": "379", "controlText": "Create", "function": "click_input", "args": {"button": "left", "double": false}}, {"step": "Edit the template with specific information", "controlLabel": "", "controlText": "", "function": "set_edit_text", "args": {"text": "Your Name\nYour Address\nLandlord's Name\nDate"}}, {"step": "Save the document", "controlLabel": "9", "controlText": "Save", "function": "click_input", "args": {"button": "left", "double": false}}], "action_prefill_file_path": "D:\\agents\\AgentLearner\\cache\\action_prefill\\70278.docx"}