{"Problem": "How to open Word documents without having Word installed", "Solution Steps": ["Download and install the **Microsoft Word Viewer** from the official Microsoft website, if available.", "Use a free online service like **Google Docs** to upload and view the Word document.", "Install a free office suite like **LibreOffice** or **OpenOffice** that supports opening Word documents.", "Use the built-in **WordPad** program in Windows to open basic Word documents (some formatting may be lost).", "Right-click on the Word document, select **Open with**, and choose another text editing software that you have installed that might be compatible."], "new_problem": "Provide steps to open Word documents without having Word installed.", "action_plans": [""], "action_prefill_file_path": "D:\\agents\\AgentLearner\\cache\\action_prefill\\70274.docx"}