{"Problem": "How to create a subpoint 1.1 in Word.", "Solution Steps": ["Place the cursor at the beginning of the line where you want to create the subpoint.", "Press **Tab** on your keyboard to indent the line, creating a subpoint.", "If the numbering does not automatically update to 1.1, right-click the indented line.", "Select **Numbering** from the context menu.", "Choose the appropriate numbering format that includes subpoints (e.g., 1.1, 1.1.1)."], "new_problem": "Create a subpoint 1.1 in the Word document.", "action_plans": [{"step": "Place the cursor at the beginning of the line where you want to create the subpoint", "controlLabel": "", "controlText": "", "function": "select_text", "args": {"text": "text to edit"}}, {"step": "Press Tab on your keyboard to indent the line, creating a subpoint", "controlLabel": "101", "controlText": "Edit", "function": "type_keys", "args": {"text": "{TAB}"}}, {"step": "Ensure the numbering updates to 1.1", "controlLabel": "177", "controlText": "Numbering", "function": "click_input", "args": {"button": "left", "double": false}}], "action_prefill_file_path": "D:\\agents\\AgentLearner\\cache\\action_prefill\\70285.docx"}