{"Problem": "How to restart numbered lists in Word without issues.", "Solution Steps": ["Place the cursor at the beginning of the list item where you want to restart the numbering.", "Right-click the list item.", "Select **Restart at 1** from the context menu.", "If the option is not available, click the **Home** tab.", "In the **Paragraph** group, click the **Numbering** drop-down arrow.", "Select **Set Numbering Value**.", "In the **Set Numbering Value** dialog box, select **Start new list** and set the value to 1.", "Click **OK**."], "new_problem": "Restart the numbered list at 'Listitem2' in the Word document.", "action_plans": [{"step": "Place the cursor at the beginning of 'Listitem2'", "controlLabel": "", "controlText": "", "function": "select_text", "args": {"text": "Listitem2"}}, {"step": "Right-click the list item", "controlLabel": "", "controlText": "", "function": "click_input", "args": {"button": "right", "double": false}}, {"step": "Select 'Restart at 1' from the context menu", "controlLabel": "", "controlText": "Restart at 1", "function": "click_input", "args": {"button": "left", "double": false}}, {"step": "If 'Restart at 1' is not available, click the 'Home' tab", "controlLabel": "11", "controlText": "Home", "function": "click_input", "args": {"button": "left", "double": false}}, {"step": "Click the 'Numbering' drop-down arrow", "controlLabel": "177", "controlText": "Numbering", "function": "click_input", "args": {"button": "left", "double": false}}, {"step": "Select 'Set Numbering Value'", "controlLabel": "", "controlText": "Set Numbering Value", "function": "click_input", "args": {"button": "left", "double": false}}, {"step": "In the 'Set Numbering Value' dialog box, select 'Start new list' and set the value to 1", "controlLabel": "", "controlText": "", "function": "set_edit_text", "args": {"control_id": "146", "text": "1"}}, {"step": "Click 'OK'", "controlLabel": "", "controlText": "OK", "function": "click_input", "args": {"button": "left", "double": false}}], "action_prefill_file_path": "D:\\agents\\AgentLearner\\cache\\action_prefill\\70306.docx"}