{"Problem": "How to create a joint survey report template in Word", "Solution Steps": ["Open Microsoft Word and create a new blank document.", "Click on the **Insert** tab to add different elements like tables, charts, and images that you might need for your survey report.", "To create a structured layout, use the **Layout** tab to adjust margins, orientation, and spacing.", "Use the **Table** option under the **Insert** tab to create a table for survey data. You can customize the table size according to your data needs.", "For analysis or summary, insert charts by clicking on **Insert** > **Chart**. Choose the chart type that best represents your survey data.", "To add questions and responses, you can use the **Text Box** option under the **Insert** tab for better visual separation.", "Utilize the **Header & Footer** tools under the **Insert** tab for adding titles, page numbers, or any other consistent information across pages.", "Customize the look of your report by selecting text and using the **Home** tab options to change font styles, sizes, and colors.", "Save your document as a template for future use by clicking **File** > **Save As**. Choose where you want to save the file, then in the 'Save as type' dropdown menu, select **Word Template**.", "Give your template a name and click **Save**. Now, you can use this template for creating joint survey reports in the future."], "new_problem": "Create a joint survey report template in Word by structuring the layout, inserting tables, charts, and text boxes, and saving it as a template.", "action_plans": [{"step": "Open Microsoft Word and create a new blank document", "controlLabel": "", "controlText": "", "function": "", "args": {}}, {"step": "Click on the Insert tab to add different elements", "controlLabel": "25", "controlText": "Insert", "function": "click_input", "args": {"button": "left", "double": false}}, {"step": "Insert a table for survey data", "controlLabel": "", "controlText": "", "function": "insert_table", "args": {"columns": 3, "rows": 5}}, {"step": "Insert a chart for analysis or summary", "controlLabel": "", "controlText": "", "function": "", "args": {}}, {"step": "Insert a text box for questions and responses", "controlLabel": "", "controlText": "", "function": "", "args": {}}, {"step": "Utilize the Header & Footer tools for consistent information", "controlLabel": "", "controlText": "", "function": "", "args": {}}, {"step": "Customize the look of your report using the Home tab options", "controlLabel": "", "controlText": "", "function": "", "args": {}}, {"step": "Save your document as a template", "controlLabel": "9", "controlText": "Save", "function": "click_input", "args": {"button": "left", "double": false}}, {"step": "Choose Word Template in the 'Save as type' dropdown menu", "controlLabel": "", "controlText": "", "function": "", "args": {}}, {"step": "Give your template a name and click Save", "controlLabel": "", "controlText": "", "function": "", "args": {}}], "action_prefill_file_path": "D:\\agents\\AgentLearner\\cache\\action_prefill\\70311.docx"}