{"Problem": "How to adjust cell margins in Word 365?", "Solution Steps": ["Click inside the table where you want to adjust the cell margins.", "Go to the **Table Tools Layout** tab that appears on the ribbon.", "In the **Alignment** group, click **Cell Margins**.", "In the **Table Options** dialog box, adjust the **Top**, **Bottom**, **Left**, and **Right** margins as needed.", "Click **OK** to apply the changes."], "new_problem": "Insert a table and adjust the cell margins in Word 365.", "action_plans": [{"step": "Insert a table with 3 columns and 3 rows", "controlLabel": "", "controlText": "", "function": "insert_table", "args": {"columns": 3, "rows": 3}}, {"step": "Click inside the table", "controlLabel": "", "controlText": "", "function": "click_input", "args": {"control_id": "", "control_name": "Table", "button": "left", "double": false}}, {"step": "Go to the Table Tools Layout tab", "controlLabel": "28", "controlText": "Layout", "function": "click_input", "args": {"button": "left", "double": false}}, {"step": "Click Cell Margins", "controlLabel": "", "controlText": "Cell Margins", "function": "click_input", "args": {"button": "left", "double": false}}, {"step": "Adjust the Top, Bottom, Left, and Right margins", "controlLabel": "", "controlText": "", "function": "set_edit_text", "args": {"control_id": "", "text": "Top: 0.1, Bottom: 0.1, Left: 0.1, Right: 0.1"}}, {"step": "Click OK to apply the changes", "controlLabel": "", "controlText": "OK", "function": "click_input", "args": {"button": "left", "double": false}}], "action_prefill_file_path": "D:\\agents\\AgentLearner\\cache\\action_prefill\\70318.docx"}