{"Problem": "How to download a receipt (kwitansi) template for Word?", "Solution Steps": ["Open Microsoft Word.", "Click on **File** in the top-left corner.", "Select **New** from the menu.", "In the **Search for online templates** box, type 'receipt' or 'kwitansi' and press Enter.", "Browse through the available templates and select the one you prefer.", "Click **Create** to download and open the template."], "new_problem": "Download a receipt (kwitansi) template for Word.", "action_plans": [{"step": "Open the File menu", "controlLabel": "9", "controlText": "File", "function": "click_input", "args": {"button": "left", "double": false}}, {"step": "Select New from the menu", "controlLabel": "144", "controlText": "New", "function": "click_input", "args": {"button": "left", "double": false}}, {"step": "Search for receipt or kwitansi template", "controlLabel": "14", "controlText": "Search", "function": "set_edit_text", "args": {"control_id": "14", "text": "receipt or kwitansi", "newline": true}}, {"step": "Press Enter to search", "controlLabel": "14", "controlText": "Search", "function": "type_keys", "args": {"control_id": "14", "text": "{ENTER}", "newline": false}}, {"step": "Select the preferred template", "controlLabel": "147", "controlText": "Open", "function": "click_input", "args": {"button": "left", "double": false}}, {"step": "Create the template", "controlLabel": "147", "controlText": "Open", "function": "click_input", "args": {"button": "left", "double": false}}], "action_prefill_file_path": "D:\\agents\\AgentLearner\\cache\\action_prefill\\70326.docx"}