{"Problem": "How to drag and drop a PDF into a Word document.", "Solution Steps": ["Open the Word document where you want to insert the PDF.", "Minimize the Word window so you can see both your desktop and the Word window on the screen.", "Locate the PDF file you want to insert.", "Click and hold the PDF file, then drag it into the Word document where you want it to appear.", "Release the mouse button to drop the PDF into the Word document. Word will insert the PDF as an object or an image, depending on the version of Word you are using."], "new_problem": "Insert a PDF into the Word document by dragging and dropping it.", "action_plans": [{"step": "Open the Word document where you want to insert the PDF.", "controlLabel": "", "controlText": "", "function": "", "args": {}}, {"step": "Minimize the Word window so you can see both your desktop and the Word window on the screen.", "controlLabel": "", "controlText": "", "function": "", "args": {}}, {"step": "Locate the PDF file you want to insert.", "controlLabel": "", "controlText": "", "function": "", "args": {}}, {"step": "Click and hold the PDF file, then drag it into the Word document where you want it to appear.", "controlLabel": "", "controlText": "", "function": "", "args": {}}, {"step": "Release the mouse button to drop the PDF into the Word document.", "controlLabel": "", "controlText": "", "function": "", "args": {}}], "action_prefill_file_path": "D:\\agents\\AgentLearner\\cache\\action_prefill\\70330.docx"}