{"Problem": "How to flip one page from portrait to landscape in Word?", "Solution Steps": ["Place the cursor at the beginning of the page that you want to change to landscape.", "Click on the **Layout** tab (or **Page Layout** in some versions).", "In the **Page Setup** group, click on **Breaks**.", "Under **Section Breaks**, choose **Next Page**.", "Place the cursor on the page that you want to switch to landscape.", "In the **Page Setup** group, click on **Orientation**, then choose **Landscape**.", "Word will create a new section and the selected page will change to landscape. All pages before the section break will remain in portrait orientation."], "new_problem": "Flip one page from portrait to landscape in Word.", "action_plans": [{"step": "Place the cursor at the beginning of the page", "controlLabel": "103", "controlText": "Page 1 content", "function": "click_input", "args": {"button": "left", "double": false}}, {"step": "Click on the Layout tab", "controlLabel": "28", "controlText": "Layout", "function": "click_input", "args": {"button": "left", "double": false}}, {"step": "Click on Breaks", "controlLabel": "", "controlText": "Breaks", "function": "click_input", "args": {"button": "left", "double": false}}, {"step": "Choose Next Page under Section Breaks", "controlLabel": "", "controlText": "Next Page", "function": "click_input", "args": {"button": "left", "double": false}}, {"step": "Place the cursor on the page to switch to landscape", "controlLabel": "103", "controlText": "Page 1 content", "function": "click_input", "args": {"button": "left", "double": false}}, {"step": "Click on Orientation", "controlLabel": "", "controlText": "Orientation", "function": "click_input", "args": {"button": "left", "double": false}}, {"step": "Choose Landscape", "controlLabel": "", "controlText": "Landscape", "function": "click_input", "args": {"button": "left", "double": false}}], "action_prefill_file_path": "D:\\agents\\AgentLearner\\cache\\action_prefill\\70337.docx"}