{"Problem": "How to solve scientific notation word problems in Word for 8th grade.", "Solution Steps": ["Open Microsoft Word.", "Click on the **Insert** tab.", "In the **Symbols** group, click **Equation** to insert a new equation.", "Use the equation tools to input scientific notation. For example, type '3.2 x 10^4' for 3.2 times 10 to the power of 4.", "To add more equations or scientific notation, repeat the steps above.", "You can also use the **Insert** tab and select **Table** to create a table for organizing problems and solutions.", "Type the word problem in the document, using the equations and tables as needed to illustrate the problem and solution."], "new_problem": "Solve scientific notation word problems in Word for 8th grade by inserting equations and tables.", "action_plans": [{"step": "Switch to the Insert tab", "controlLabel": "25", "controlText": "Insert", "function": "click_input", "args": {"button": "left", "double": false}}, {"step": "Insert a new equation", "controlLabel": "", "controlText": "Equation", "function": "click_input", "args": {"button": "left", "double": false}}, {"step": "Type the scientific notation '3.2 x 10^4'", "controlLabel": "101", "controlText": "Edit", "function": "set_edit_text", "args": {"text": "3.2 x 10^4"}}, {"step": "Insert a table to organize problems and solutions", "controlLabel": "", "controlText": "Table", "function": "click_input", "args": {"button": "left", "double": false}}, {"step": "Insert a 2x2 table", "controlLabel": "", "controlText": "", "function": "insert_table", "args": {"columns": 2, "rows": 2}}, {"step": "Type the word problem in the document", "controlLabel": "101", "controlText": "Edit", "function": "set_edit_text", "args": {"text": "Solve the scientific notation problem: 3.2 x 10^4"}}], "action_prefill_file_path": "D:\\agents\\AgentLearner\\cache\\action_prefill\\70331.docx"}