{"Problem": "How to create a FAQ template in Microsoft Word", "Solution Steps": ["Open Microsoft Word.", "Click on **File** in the top left corner.", "Select **New** from the dropdown menu.", "In the search bar, type 'FAQ' and press Enter.", "Browse through the available FAQ templates and select the one that suits your needs.", "Click **Create** to open the selected template.", "Edit the template by replacing the placeholder text with your own questions and answers.", "Save your document by clicking **File** and then **Save As**."], "new_problem": "Create a FAQ template in Microsoft Word by opening a new document, searching for an FAQ template, selecting it, and editing and saving the document.", "action_plans": [{"step": "Click on the 'File' tab to open the file menu", "controlLabel": "22", "controlText": "File Tab", "function": "click_input", "args": {"button": "left", "double": false}}, {"step": "Select 'New' from the file menu", "controlLabel": "10", "controlText": "New Blank Document", "function": "click_input", "args": {"button": "left", "double": false}}, {"step": "Search for 'FAQ' in the template search bar", "controlLabel": "14", "controlText": "Search", "function": "set_edit_text", "args": {"control_id": "14", "text": "FAQ", "newline": true}}, {"step": "Select the first FAQ template from the search results", "controlLabel": "47", "controlText": "Document", "function": "click_input", "args": {"button": "left", "double": false}}, {"step": "Click 'Create' to open the selected template", "controlLabel": "9", "controlText": "Save", "function": "click_input", "args": {"button": "left", "double": false}}, {"step": "Edit the template by replacing the placeholder text with your own questions and answers", "controlLabel": "103", "controlText": "Page 1 content", "function": "set_edit_text", "args": {"control_id": "103", "text": "Your questions and answers here", "newline": true}}, {"step": "Save the document", "controlLabel": "9", "controlText": "Save", "function": "click_input", "args": {"button": "left", "double": false}}], "action_prefill_file_path": "D:\\agents\\AgentLearner\\cache\\action_prefill\\70335.docx"}