{"Problem": "How to see who made changes in a Word document without track changes enabled?", "Solution Steps": ["Open the Word document.", "Click on the **File** tab.", "Select **Info** from the left-hand menu.", "Under **Related People**, you will see the names of people who have made changes to the document."], "new_problem": "See who made changes in a Word document without track changes enabled by navigating to the 'File' tab, selecting 'Info', and checking under 'Related People'.", "action_plans": [{"step": "Click on the 'File' tab", "controlLabel": "18", "controlText": "File", "function": "click_input", "args": {"button": "left", "double": false}}, {"step": "Select 'Info' from the left-hand menu", "controlLabel": "18", "controlText": "Info", "function": "click_input", "args": {"button": "left", "double": false}}], "action_prefill_file_path": "D:\\agents\\AgentLearner\\cache\\action_prefill\\70336.docx"}