{"Problem": "How to create a Word document for a 1st to 6th-grade Chinese language assignment using \u7530\u5b57\u683c\u5b57\u5e16 format.", "Solution Steps": ["Open Microsoft Word.", "Click on **File** and select **New**.", "In the search bar, type **\u7530\u5b57\u683c\u5b57\u5e16** or **Tian Zi Ge**.", "Press **Enter** to search for templates.", "Select a suitable **\u7530\u5b57\u683c\u5b57\u5e16** template from the results.", "Click **Create** to open the template.", "Customize the document as needed for the assignment."], "new_problem": "Create a Word document for a 1st to 6th-grade Chinese language assignment using the \u7530\u5b57\u683c\u5b57\u5e16 format.", "action_plans": [{"step": "Open the File menu", "controlLabel": "22", "controlText": "File Tab", "function": "click_input", "args": {"button": "left", "double": false}}, {"step": "Select New to create a new document", "controlLabel": "10", "controlText": "New Blank Document", "function": "click_input", "args": {"button": "left", "double": false}}, {"step": "Search for the \u7530\u5b57\u683c\u5b57\u5e16 template", "controlLabel": "14", "controlText": "Search", "function": "set_edit_text", "args": {"text": "\u7530\u5b57\u683c\u5b57\u5e16"}}, {"step": "Press Enter to search for templates", "controlLabel": "14", "controlText": "Search", "function": "type_keys", "args": {"text": "{ENTER}"}}, {"step": "Select a suitable \u7530\u5b57\u683c\u5b57\u5e16 template from the results", "controlLabel": "47", "controlText": "Document", "function": "click_input", "args": {"button": "left", "double": false}}, {"step": "Click Create to open the template", "controlLabel": "233", "controlText": "Blank Page", "function": "click_input", "args": {"button": "left", "double": false}}, {"step": "Customize the document as needed for the assignment", "controlLabel": "103", "controlText": "Page 1 content", "function": "set_edit_text", "args": {"text": "Customize the document with the assignment content."}}], "action_prefill_file_path": "D:\\agents\\AgentLearner\\cache\\action_prefill\\70344.docx"}