{"Problem": "How to create notecards in Microsoft Word", "Solution Steps": ["Open Microsoft Word.", "Click on the **File** tab and select **New**.", "In the search bar, type 'Notecard' and press Enter.", "Select a notecard template from the available options and click **Create**.", "Customize the notecard template as needed by adding text, images, or other elements.", "Once you are satisfied with your notecard, click the **File** tab and select **Save As** to save your document."], "new_problem": "Create notecards in Microsoft Word by opening a new document, searching for a notecard template, selecting and customizing it, and then saving the document.", "action_plans": [{"step": "Open the File tab", "controlLabel": "22", "controlText": "File Tab", "function": "click_input", "args": {"button": "left", "double": false}}, {"step": "Click on New Blank Document", "controlLabel": "10", "controlText": "New Blank Document", "function": "click_input", "args": {"button": "left", "double": false}}, {"step": "Click on the Search box", "controlLabel": "14", "controlText": "Search", "function": "click_input", "args": {"button": "left", "double": false}}, {"step": "Type 'Notecard' in the search box", "controlLabel": "14", "controlText": "Search", "function": "set_edit_text", "args": {"text": "Notecard"}}, {"step": "Press Enter to search for notecard templates", "controlLabel": "14", "controlText": "Search", "function": "type_keys", "args": {"text": "{ENTER}"}}, {"step": "Select a notecard template", "controlLabel": "", "controlText": "", "function": "click_input", "args": {"button": "left", "double": false}}, {"step": "Click Create to open the selected template", "controlLabel": "", "controlText": "", "function": "click_input", "args": {"button": "left", "double": false}}, {"step": "Customize the notecard template by adding text", "controlLabel": "", "controlText": "", "function": "set_edit_text", "args": {"text": "Your custom text here"}}, {"step": "Click on the File tab to save the document", "controlLabel": "22", "controlText": "File Tab", "function": "click_input", "args": {"button": "left", "double": false}}, {"step": "Click Save As to save the document", "controlLabel": "", "controlText": "Save As", "function": "click_input", "args": {"button": "left", "double": false}}], "action_prefill_file_path": "D:\\agents\\AgentLearner\\cache\\action_prefill\\7034.docx"}