{"Problem": "How to lock objects in Word?", "Solution Steps": ["Select the object you want to lock.", "Right-click the object and choose **Size and Position**.", "In the **Layout** dialog box, go to the **Position** tab.", "Under **Options**, check the box for **Lock anchor**.", "Click **OK** to apply the changes."], "new_problem": "Lock the text box object in the Word document.", "action_plans": [{"step": "select the text box object", "controlLabel": "", "controlText": "", "function": "select_text", "args": {"text": "[Grab your reader\u2019s attention with a great quote from the document or use this space to emphasize a key point. To place this text box anywhere on the page, just drag it.]"}}, {"step": "right-click the selected object", "controlLabel": "", "controlText": "", "function": "type_keys", "args": {"text": "{VK_APPS}"}}, {"step": "choose 'Size and Position' from the context menu", "controlLabel": "", "controlText": "Size and Position", "function": "click_input", "args": {"button": "left", "double": false}}, {"step": "navigate to the 'Position' tab in the 'Layout' dialog box", "controlLabel": "", "controlText": "Position", "function": "click_input", "args": {"button": "left", "double": false}}, {"step": "check the 'Lock anchor' option", "controlLabel": "", "controlText": "Lock anchor", "function": "click_input", "args": {"button": "left", "double": false}}, {"step": "click 'OK' to apply the changes", "controlLabel": "", "controlText": "OK", "function": "click_input", "args": {"button": "left", "double": false}}], "action_prefill_file_path": "D:\\agents\\AgentLearner\\cache\\action_prefill\\70351.docx"}