{"Problem": "How to add a registered trademark symbol in Word", "Solution Steps": ["Place the cursor where you want to insert the registered trademark symbol.", "Press **Alt** and type **0174** using the numeric keypad on your keyboard.", "Release the **Alt** key, and the registered trademark symbol (\u00ae) will appear."], "new_problem": "Add a registered trademark symbol (\u00ae) at the cursor position in the Word document.", "action_plans": [{"step": "place the cursor at the desired location", "controlLabel": "", "controlText": "", "function": "click_input", "args": {"control_id": "", "control_name": "Document", "button": "left", "double": false}}, {"step": "type the Alt code for the registered trademark symbol", "controlLabel": "", "controlText": "", "function": "type_keys", "args": {"control_id": "", "control_name": "Document", "text": "{VK_MENU down}{VK_NUMPAD0}{VK_NUMPAD1}{VK_NUMPAD7}{VK_NUMPAD4}{VK_MENU up}", "newline": false}}], "action_prefill_file_path": "D:\\agents\\AgentLearner\\cache\\action_prefill\\70367.docx"}