{"Problem": "Can not change font on Word?", "Solution Steps": ["Open your document in Word.", "Highlight the text you want to change the font for.", "On the **Home** tab, in the **Font** group, click the **Font** drop-down menu.", "Select the font you wish to use from the list.", "If the font doesn't change, try clicking the **Clear All Formatting** button in the **Font** group on the **Home** tab, then apply the font again."], "new_problem": "Change the font of 'text to edit' in the Word document. If the font doesn't change, clear all formatting and apply the font again.", "action_plans": [{"step": "select the target text 'text to edit'", "controlLabel": "", "controlText": "", "function": "select_text", "args": {"text": "text to edit"}}, {"step": "open the font drop-down menu", "controlLabel": "142", "controlText": "Font", "function": "click_input", "args": {"button": "left", "double": false}}, {"step": "select a new font", "controlLabel": "143", "controlText": "Aptos (Body)", "function": "set_edit_text", "args": {"text": "Arial"}}, {"step": "clear all formatting if the font doesn't change", "controlLabel": "151", "controlText": "Clear Formatting", "function": "click_input", "args": {"button": "left", "double": false}}, {"step": "reapply the font", "controlLabel": "142", "controlText": "Font", "function": "click_input", "args": {"button": "left", "double": false}}, {"step": "select the new font again", "controlLabel": "143", "controlText": "Aptos (Body)", "function": "set_edit_text", "args": {"text": "Arial"}}], "action_prefill_file_path": "D:\\agents\\AgentLearner\\cache\\action_prefill\\70372.docx"}