{"Problem": "How to add whitespace in Microsoft Word", "Solution Steps": ["Place the cursor where you want to add whitespace.", "Press the **Enter** key to add a new line of whitespace.", "Alternatively, press the **Spacebar** to add spaces between words or characters.", "For more precise control, go to the **Layout** tab.", "In the **Paragraph** group, adjust the **Before** and **After** spacing options to add space before or after paragraphs."], "new_problem": "Add whitespace in Microsoft Word by pressing Enter for a new line, Spacebar for spaces, or adjusting paragraph spacing in the Layout tab.", "action_plans": [{"step": "Place the cursor where you want to add whitespace", "controlLabel": "", "controlText": "", "function": "click_input", "args": {"control_id": "", "control_name": "Document", "button": "left", "double": false}}, {"step": "Press the Enter key to add a new line of whitespace", "controlLabel": "101", "controlText": "Edit", "function": "type_keys", "args": {"text": "{ENTER}"}}, {"step": "Press the Spacebar to add spaces between words or characters", "controlLabel": "101", "controlText": "Edit", "function": "type_keys", "args": {"text": " "}}, {"step": "Go to the Layout tab for more precise control", "controlLabel": "28", "controlText": "Layout", "function": "click_input", "args": {"button": "left", "double": false}}, {"step": "Adjust the Before and After spacing options in the Paragraph group", "controlLabel": "289", "controlText": "Paragraph", "function": "click_input", "args": {"button": "left", "double": false}}], "action_prefill_file_path": "D:\\agents\\AgentLearner\\cache\\action_prefill\\70380.docx"}