{"Problem": "How to create a handbook template in Word.", "Solution Steps": ["Open Microsoft Word.", "Click on **File** in the top left corner.", "Select **New** from the dropdown menu.", "In the search bar, type 'handbook' and press Enter.", "Browse through the available handbook templates.", "Click on the template you want to use.", "Click **Create** to open the template.", "Customize the template with your content as needed."], "new_problem": "Create a handbook template in Word by navigating to the 'File' menu, selecting 'New', searching for 'handbook' templates, and creating one.", "action_plans": [{"step": "Open the 'File' menu", "controlLabel": "108", "controlText": "System", "function": "click_input", "args": {"button": "left", "double": false}}, {"step": "Select 'New' from the dropdown menu", "controlLabel": "109", "controlText": "System", "function": "click_input", "args": {"button": "left", "double": false}}, {"step": "Type 'handbook' in the search bar and press Enter", "controlLabel": "103", "controlText": "Page 1 content", "function": "set_edit_text", "args": {"text": "handbook", "newline": true}}, {"step": "Browse through the available handbook templates", "controlLabel": "", "controlText": "", "function": "", "args": {}}, {"step": "Click on the template you want to use", "controlLabel": "", "controlText": "", "function": "", "args": {}}, {"step": "Click 'Create' to open the template", "controlLabel": "", "controlText": "", "function": "", "args": {}}, {"step": "Customize the template with your content as needed", "controlLabel": "", "controlText": "", "function": "", "args": {}}], "action_prefill_file_path": "D:\\agents\\AgentLearner\\cache\\action_prefill\\70388.docx"}