{"Problem": "How to create a basic salary slip format in Word", "Solution Steps": ["Open Microsoft Word.", "Click on **File** and select **New**.", "In the search bar, type 'salary slip' and press Enter.", "If a suitable template is found, click on it and then click **Create**. If not, click **Blank document** to create one from scratch.", "To create from scratch, start by inserting a table. Go to the **Insert** tab and click **Table**.", "Select the number of rows and columns you need for your salary slip format.", "Enter the necessary headers such as 'Employee Name', 'Employee ID', 'Designation', 'Basic Salary', 'Allowances', 'Deductions', 'Net Salary', etc.", "Fill in the corresponding cells with placeholder text or sample data.", "Format the table as needed by using the **Table Design** and **Layout** tabs.", "Save the document by clicking **File** and then **Save As**."], "new_problem": "Create a basic salary slip format in Word by inserting a table and filling it with necessary headers and placeholder text.", "action_plans": [{"step": "Switch to the Insert tab", "controlLabel": "25", "controlText": "Insert", "function": "click_input", "args": {"button": "left", "double": false}}, {"step": "Insert a table with 7 rows and 2 columns", "controlLabel": "", "controlText": "", "function": "insert_table", "args": {"columns": 2, "rows": 7}}, {"step": "Enter header 'Employee Name'", "controlLabel": "", "controlText": "", "function": "set_edit_text", "args": {"control_id": "", "text": "Employee Name", "newline": true}}, {"step": "Enter header 'Employee ID'", "controlLabel": "", "controlText": "", "function": "set_edit_text", "args": {"control_id": "", "text": "Employee ID", "newline": true}}, {"step": "Enter header 'Designation'", "controlLabel": "", "controlText": "", "function": "set_edit_text", "args": {"control_id": "", "text": "Designation", "newline": true}}, {"step": "Enter header 'Basic Salary'", "controlLabel": "", "controlText": "", "function": "set_edit_text", "args": {"control_id": "", "text": "Basic Salary", "newline": true}}, {"step": "Enter header 'Allowances'", "controlLabel": "", "controlText": "", "function": "set_edit_text", "args": {"control_id": "", "text": "Allowances", "newline": true}}, {"step": "Enter header 'Deductions'", "controlLabel": "", "controlText": "", "function": "set_edit_text", "args": {"control_id": "", "text": "Deductions", "newline": true}}, {"step": "Enter header 'Net Salary'", "controlLabel": "", "controlText": "", "function": "set_edit_text", "args": {"control_id": "", "text": "Net Salary", "newline": true}}, {"step": "Save the document", "controlLabel": "9", "controlText": "Save", "function": "click_input", "args": {"button": "left", "double": false}}], "action_prefill_file_path": "D:\\agents\\AgentLearner\\cache\\action_prefill\\70384.docx"}