{"Problem": "How to delete a page from a Word file", "Solution Steps": ["Click anywhere on the page you want to delete.", "Press **Ctrl + G** to open the 'Find and Replace' dialog box.", "In the 'Enter page number' box, type \\page.", "Press **Enter** on your keyboard, and then select **Close**.", "Verify that a page of content is selected, and then press **Delete** on your keyboard."], "new_problem": "Delete a page from the Word file by selecting the page, opening the 'Find and Replace' dialog, entering the page number, and deleting the page.", "action_plans": [{"step": "Click anywhere on the page you want to delete", "controlLabel": "47", "controlText": "Document", "function": "click_input", "args": {"button": "left", "double": false}}, {"step": "Press Ctrl + G to open the 'Find and Replace' dialog box", "controlLabel": "47", "controlText": "Document", "function": "type_keys", "args": {"text": "{VK_CONTROL down}{G down}{G up}{VK_CONTROL up}", "newline": false}}, {"step": "In the 'Enter page number' box, type \\page", "controlLabel": "103", "controlText": "Page 1 content", "function": "set_edit_text", "args": {"text": "\\page", "newline": true}}, {"step": "Press Enter on your keyboard, and then select Close", "controlLabel": "103", "controlText": "Page 1 content", "function": "type_keys", "args": {"text": "{ENTER}", "newline": false}}, {"step": "Verify that a page of content is selected, and then press Delete on your keyboard", "controlLabel": "47", "controlText": "Document", "function": "type_keys", "args": {"text": "{DELETE}", "newline": false}}], "action_prefill_file_path": "D:\\agents\\AgentLearner\\cache\\action_prefill\\70408.docx"}