{"Problem": "How to display margin adjustments in Word?", "Solution Steps": ["Open the Word document where you want to adjust the margins.", "Click the **Layout** tab on the Ribbon.", "In the **Page Setup** group, click **Margins**.", "Select one of the predefined margin settings, or click **Custom Margins** at the bottom of the list to enter your own values.", "If you selected **Custom Margins**, enter the desired values for the top, bottom, left, and right margins in the **Page Setup** dialog box.", "Click **OK** to apply the margin adjustments."], "new_problem": "Display margin adjustments in Word by navigating to the Layout tab, clicking on Margins, and selecting or customizing the margin settings.", "action_plans": [{"step": "Navigate to the Layout tab", "controlLabel": "28", "controlText": "Layout", "function": "click_input", "args": {"button": "left", "double": false}}, {"step": "Click on the Margins button", "controlLabel": "", "controlText": "Margins", "function": "click_input", "args": {"button": "left", "double": false}}, {"step": "Select a predefined margin setting or click Custom Margins", "controlLabel": "", "controlText": "Custom Margins", "function": "click_input", "args": {"button": "left", "double": false}}, {"step": "Enter custom margin values if Custom Margins is selected", "controlLabel": "", "controlText": "", "function": "set_edit_text", "args": {"control_id": "custom_margin_top", "text": "1"}}, {"step": "Confirm the margin adjustments", "controlLabel": "", "controlText": "OK", "function": "click_input", "args": {"button": "left", "double": false}}], "action_prefill_file_path": "D:\\agents\\AgentLearner\\cache\\action_prefill\\70412.docx"}