{"Problem": "How to change Word from double to single spacing", "Solution Steps": ["Select the text you want to change to single spacing.", "On the **Home** tab, in the **Paragraph** group, click the **Line and Paragraph Spacing** icon (it looks like a few lines with arrows pointing up and down).", "Click **1.0** to change the spacing to single spacing."], "new_problem": "Change the document from double to single spacing.", "action_plans": [{"step": "select the text to change spacing", "controlLabel": "", "controlText": "", "function": "select_text", "args": {"text": "text to edit"}}, {"step": "navigate to the Home tab", "controlLabel": "24", "controlText": "Home", "function": "click_input", "args": {"button": "left", "double": false}}, {"step": "click the Line and Paragraph Spacing icon", "controlLabel": "70", "controlText": "Paragraph Spacing", "function": "click_input", "args": {"button": "left", "double": false}}, {"step": "select single spacing (1.0)", "controlLabel": "", "controlText": "1.0", "function": "click_input", "args": {"button": "left", "double": false}}], "action_prefill_file_path": "D:\\agents\\AgentLearner\\cache\\action_prefill\\70439.docx"}