{"Problem": "How to add hyphenation in Word", "Solution Steps": ["Open the Word document where you want to add hyphenation.", "Go to the **Layout** tab.", "In the **Page Setup** group, click **Hyphenation**.", "Select **Automatic** to let Word automatically hyphenate the document, or select **Manual** to manually insert hyphens."], "new_problem": "Add hyphenation in Word by navigating to the 'Layout' tab, selecting 'Hyphenation', and choosing 'Automatic' or 'Manual'.", "action_plans": [{"step": "Navigate to the Layout tab", "controlLabel": "25", "controlText": "Insert", "function": "click_input", "args": {"button": "left", "double": false}}, {"step": "Click on the Hyphenation menu item", "controlLabel": "287", "controlText": "Hyphenation", "function": "click_input", "args": {"button": "left", "double": false}}, {"step": "Select Automatic hyphenation", "controlLabel": "287", "controlText": "Hyphenation", "function": "click_input", "args": {"button": "left", "double": false}}], "action_prefill_file_path": "D:\\agents\\AgentLearner\\cache\\action_prefill\\70454.docx"}