{"Problem": "How to add a list of spots to jump to in a Word document", "Solution Steps": ["Place your cursor where you want to insert a bookmark for a spot to jump to.", "Go to the **Insert** tab and click on **Bookmark** in the **Links** group.", "In the **Bookmark** dialog box, type a name for your bookmark and click **Add**.", "Repeat steps 1 to 3 for each spot you want to create a jump point for.", "To jump to a spot, go to the **Insert** tab, click **Bookmark** in the **Links** group, select the bookmark you want to jump to from the list, and click **Go To**."], "new_problem": "Add bookmarks to each list item in the Word document and provide instructions to jump to these spots.", "action_plans": [{"step": "Place cursor at the first list item", "controlLabel": "", "controlText": "", "function": "select_text", "args": {"text": "Listitem1"}}, {"step": "Navigate to the Insert tab", "controlLabel": "25", "controlText": "Insert", "function": "click_input", "args": {"button": "left", "double": false}}, {"step": "Click on Bookmark", "controlLabel": "", "controlText": "Bookmark", "function": "click_input", "args": {"button": "left", "double": false}}, {"step": "Name the bookmark for the first list item", "controlLabel": "", "controlText": "", "function": "set_edit_text", "args": {"control_name": "Bookmark Name", "text": "Listitem1"}}, {"step": "Add the bookmark", "controlLabel": "", "controlText": "Add", "function": "click_input", "args": {"button": "left", "double": false}}, {"step": "Place cursor at the second list item", "controlLabel": "", "controlText": "", "function": "select_text", "args": {"text": "Listitem2"}}, {"step": "Click on Bookmark", "controlLabel": "", "controlText": "Bookmark", "function": "click_input", "args": {"button": "left", "double": false}}, {"step": "Name the bookmark for the second list item", "controlLabel": "", "controlText": "", "function": "set_edit_text", "args": {"control_name": "Bookmark Name", "text": "Listitem2"}}, {"step": "Add the bookmark", "controlLabel": "", "controlText": "Add", "function": "click_input", "args": {"button": "left", "double": false}}, {"step": "Place cursor at the third list item", "controlLabel": "", "controlText": "", "function": "select_text", "args": {"text": "Listitem3"}}, {"step": "Click on Bookmark", "controlLabel": "", "controlText": "Bookmark", "function": "click_input", "args": {"button": "left", "double": false}}, {"step": "Name the bookmark for the third list item", "controlLabel": "", "controlText": "", "function": "set_edit_text", "args": {"control_name": "Bookmark Name", "text": "Listitem3"}}, {"step": "Add the bookmark", "controlLabel": "", "controlText": "Add", "function": "click_input", "args": {"button": "left", "double": false}}, {"step": "Navigate to the Insert tab to jump to a bookmark", "controlLabel": "25", "controlText": "Insert", "function": "click_input", "args": {"button": "left", "double": false}}, {"step": "Click on Bookmark", "controlLabel": "", "controlText": "Bookmark", "function": "click_input", "args": {"button": "left", "double": false}}, {"step": "Select the bookmark to jump to", "controlLabel": "", "controlText": "", "function": "select_text", "args": {"text": "Listitem1"}}, {"step": "Click Go To", "controlLabel": "", "controlText": "Go To", "function": "click_input", "args": {"button": "left", "double": false}}], "action_prefill_file_path": "D:\\agents\\AgentLearner\\cache\\action_prefill\\7045.docx"}