{"Problem": "How to do superscript and subscript in Word?", "Solution Steps": ["To apply superscript, select the text you want to format.", "On the **Home** tab, in the **Font** group, click the **Superscript** button (X2).", "To apply subscript, select the text you want to format.", "On the **Home** tab, in the **Font** group, click the **Subscript** button (X2).", "Alternatively, you can use keyboard shortcuts. Press **Ctrl** + **Shift** + **+** for superscript, and **Ctrl** + **=** for subscript."], "new_problem": "Apply superscript and subscript formatting to 'text to edit' in the Word document.", "action_plans": [{"step": "Select the text 'text to edit'", "controlLabel": "", "controlText": "", "function": "select_text", "args": {"text": "text to edit"}}, {"step": "Click the 'Superscript' button to apply superscript formatting", "controlLabel": "161", "controlText": "Superscript", "function": "click_input", "args": {"button": "left", "double": false}}, {"step": "Select the text 'text to edit' again", "controlLabel": "", "controlText": "", "function": "select_text", "args": {"text": "text to edit"}}, {"step": "Click the 'Subscript' button to apply subscript formatting", "controlLabel": "160", "controlText": "Subscript", "function": "click_input", "args": {"button": "left", "double": false}}], "action_prefill_file_path": "D:\\agents\\AgentLearner\\cache\\action_prefill\\70459.docx"}