{"Problem": "How to find a 2014 tax form 6251 template in Word.", "Solution Steps": ["Open Microsoft Word.", "Click on **File** in the top left corner.", "Select **New** from the menu.", "In the **Search for online templates** box, type '2014 tax form 6251' and press **Enter**.", "Browse through the search results to find the template you need.", "Click on the template to select it.", "Click **Create** to open the template in Word."], "new_problem": "Find and open a 2014 tax form 6251 template in Word.", "action_plans": [{"step": "Click on the 'File' tab to open the file menu", "controlLabel": "144", "controlText": "Open", "function": "click_input", "args": {"button": "left", "double": false}}, {"step": "Select 'New' from the file menu", "controlLabel": "147", "controlText": "Open", "function": "click_input", "args": {"button": "left", "double": false}}, {"step": "Click on the search box to input search text", "controlLabel": "14", "controlText": "Search", "function": "click_input", "args": {"button": "left", "double": false}}, {"step": "Type '2014 tax form 6251' in the search box", "controlLabel": "14", "controlText": "Search", "function": "set_edit_text", "args": {"text": "2014 tax form 6251"}}, {"step": "Press Enter to search for the template", "controlLabel": "14", "controlText": "Search", "function": "type_keys", "args": {"text": "{ENTER}"}}, {"step": "Select the desired template from the search results", "controlLabel": "147", "controlText": "Open", "function": "click_input", "args": {"button": "left", "double": false}}, {"step": "Click 'Create' to open the template in Word", "controlLabel": "147", "controlText": "Open", "function": "click_input", "args": {"button": "left", "double": false}}], "action_prefill_file_path": "D:\\agents\\AgentLearner\\cache\\action_prefill\\70466.docx"}