{"Problem": "How to create a bank resolution for change of bank template in Word?", "Solution Steps": ["Open Microsoft Word on your computer.", "Click on **File** in the top left corner, then select **New** from the dropdown menu.", "In the search bar at the top of the **New** document screen, type 'bank resolution' or 'change of bank' and press **Enter**.", "Browse through the templates available. If you find one that suits your needs, click on it to select it.", "Click on the **Create** button to open the template in a new document.", "Customize the template by replacing placeholder text with your specific bank resolution details, such as the company name, bank details, and resolution specifics.", "To save the document, click on **File**, then **Save As**, and choose your desired location and file format.", "Review the document for accuracy and completeness before using it."], "new_problem": "Create a bank resolution for change of bank template in Word by opening a new document, searching for a template, selecting and customizing it, and then saving the document.", "action_plans": [{"step": "Open a new document", "controlLabel": "", "controlText": "", "function": "type_keys", "args": {"text": "{VK_CONTROL down}{N down}{N up}{VK_CONTROL up}", "newline": false}}, {"step": "Search for 'bank resolution' template", "controlLabel": "", "controlText": "", "function": "set_edit_text", "args": {"control_id": "", "control_name": "Search", "text": "bank resolution", "newline": true}}, {"step": "Select the first template from the search results", "controlLabel": "", "controlText": "", "function": "click_input", "args": {"control_id": "", "control_name": "First Template", "button": "left", "double": false}}, {"step": "Create a new document from the selected template", "controlLabel": "", "controlText": "", "function": "click_input", "args": {"control_id": "", "control_name": "Create", "button": "left", "double": false}}, {"step": "Customize the template with specific bank resolution details", "controlLabel": "", "controlText": "", "function": "set_edit_text", "args": {"control_id": "", "control_name": "Edit", "text": "Company Name: XYZ Corp\nBank Details: ABC Bank\nResolution: Change of bank", "newline": true}}, {"step": "Save the customized document", "controlLabel": "9", "controlText": "Save", "function": "click_input", "args": {"button": "left", "double": false}}], "action_prefill_file_path": "D:\\agents\\AgentLearner\\cache\\action_prefill\\70465.docx"}