{"Problem": "How to open a Word 97-2003 document", "Solution Steps": ["Open Microsoft Word.", "Click on the **File** tab in the top left corner.", "Select **Open** from the sidebar menu.", "In the Open dialog box, navigate to the location of the Word 97-2003 document.", "Select the document you want to open.", "Click the **Open** button. If the document is in a format older than Word 2007, Word will open it in Compatibility Mode."], "new_problem": "Open a Word 97-2003 document by navigating through the File tab and selecting the document.", "action_plans": [{"step": "Click on the File tab", "controlLabel": "108", "controlText": "System", "function": "click_input", "args": {"button": "left", "double": false}}, {"step": "Select Open from the menu", "controlLabel": "147", "controlText": "Open", "function": "click_input", "args": {"button": "left", "double": false}}, {"step": "Navigate to the document location", "controlLabel": "", "controlText": "", "function": "", "args": {}}, {"step": "Select the document to open", "controlLabel": "", "controlText": "", "function": "", "args": {}}, {"step": "Click the Open button", "controlLabel": "147", "controlText": "Open", "function": "click_input", "args": {"button": "left", "double": false}}], "action_prefill_file_path": "D:\\agents\\AgentLearner\\cache\\action_prefill\\70475.docx"}