{"Problem": "How to disable word break in Word", "Solution Steps": ["Open your document in Word.", "Select the text where you want to disable word break.", "Go to the **Layout** tab.", "In the **Page Setup** group, click on **Hyphenation**.", "Select **None** from the dropdown menu."], "new_problem": "Disable word break (hyphenation) in the Word document.", "action_plans": [{"step": "select the text 'text to edit'", "controlLabel": "", "controlText": "", "function": "select_text", "args": {"text": "text to edit"}}, {"step": "switch to the Layout tab", "controlLabel": "25", "controlText": "Insert", "function": "click_input", "args": {"button": "left", "double": false}}, {"step": "click on Hyphenation", "controlLabel": "285", "controlText": "Breaks", "function": "click_input", "args": {"button": "left", "double": false}}, {"step": "select None from the dropdown menu", "controlLabel": "285", "controlText": "Breaks", "function": "click_input", "args": {"button": "left", "double": false}}], "action_prefill_file_path": "D:\\agents\\AgentLearner\\cache\\action_prefill\\70477.docx"}