{"Problem": "How to create a big, bold font for a resume example for consulting firms.", "Solution Steps": ["Open your resume document in Word.", "Select the text that you want to make big and bold.", "On the **Home** tab, in the **Font** group, click the **Bold** button or press **Ctrl+B** on your keyboard.", "In the **Font** group, click the **Font Size** drop-down menu and select a larger font size, such as 14 or 16.", "If you want to further customize the font, click the **Font** dialog box launcher (small arrow in the bottom-right corner of the **Font** group).", "In the **Font** dialog box, you can choose a different font style, size, and other effects. Click **OK** to apply the changes."], "new_problem": "Create a big, bold font for the text 'text to edit' in the resume document.", "action_plans": [{"step": "Select the text 'text to edit'", "controlLabel": "", "controlText": "", "function": "select_text", "args": {"text": "text to edit"}}, {"step": "Make the text bold", "controlLabel": "154", "controlText": "Bold", "function": "click_input", "args": {"button": "left", "double": false}}, {"step": "Increase the font size to 16", "controlLabel": "146", "controlText": "12", "function": "set_edit_text", "args": {"control_id": "146", "text": "16", "newline": false}}], "action_prefill_file_path": "D:\\agents\\AgentLearner\\cache\\action_prefill\\7047.docx"}