{"Problem": "How to add a design or background image to a Word document", "Solution Steps": ["Open your Word document.", "Click the **Design** tab.", "In the **Page Background** group, click **Watermark**.", "Select **Custom Watermark** at the bottom of the dropdown menu.", "In the **Printed Watermark** dialog box, select **Picture watermark**.", "Click **Select Picture**.", "Choose the image you want to use as a background and click **Insert**.", "Adjust the scale if necessary and ensure **Washout** is checked if you want a lighter image.", "Click **Apply** and then **OK**."], "new_problem": "Add a background image to the Word document by using the 'Design' tab and selecting a custom picture watermark.", "action_plans": [{"step": "Click the 'Design' tab", "controlLabel": "27", "controlText": "Design", "function": "click_input", "args": {"button": "left", "double": false}}, {"step": "Click the 'Watermark' button", "controlLabel": "", "controlText": "Watermark", "function": "click_input", "args": {"button": "left", "double": false}}, {"step": "Select 'Custom Watermark' from the dropdown menu", "controlLabel": "", "controlText": "Custom Watermark", "function": "click_input", "args": {"button": "left", "double": false}}, {"step": "Select 'Picture watermark' in the 'Printed Watermark' dialog box", "controlLabel": "", "controlText": "Picture watermark", "function": "click_input", "args": {"button": "left", "double": false}}, {"step": "Click 'Select Picture' to choose an image", "controlLabel": "", "controlText": "Select Picture", "function": "click_input", "args": {"button": "left", "double": false}}, {"step": "Choose the image to use as a background and click 'Insert'", "controlLabel": "", "controlText": "Insert", "function": "click_input", "args": {"button": "left", "double": false}}, {"step": "Adjust the scale if necessary and ensure 'Washout' is checked", "controlLabel": "", "controlText": "Washout", "function": "click_input", "args": {"button": "left", "double": false}}, {"step": "Click 'Apply' and then 'OK' to set the background image", "controlLabel": "", "controlText": "Apply", "function": "click_input", "args": {"button": "left", "double": false}}, {"step": "Click 'OK' to finish setting the background image", "controlLabel": "", "controlText": "OK", "function": "click_input", "args": {"button": "left", "double": false}}], "action_prefill_file_path": "D:\\agents\\AgentLearner\\cache\\action_prefill\\70498.docx"}