{"Problem": "Cara membuat laporan menggunakan fitur Microsoft Word", "Solution Steps": ["Buka Microsoft Word.", "Klik **File** di sudut kiri atas, lalu pilih **New** untuk membuat dokumen baru.", "Pilih template laporan yang sesuai dari pilihan yang tersedia atau pilih **Blank Document** untuk memulai dari awal.", "Klik **Insert** di tab atas untuk menambahkan elemen seperti gambar, tabel, atau grafik ke laporan Anda.", "Gunakan tab **Home** untuk mengatur format teks, seperti jenis font, ukuran, dan warna.", "Klik **References** untuk menambahkan daftar pustaka, catatan kaki, atau indeks.", "Klik **Review** untuk memeriksa ejaan dan tata bahasa, serta menambahkan komentar atau melacak perubahan.", "Setelah selesai, klik **File** dan pilih **Save As** untuk menyimpan laporan Anda."], "new_problem": "Create a report using Microsoft Word features by following these steps: 1. Open Microsoft Word. 2. Create a new document. 3. Select a report template or start with a blank document. 4. Insert elements like images, tables, or charts. 5. Format the text. 6. Add references. 7. Review the document. 8. Save the report.", "action_plans": [{"step": "Open Microsoft Word", "controlLabel": "", "controlText": "", "function": "", "args": {}}, {"step": "Click File to create a new document", "controlLabel": "22", "controlText": "File Tab", "function": "click_input", "args": {"button": "left", "double": false}}, {"step": "Select New to create a new document", "controlLabel": "", "controlText": "New Blank Document", "function": "click_input", "args": {"button": "left", "double": false}}, {"step": "Select a report template or start with a blank document", "controlLabel": "", "controlText": "Blank Document", "function": "click_input", "args": {"button": "left", "double": false}}, {"step": "Click Insert to add elements like images, tables, or charts", "controlLabel": "25", "controlText": "Insert", "function": "click_input", "args": {"button": "left", "double": false}}, {"step": "Click Home to format the text", "controlLabel": "24", "controlText": "Home", "function": "click_input", "args": {"button": "left", "double": false}}, {"step": "Click References to add references", "controlLabel": "29", "controlText": "References", "function": "click_input", "args": {"button": "left", "double": false}}, {"step": "Click Review to review the document", "controlLabel": "31", "controlText": "Review", "function": "click_input", "args": {"button": "left", "double": false}}, {"step": "Click File and select Save As to save the report", "controlLabel": "22", "controlText": "File Tab", "function": "click_input", "args": {"button": "left", "double": false}}], "action_prefill_file_path": "D:\\agents\\AgentLearner\\cache\\action_prefill\\70502.docx"}