{"Problem": "How to create a charitable receipt template in Word?", "Solution Steps": ["Open Microsoft Word.", "Click on **File** in the top left corner.", "Select **New** from the dropdown menu.", "In the search bar, type 'charitable receipt template' and press Enter.", "Browse through the available templates and select one that suits your needs.", "Click **Create** to open the template.", "Customize the template with your organization's information, donation details, and any other necessary information.", "Save the document by clicking **File** and then **Save As**."], "new_problem": "Create a charitable receipt template in Word by searching for a template and customizing it.", "action_plans": [{"step": "Open the File menu", "controlLabel": "", "controlText": "File", "function": "click_input", "args": {"button": "left", "double": false}}, {"step": "Select New from the dropdown menu", "controlLabel": "", "controlText": "New", "function": "click_input", "args": {"button": "left", "double": false}}, {"step": "Search for 'charitable receipt template'", "controlLabel": "", "controlText": "Search", "function": "set_edit_text", "args": {"text": "charitable receipt template"}}, {"step": "Press Enter to search", "controlLabel": "", "controlText": "Search", "function": "type_keys", "args": {"text": "{ENTER}"}}, {"step": "Select a suitable template", "controlLabel": "", "controlText": "Template", "function": "click_input", "args": {"button": "left", "double": false}}, {"step": "Create the template", "controlLabel": "", "controlText": "Create", "function": "click_input", "args": {"button": "left", "double": false}}, {"step": "Customize the template with organization information", "controlLabel": "", "controlText": "Edit", "function": "set_edit_text", "args": {"text": "Organization Information"}}, {"step": "Save the document", "controlLabel": "", "controlText": "Save", "function": "click_input", "args": {"button": "left", "double": false}}], "action_prefill_file_path": "D:\\agents\\AgentLearner\\cache\\action_prefill\\70504.docx"}