{"Problem": "How to fit a table within the margins of a Word document", "Solution Steps": ["Click anywhere in the table to select it.", "Go to the **Layout** tab under **Table Tools**.", "In the **Table** group, click **AutoFit**.", "Select **AutoFit to Window** to automatically adjust the table to fit within the document margins."], "new_problem": "Fit the table within the margins of the Word document by selecting the table, navigating to the 'Layout' tab, and using the 'AutoFit to Window' option.", "action_plans": [{"step": "Select the table", "controlLabel": "", "controlText": "", "function": "select_table", "args": {"number": 1}}, {"step": "Navigate to the 'Layout' tab", "controlLabel": "28", "controlText": "Layout", "function": "click_input", "args": {"button": "left", "double": false}}, {"step": "Click 'AutoFit' button", "controlLabel": "", "controlText": "AutoFit", "function": "click_input", "args": {"button": "left", "double": false}}, {"step": "Select 'AutoFit to Window' option", "controlLabel": "", "controlText": "AutoFit to Window", "function": "click_input", "args": {"button": "left", "double": false}}], "action_prefill_file_path": "D:\\agents\\AgentLearner\\cache\\action_prefill\\70519.docx"}