{"Problem": "How to print a booklet in Word with pages on the same side", "Solution Steps": ["Open your document in Word.", "Click the **File** tab.", "Select **Print** from the menu.", "In the **Settings** section, click the drop-down menu for **Print One Sided**.", "Select **Manually Print on Both Sides**.", "Click the **Print** button.", "After printing the first side, follow the instructions to reload the paper to print on the other side."], "new_problem": "Print a booklet in Word with pages on the same side by selecting the appropriate print settings and following the instructions to reload the paper.", "action_plans": [{"step": "Open the File tab", "controlLabel": "21", "controlText": "Close", "function": "click_input", "args": {"button": "left", "double": false}}, {"step": "Select Print from the menu", "controlLabel": "108", "controlText": "System", "function": "click_input", "args": {"button": "left", "double": false}}, {"step": "Open the Print settings", "controlLabel": "357", "controlText": "Word Count", "function": "click_input", "args": {"button": "left", "double": false}}, {"step": "Select the option to manually print on both sides", "controlLabel": "407", "controlText": "Print Layout", "function": "click_input", "args": {"button": "left", "double": false}}, {"step": "Click the Print button", "controlLabel": "393", "controlText": "Next", "function": "click_input", "args": {"button": "left", "double": false}}, {"step": "Follow the instructions to reload the paper", "controlLabel": "", "controlText": "", "function": "", "args": {}}], "action_prefill_file_path": "D:\\agents\\AgentLearner\\cache\\action_prefill\\70518.docx"}