{"Problem": "How to create a thanksgiving card for a son's Islamic celebration in Word?", "Solution Steps": ["Open Microsoft Word.", "Click on **File** and select **New**.", "In the search bar, type 'Thanksgiving card' and press Enter.", "Browse through the available templates and select one that you like by clicking on it.", "Click **Create** to open the template.", "Customize the text to reflect the Islamic celebration for your son. You can edit the text by clicking on the text boxes and typing your own message.", "To add Islamic-themed images or decorations, click on the **Insert** tab, then select **Pictures** or **Icons** to add relevant images.", "Adjust the layout and design as needed by using the tools in the **Design** and **Layout** tabs.", "Once you are satisfied with your card, click on **File** and select **Save As** to save your document.", "Choose a location to save your card, enter a file name, and click **Save**."], "new_problem": "Create a Thanksgiving card for a son's Islamic celebration in Word by selecting a template, customizing the text, and adding relevant images or decorations.", "action_plans": [{"step": "Open the File tab to create a new document", "controlLabel": "22", "controlText": "File Tab", "function": "click_input", "args": {"button": "left", "double": false}}, {"step": "Click on New to create a new document", "controlLabel": "10", "controlText": "New Blank Document", "function": "click_input", "args": {"button": "left", "double": false}}, {"step": "Search for Thanksgiving card templates", "controlLabel": "14", "controlText": "Search", "function": "set_edit_text", "args": {"text": "Thanksgiving card"}}, {"step": "Press Enter to search for templates", "controlLabel": "14", "controlText": "Search", "function": "type_keys", "args": {"text": "{ENTER}"}}, {"step": "Select a Thanksgiving card template", "controlLabel": "47", "controlText": "Document", "function": "click_input", "args": {"button": "left", "double": false}}, {"step": "Create the selected template", "controlLabel": "47", "controlText": "Document", "function": "click_input", "args": {"button": "left", "double": false}}, {"step": "Customize the text to reflect the Islamic celebration", "controlLabel": "", "controlText": "", "function": "set_edit_text", "args": {"text": "Happy Islamic Celebration, Son!"}}, {"step": "Insert Islamic-themed images", "controlLabel": "25", "controlText": "Insert", "function": "click_input", "args": {"button": "left", "double": false}}, {"step": "Click on Pictures to add images", "controlLabel": "238", "controlText": "Pictures", "function": "click_input", "args": {"button": "left", "double": false}}, {"step": "Adjust the layout and design", "controlLabel": "27", "controlText": "Design", "function": "click_input", "args": {"button": "left", "double": false}}, {"step": "Save the customized card", "controlLabel": "9", "controlText": "Save", "function": "click_input", "args": {"button": "left", "double": false}}], "action_prefill_file_path": "D:\\agents\\AgentLearner\\cache\\action_prefill\\70526.docx"}