{"Problem": "How to edit the live version of a Word file after opening it in a browser?", "Solution Steps": ["Open the Word file in your browser.", "Click the **Edit Document** button at the top of the page.", "Select **Edit in Browser** from the dropdown menu.", "Make your changes directly in the document.", "Your changes will be saved automatically."], "new_problem": "Edit the live version of a Word file after opening it in a browser by clicking 'Edit Document' and selecting 'Edit in Browser'.", "action_plans": [{"step": "Click the 'File Tab' to access document options", "controlLabel": "22", "controlText": "File Tab", "function": "click_input", "args": {"button": "left", "double": false}}, {"step": "Click the 'Open' button to open the document options", "controlLabel": "336", "controlText": "Open", "function": "click_input", "args": {"button": "left", "double": false}}, {"step": "Click the 'Edit Document' button to start editing", "controlLabel": "379", "controlText": "Open", "function": "click_input", "args": {"button": "left", "double": false}}, {"step": "Select 'Edit in Browser' from the dropdown menu", "controlLabel": "47", "controlText": "Document", "function": "click_input", "args": {"button": "left", "double": false}}, {"step": "Make changes directly in the document", "controlLabel": "", "controlText": "", "function": "", "args": {}}], "action_prefill_file_path": "D:\\agents\\AgentLearner\\cache\\action_prefill\\70528.docx"}