{"Problem": "C\u00f3mo eliminar una hoja en Word", "Solution Steps": ["Abre el documento de Word donde deseas eliminar una hoja.", "Despl\u00e1zate hasta la hoja que deseas eliminar.", "Haz clic al principio del texto en la hoja que deseas eliminar.", "Presiona **Ctrl+Shift+End** para seleccionar todo el texto desde el punto de inicio hasta el final de la hoja.", "Presiona **Delete** en tu teclado para eliminar el texto seleccionado y, por ende, la hoja."], "new_problem": "Eliminar una hoja en el documento de Word seleccionando todo el texto de la hoja y presionando la tecla Delete.", "action_plans": [{"step": "Seleccionar el texto desde el principio de la hoja hasta el final", "controlLabel": "", "controlText": "", "function": "type_keys", "args": {"text": "{VK_CONTROL down}{VK_SHIFT down}{VK_END down}{VK_END up}{VK_SHIFT up}{VK_CONTROL up}", "newline": false}}, {"step": "Eliminar el texto seleccionado", "controlLabel": "", "controlText": "", "function": "type_keys", "args": {"text": "{DELETE}", "newline": false}}], "action_prefill_file_path": "D:\\agents\\AgentLearner\\cache\\action_prefill\\70523.docx"}