{"Problem": "How to add a hover message to a Word document.", "Solution Steps": ["Select the text or object you want to add a hover message to.", "Right-click the selected text or object and choose **Hyperlink** from the context menu.", "In the **Insert Hyperlink** dialog box, click the **ScreenTip** button.", "In the **Set Hyperlink ScreenTip** dialog, enter the text you want to display when the user hovers over the text or object.", "Click **OK** on the **Set Hyperlink ScreenTip** dialog.", "Click **OK** on the **Insert Hyperlink** dialog box."], "new_problem": "Add a hover message to the text '[Grab your reader\u2019s attention with a great quote from the document or use this space to emphasize a key point. To place this text box anywhere on the page, just drag it.]' in the Word document.", "action_plans": [{"step": "select the target text", "controlLabel": "", "controlText": "", "function": "select_text", "args": {"text": "[Grab your reader\u2019s attention with a great quote from the document or use this space to emphasize a key point. To place this text box anywhere on the page, just drag it.]"}}, {"step": "open the context menu", "controlLabel": "101", "controlText": "Doc1", "function": "type_keys", "args": {"text": "{VK_APPS}", "newline": false}}, {"step": "select the Hyperlink option", "controlLabel": "", "controlText": "Hyperlink", "function": "click_input", "args": {"button": "left", "double": false}}, {"step": "open the ScreenTip dialog", "controlLabel": "", "controlText": "ScreenTip", "function": "click_input", "args": {"button": "left", "double": false}}, {"step": "set the hover message", "controlLabel": "146", "controlText": "12", "function": "set_edit_text", "args": {"control_id": "146", "text": "This is a hover message."}}, {"step": "confirm the ScreenTip", "controlLabel": "", "controlText": "OK", "function": "click_input", "args": {"button": "left", "double": false}}, {"step": "confirm the Hyperlink", "controlLabel": "", "controlText": "OK", "function": "click_input", "args": {"button": "left", "double": false}}], "action_prefill_file_path": "D:\\agents\\AgentLearner\\cache\\action_prefill\\70534.docx"}