{"Problem": "How to create multiple bullet points within a single line in Word?", "Solution Steps": ["Place the cursor where you want to insert the first bullet point.", "On the **Home** tab, in the **Paragraph** group, click the **Bullets** button to insert a bullet point.", "Type the text for the first bullet point.", "Press **Shift + Enter** to create a line break without ending the bullet point.", "Press **Tab** to create an indent if needed.", "Type the text for the next bullet point.", "Repeat the process for additional bullet points within the same line."], "new_problem": "Create multiple bullet points within a single line in the Word document.", "action_plans": [{"step": "Select the 'Home' tab to access the Bullets button", "controlLabel": "24", "controlText": "Home", "function": "click_input", "args": {"button": "left", "double": false}}, {"step": "Insert the first bullet point", "controlLabel": "", "controlText": "Bullets", "function": "click_input", "args": {"button": "left", "double": false}}, {"step": "Type the text for the first bullet point", "controlLabel": "", "controlText": "", "function": "set_edit_text", "args": {"control_id": "", "text": "First bullet point", "newline": true}}, {"step": "Create a line break without ending the bullet point", "controlLabel": "", "controlText": "", "function": "type_keys", "args": {"control_id": "", "text": "{SHIFT down}{ENTER}{SHIFT up}", "newline": false}}, {"step": "Type the text for the next bullet point", "controlLabel": "", "controlText": "", "function": "set_edit_text", "args": {"control_id": "", "text": "Second bullet point", "newline": true}}, {"step": "Repeat the process for additional bullet points within the same line", "controlLabel": "", "controlText": "", "function": "type_keys", "args": {"control_id": "", "text": "{SHIFT down}{ENTER}{SHIFT up}", "newline": false}}, {"step": "Type the text for the third bullet point", "controlLabel": "", "controlText": "", "function": "set_edit_text", "args": {"control_id": "", "text": "Third bullet point", "newline": true}}], "action_prefill_file_path": "D:\\agents\\AgentLearner\\cache\\action_prefill\\70530.docx"}