{"Problem": "How to have different background images on each page in Word 2007", "Solution Steps": ["Go to the first page where you want to add a background image.", "Click the **Insert** tab.", "In the **Illustrations** group, click **Picture**.", "Select the image you want to use and click **Insert**.", "Right-click the image and select **Wrap Text**, then choose **Behind Text**.", "Resize and position the image as needed.", "Go to the next page where you want a different background image.", "Repeat the steps to insert and position a new image for each page."], "new_problem": "Add different background images to each page in Word 2007 by following these steps: Go to the first page, click the Insert tab, select Picture, choose the image, set Wrap Text to Behind Text, resize and position the image, and repeat for each page.", "action_plans": [{"step": "Go to the first page where you want to add a background image", "controlLabel": "", "controlText": "", "function": "", "args": {}}, {"step": "Click the Insert tab", "controlLabel": "25", "controlText": "Insert", "function": "click_input", "args": {"button": "left", "double": false}}, {"step": "In the Illustrations group, click Picture", "controlLabel": "", "controlText": "Picture", "function": "click_input", "args": {"button": "left", "double": false}}, {"step": "Select the image you want to use and click Insert", "controlLabel": "", "controlText": "", "function": "", "args": {}}, {"step": "Right-click the image and select Wrap Text, then choose Behind Text", "controlLabel": "", "controlText": "", "function": "", "args": {}}, {"step": "Resize and position the image as needed", "controlLabel": "", "controlText": "", "function": "", "args": {}}, {"step": "Go to the next page where you want a different background image", "controlLabel": "", "controlText": "", "function": "", "args": {}}, {"step": "Repeat the steps to insert and position a new image for each page", "controlLabel": "", "controlText": "", "function": "", "args": {}}], "action_prefill_file_path": "D:\\agents\\AgentLearner\\cache\\action_prefill\\70549.docx"}