{"Problem": "How to sign a document in Word online", "Solution Steps": ["Open the document you want to sign in Word Online.", "Click on the **Insert** tab.", "In the **Text** group, click **Signature List**, and then click **Microsoft Office Signature Line**.", "In the **Signature Setup** dialog box, fill in the required information such as the signer's name, title, and email address.", "Click **OK** to insert the signature line into the document.", "To sign the document, right-click the signature line and select **Sign**.", "Type your name or upload an image of your signature.", "Click **Sign** to add your signature to the document."], "new_problem": "Sign a document in Word Online by inserting a signature line and signing it.", "action_plans": [{"step": "Open the document you want to sign in Word Online", "controlLabel": "144", "controlText": "Open", "function": "click_input", "args": {"button": "left", "double": false}}, {"step": "Click on the Insert tab", "controlLabel": "25", "controlText": "Insert", "function": "click_input", "args": {"button": "left", "double": false}}, {"step": "Click Signature List in the Text group", "controlLabel": "", "controlText": "Signature List", "function": "click_input", "args": {"button": "left", "double": false}}, {"step": "Click Microsoft Office Signature Line", "controlLabel": "", "controlText": "Microsoft Office Signature Line", "function": "click_input", "args": {"button": "left", "double": false}}, {"step": "Fill in the required information in the Signature Setup dialog box", "controlLabel": "", "controlText": "", "function": "set_edit_text", "args": {"control_id": "", "text": "Signer's Name, Title, Email Address", "newline": true}}, {"step": "Click OK to insert the signature line into the document", "controlLabel": "", "controlText": "OK", "function": "click_input", "args": {"button": "left", "double": false}}, {"step": "Right-click the signature line and select Sign", "controlLabel": "", "controlText": "Sign", "function": "click_input", "args": {"button": "right", "double": false}}, {"step": "Type your name or upload an image of your signature", "controlLabel": "", "controlText": "", "function": "set_edit_text", "args": {"control_id": "", "text": "Your Name or Signature Image", "newline": true}}, {"step": "Click Sign to add your signature to the document", "controlLabel": "", "controlText": "Sign", "function": "click_input", "args": {"button": "left", "double": false}}], "action_prefill_file_path": "D:\\agents\\AgentLearner\\cache\\action_prefill\\70558.docx"}