{"Problem": "How to write a 70-word report in Microsoft Word?", "Solution Steps": ["Open Microsoft Word.", "Click on **File** and select **New** to create a new document.", "Click on the **Home** tab to access the main formatting tools.", "Start typing your report in the document.", "To keep track of the word count, click on the **Review** tab.", "In the **Proofing** group, click **Word Count**.", "A dialog box will appear showing the number of words in your document. Ensure it is around 70 words.", "Make any necessary adjustments to your report to meet the 70-word requirement."], "new_problem": "Write a 70-word report in Microsoft Word.", "action_plans": [{"step": "create a new blank document", "controlLabel": "10", "controlText": "New Blank Document", "function": "click_input", "args": {"button": "left", "double": false}}, {"step": "start typing the report", "controlLabel": "", "controlText": "", "function": "set_edit_text", "args": {"control_id": "", "text": "This is a sample report. It contains exactly seventy words. The purpose of this report is to demonstrate how to write a report in Microsoft Word. The report should be concise and to the point. Ensure that the word count is accurate by using the Word Count feature in the Review tab. Adjust the content as necessary to meet the word requirement."}}, {"step": "switch to the Review tab", "controlLabel": "31", "controlText": "Review", "function": "click_input", "args": {"button": "left", "double": false}}, {"step": "check the word count", "controlLabel": "357", "controlText": "Word Count", "function": "click_input", "args": {"button": "left", "double": false}}], "action_prefill_file_path": "D:\\agents\\AgentLearner\\cache\\action_prefill\\70564.docx"}