{"Problem": "How to add a row to a template", "Solution Steps": ["Open the template in Word.", "Click on the table where you want to add a row.", "Right-click on the row above or below where you want the new row to appear.", "In the context menu, hover over **Insert**.", "Select **Insert Rows Above** or **Insert Rows Below** depending on where you want the new row."], "new_problem": "Add a row to the table in the document.", "action_plans": [{"step": "select the table", "controlLabel": "", "controlText": "", "function": "select_table", "args": {"number": 1}}, {"step": "insert a row below the selected table", "controlLabel": "", "controlText": "", "function": "insert_table", "args": {"columns": 3, "rows": 1}}], "action_prefill_file_path": "D:\\agents\\AgentLearner\\cache\\action_prefill\\70562.docx"}