{"Problem": "How to have a partially horizontal and partially landscape document in Word", "Solution Steps": ["Place your cursor at the beginning of the page where you want to change the orientation.", "Go to the **Layout** tab.", "In the **Page Setup** group, click **Breaks** and select **Next Page** under **Section Breaks**.", "Click on the page where you want to change the orientation.", "In the **Layout** tab, click **Orientation** and select **Landscape**.", "To switch back to portrait orientation, place your cursor at the beginning of the next page where you want to change back.", "Repeat the steps: go to **Layout** tab, click **Breaks**, select **Next Page** under **Section Breaks**.", "Click on the page where you want to change the orientation.", "In the **Layout** tab, click **Orientation** and select **Portrait**."], "new_problem": "Create a Word document with both portrait and landscape orientations by inserting section breaks and changing the page orientation.", "action_plans": [{"step": "Place cursor at the beginning of the page where you want to change the orientation", "controlLabel": "101", "controlText": "", "function": "click_input", "args": {"control_id": "101", "button": "left", "double": false}}, {"step": "Go to the Layout tab", "controlLabel": "28", "controlText": "Layout", "function": "click_input", "args": {"button": "left", "double": false}}, {"step": "Click Breaks and select Next Page under Section Breaks", "controlLabel": "393", "controlText": "Next", "function": "click_input", "args": {"button": "left", "double": false}}, {"step": "Click on the page where you want to change the orientation", "controlLabel": "101", "controlText": "", "function": "click_input", "args": {"control_id": "101", "button": "left", "double": false}}, {"step": "In the Layout tab, click Orientation and select Landscape", "controlLabel": "415", "controlText": "Vertical", "function": "click_input", "args": {"button": "left", "double": false}}, {"step": "Place cursor at the beginning of the next page where you want to change back", "controlLabel": "101", "controlText": "", "function": "click_input", "args": {"control_id": "101", "button": "left", "double": false}}, {"step": "Repeat the steps: go to Layout tab, click Breaks, select Next Page under Section Breaks", "controlLabel": "393", "controlText": "Next", "function": "click_input", "args": {"button": "left", "double": false}}, {"step": "Click on the page where you want to change the orientation", "controlLabel": "101", "controlText": "", "function": "click_input", "args": {"control_id": "101", "button": "left", "double": false}}, {"step": "In the Layout tab, click Orientation and select Portrait", "controlLabel": "415", "controlText": "Vertical", "function": "click_input", "args": {"button": "left", "double": false}}], "action_prefill_file_path": "D:\\agents\\AgentLearner\\cache\\action_prefill\\70563.docx"}