{"Problem": "How to use Ctrl+H in Word", "Solution Steps": ["Open your Word document.", "Press **Ctrl+H** on your keyboard.", "In the **Find and Replace** dialog box that appears, enter the text you want to find in the **Find what** field.", "Enter the text you want to replace it with in the **Replace with** field.", "Click **Replace** to replace the first instance or **Replace All** to replace all instances."], "new_problem": "Use Ctrl+H in Word to find 'text to edit' and replace it with 'new text'.", "action_plans": [{"step": "Open the Find and Replace dialog using Ctrl+H", "controlLabel": "", "controlText": "", "function": "type_keys", "args": {"text": "{VK_CONTROL down}{H down}{H up}{VK_CONTROL up}", "newline": false}}, {"step": "Enter the text to find", "controlLabel": "", "controlText": "", "function": "set_edit_text", "args": {"control_name": "Find what", "text": "text to edit"}}, {"step": "Enter the text to replace with", "controlLabel": "", "controlText": "", "function": "set_edit_text", "args": {"control_name": "Replace with", "text": "new text"}}, {"step": "Click Replace All to replace all instances", "controlLabel": "", "controlText": "Replace All", "function": "click_input", "args": {"button": "left", "double": false}}], "action_prefill_file_path": "D:\\agents\\AgentLearner\\cache\\action_prefill\\70571.docx"}