{"Problem": "How to draw in a Word document?", "Solution Steps": ["Open your Word document.", "Click on the **Draw** tab on the ribbon. If the **Draw** tab is not available, you might need to add it to the ribbon by customizing the ribbon.", "In the **Draw** tab, select a drawing tool such as **Pen**, **Pencil**, or **Highlighter**.", "Choose the color and thickness of the drawing tool if desired.", "Use your mouse, finger, or stylus to draw directly on the document.", "To stop drawing, click the **Select** button in the **Draw** tab."], "new_problem": "Draw in the Word document by switching to the 'Draw' tab, selecting a drawing tool, and drawing on the document.", "action_plans": [{"step": "Switch to the Draw tab", "controlLabel": "26", "controlText": "Draw", "function": "click_input", "args": {"button": "left", "double": false}}, {"step": "Select the Pen tool", "controlLabel": "", "controlText": "Pen", "function": "click_input", "args": {"button": "left", "double": false}}, {"step": "Draw on the document", "controlLabel": "", "controlText": "", "function": "type_keys", "args": {"text": "{VK_LBUTTON down}{VK_LBUTTON up}", "newline": false}}], "action_prefill_file_path": "D:\\agents\\AgentLearner\\cache\\action_prefill\\70582.docx"}