{"Problem": "How to display a header that is not showing in Word?", "Solution Steps": ["Click the **View** tab on the ribbon.", "In the **Show** group, ensure that the **Ruler** checkbox is checked.", "Double-click the top of the page where the header should be to activate the header area.", "If the header is still not visible, click the **Insert** tab.", "In the **Header & Footer** group, click **Header**.", "Choose **Edit Header** from the dropdown menu to display and edit the header."], "new_problem": "Ensure the header is displayed in the Word document by checking the 'Ruler' checkbox, activating the header area, and using the 'Insert' tab if necessary.", "action_plans": [{"step": "Click the View tab on the ribbon", "controlLabel": "32", "controlText": "View", "function": "click_input", "args": {"button": "left", "double": false}}, {"step": "Ensure that the Ruler checkbox is checked", "controlLabel": "184", "controlText": "Show All", "function": "click_input", "args": {"button": "left", "double": false}}, {"step": "Double-click the top of the page to activate the header area", "controlLabel": "", "controlText": "", "function": "type_keys", "args": {"control_name": "Document", "text": "{VK_CONTROL down}{VK_HOME}{VK_CONTROL up}{VK_SHIFT down}{VK_UP}{VK_SHIFT up}", "newline": false}}, {"step": "Click the Insert tab", "controlLabel": "25", "controlText": "Insert", "function": "click_input", "args": {"button": "left", "double": false}}, {"step": "Click the Header button in the Header & Footer group", "controlLabel": "", "controlText": "Header", "function": "click_input", "args": {"button": "left", "double": false}}, {"step": "Choose Edit Header from the dropdown menu", "controlLabel": "", "controlText": "Edit Header", "function": "click_input", "args": {"button": "left", "double": false}}], "action_prefill_file_path": "D:\\agents\\AgentLearner\\cache\\action_prefill\\70600.docx"}