{"Problem": "How do I open another document in Word if I already have one open?", "Solution Steps": ["Click the **File** tab in the upper-left corner of the window.", "Select **Open** from the menu.", "Choose **Browse** to locate the document you want to open.", "Select the document and click **Open**."], "new_problem": "Open another document in Word while one is already open.", "action_plans": [{"step": "Click the File tab in the upper-left corner of the window.", "controlLabel": "21", "controlText": "Close", "function": "click_input", "args": {"button": "left", "double": false}}, {"step": "Select Open from the menu.", "controlLabel": "144", "controlText": "Open", "function": "click_input", "args": {"button": "left", "double": false}}, {"step": "Choose Browse to locate the document you want to open.", "controlLabel": "147", "controlText": "Open", "function": "click_input", "args": {"button": "left", "double": false}}, {"step": "Select the document and click Open.", "controlLabel": "336", "controlText": "Open", "function": "click_input", "args": {"button": "left", "double": false}}], "action_prefill_file_path": "D:\\agents\\AgentLearner\\cache\\action_prefill\\70611.docx"}