{"Problem": "C\u00f3mo insertar un salto de p\u00e1gina en Word", "Solution Steps": ["Coloca el cursor en el lugar donde deseas insertar el salto de p\u00e1gina.", "Ve a la pesta\u00f1a **Dise\u00f1o de p\u00e1gina** o **Dise\u00f1o** (el nombre puede variar seg\u00fan la versi\u00f3n de Word).", "Haz clic en **Saltos**.", "En el men\u00fa desplegable, selecciona **Salto de p\u00e1gina**."], "new_problem": "Insert a page break in the Word document.", "action_plans": [{"step": "Navigate to the 'Insert' tab", "controlLabel": "25", "controlText": "Insert", "function": "click_input", "args": {"button": "left", "double": false}}, {"step": "Click on the 'Page Break' button", "controlLabel": "", "controlText": "Page Break", "function": "click_input", "args": {"button": "left", "double": false}}], "action_prefill_file_path": "D:\\agents\\AgentLearner\\cache\\action_prefill\\70618.docx"}