{"Problem": "How to download Arabic font for Microsoft Word", "Solution Steps": ["Open your web browser and go to a trusted website that offers free font downloads, such as Google Fonts or DaFont.", "Search for an Arabic font that you like and download the font file (usually in .ttf or .otf format).", "Locate the downloaded font file on your computer and right-click on it.", "Select **Install** from the context menu to install the font on your system.", "Open Microsoft Word.", "Click on the **Home** tab.", "In the **Font** group, click the drop-down arrow in the font list.", "Scroll through the list to find the newly installed Arabic font and select it."], "new_problem": "Guide the user on how to download and install an Arabic font for Microsoft Word, and then select it in the Word document.", "action_plans": [{"step": "Open your web browser and go to a trusted website that offers free font downloads, such as Google Fonts or DaFont.", "controlLabel": "", "controlText": "", "function": "", "args": {}}, {"step": "Search for an Arabic font that you like and download the font file (usually in .ttf or .otf format).", "controlLabel": "", "controlText": "", "function": "", "args": {}}, {"step": "Locate the downloaded font file on your computer and right-click on it.", "controlLabel": "", "controlText": "", "function": "", "args": {}}, {"step": "Select Install from the context menu to install the font on your system.", "controlLabel": "", "controlText": "", "function": "", "args": {}}, {"step": "Open Microsoft Word.", "controlLabel": "", "controlText": "", "function": "", "args": {}}, {"step": "Click on the Home tab.", "controlLabel": "24", "controlText": "Home", "function": "click_input", "args": {"button": "left", "double": false}}, {"step": "In the Font group, click the drop-down arrow in the font list.", "controlLabel": "142", "controlText": "Font", "function": "click_input", "args": {"button": "left", "double": false}}, {"step": "Scroll through the list to find the newly installed Arabic font and select it.", "controlLabel": "143", "controlText": "Aptos (Body)", "function": "set_edit_text", "args": {"text": "Your Arabic Font Name"}}], "action_prefill_file_path": "D:\\agents\\AgentLearner\\cache\\action_prefill\\70631.docx"}