{"Problem": "How to pronounce \"champagne\" in Microsoft Word's Read Aloud feature?", "Solution Steps": ["Highlight the word 'champagne' in your Microsoft Word document.", "Go to the **Review** tab on the ribbon.", "In the **Speech** group, click on **Read Aloud**.", "Word's Read Aloud feature will start reading the text. Listen to the pronunciation of 'champagne' as it is read out loud."], "new_problem": "Use Microsoft Word's Read Aloud feature to pronounce the word 'champagne'.", "action_plans": [{"step": "Highlight the word 'champagne' in the document", "controlLabel": "", "controlText": "", "function": "select_text", "args": {"text": "champagne"}}, {"step": "Navigate to the 'Review' tab", "controlLabel": "31", "controlText": "Review", "function": "click_input", "args": {"button": "left", "double": false}}, {"step": "Click the 'Read Aloud' button", "controlLabel": "359", "controlText": "Read Aloud", "function": "click_input", "args": {"button": "left", "double": false}}], "action_prefill_file_path": "D:\\agents\\AgentLearner\\cache\\action_prefill\\70660.docx"}