{"Problem": "How to create and use headings and subheadings in Microsoft Word", "Solution Steps": ["Open your document in Microsoft Word.", "To create a heading, select the text you want to make into a heading.", "On the **Home** tab, in the **Styles** group, click the desired heading style, such as **Heading 1** for main headings or **Heading 2** for subheadings.", "To modify a heading style, right-click the style in the **Styles** group, and then click **Modify**. Here, you can change the font, size, color, and other formatting options.", "To create a subheading, follow the same steps but choose a lower-level heading, such as **Heading 3** or **Heading 4**.", "Use the **Navigation Pane** to easily navigate through your document's headings. To open it, click on the **View** tab and check the **Navigation Pane** box in the **Show** group.", "To automatically generate a table of contents based on your headings, click where you want to insert the table of contents, go to the **References** tab, and click **Table of Contents**. Choose a style from the dropdown menu."], "new_problem": "Create and use headings and subheadings in Microsoft Word, including applying heading styles, modifying styles, using the navigation pane, and generating a table of contents.", "action_plans": [{"step": "Select the text 'text to edit'", "controlLabel": "", "controlText": "", "function": "select_text", "args": {"text": "text to edit"}}, {"step": "Switch to the Home tab", "controlLabel": "24", "controlText": "Home", "function": "click_input", "args": {"button": "left", "double": false}}, {"step": "Apply Heading 1 style", "controlLabel": "205", "controlText": "Heading 1", "function": "click_input", "args": {"button": "left", "double": false}}, {"step": "Modify Heading 1 style", "controlLabel": "205", "controlText": "Heading 1", "function": "click_input", "args": {"button": "right", "double": false}}, {"step": "Switch to the References tab", "controlLabel": "29", "controlText": "References", "function": "click_input", "args": {"button": "left", "double": false}}, {"step": "Insert Table of Contents", "controlLabel": "318", "controlText": "Table of Contents", "function": "click_input", "args": {"button": "left", "double": false}}], "action_prefill_file_path": "D:\\agents\\AgentLearner\\cache\\action_prefill\\70665.docx"}