{"Problem": "Convert row into a table in Word", "Solution Steps": ["Select the text that you want to convert into a table.", "Go to the **Insert** tab.", "Click on **Table**.", "Choose **Convert Text to Table**.", "In the dialog box, choose your preferred options for the table such as the number of columns and rows, and click **OK**."], "new_problem": "Convert a selected row of text into a table in the Word document.", "action_plans": [{"step": "Select the text that you want to convert into a table.", "controlLabel": "", "controlText": "", "function": "select_text", "args": {"text": "text to convert"}}, {"step": "Go to the Insert tab.", "controlLabel": "25", "controlText": "Insert", "function": "click_input", "args": {"button": "left", "double": false}}, {"step": "Click on Table.", "controlLabel": "236", "controlText": "Table", "function": "click_input", "args": {"button": "left", "double": false}}, {"step": "Choose Convert Text to Table.", "controlLabel": "", "controlText": "Convert Text to Table", "function": "click_input", "args": {"button": "left", "double": false}}, {"step": "Specify the number of columns and rows, and click OK.", "controlLabel": "", "controlText": "", "function": "insert_table", "args": {"columns": 3, "rows": 1}}], "action_prefill_file_path": "D:\\agents\\AgentLearner\\cache\\action_prefill\\70664.docx"}