{"Problem": "How to enable the help lines feature in Word.", "Solution Steps": ["Open your Word document.", "Click the **View** tab on the Ribbon.", "In the **Show** group, check the box next to **Gridlines**."], "new_problem": "Enable the help lines feature in Word by navigating to the 'View' tab and checking the 'Gridlines' checkbox.", "action_plans": ["{\"step\": \"Switch to the 'View' tab\", \"controlLabel\": \"25\", \"controlText\": \"View\", \"function\": \"click_input\", \"args\": {\"button\": \"left\", \"double\": false}}", "{\"step\": \"Check the 'Gridlines' checkbox\", \"controlLabel\": \"419\", \"controlText\": \"Gridlines\", \"function\": \"click_input\", \"args\": {\"button\": \"left\", \"double\": false}}"], "action_prefill_file_path": "D:\\agents\\AgentLearner\\cache\\action_prefill\\70672.docx"}