{"Problem": "How to copy all content of a page in Word", "Solution Steps": ["Place the cursor at the beginning of the page you want to copy.", "Hold down the **Shift** key and click at the end of the page to select all the content on that page.", "Press **Ctrl + C** to copy the selected content.", "Move the cursor to the location where you want to paste the content.", "Press **Ctrl + V** to paste the copied content."], "new_problem": "Copy all content of the first page in the Word document.", "action_plans": [{"step": "select all text on the first page", "controlLabel": "", "controlText": "", "function": "select_text", "args": {"text": "text to edit"}}, {"step": "copy the selected text", "controlLabel": "47", "controlText": "Document", "function": "type_keys", "args": {"text": "{VK_CONTROL down}c{VK_CONTROL up}"}}, {"step": "move the cursor to the location where you want to paste the content", "controlLabel": "47", "controlText": "Document", "function": "click_input", "args": {"button": "left", "double": false}}, {"step": "paste the copied content", "controlLabel": "47", "controlText": "Document", "function": "type_keys", "args": {"text": "{VK_CONTROL down}v{VK_CONTROL up}"}}], "action_prefill_file_path": "D:\\agents\\AgentLearner\\cache\\action_prefill\\70673.docx"}