{"Problem": "How to show a scale line in Word", "Solution Steps": ["Go to the **View** tab.", "In the **Show** group, check the **Ruler** box to display the horizontal and vertical rulers."], "new_problem": "Show the ruler in the Word document by navigating to the 'View' tab and checking the 'Ruler' box.", "action_plans": [{"step": "Navigate to the 'View' tab", "controlLabel": "25", "controlText": "View", "function": "click_input", "args": {"button": "left", "double": false}}, {"step": "Check the 'Ruler' box", "controlLabel": "122", "controlText": "Ruler", "function": "click_input", "args": {"button": "left", "double": false}}], "action_prefill_file_path": "D:\\agents\\AgentLearner\\cache\\action_prefill\\70679.docx"}