{"Problem": "How to add column filters to a table.", "Solution Steps": ["Click anywhere in the table you want to add column filters to.", "Go to the **Table Tools Layout** tab.", "In the **Data** group, click **Sort**.", "In the **Sort** dialog box, choose the column you want to sort by and set your sorting preferences.", "Click **OK** to apply the sort.", "To add filters, you will need to convert the table to a format that supports filtering. Select the table.", "Go to the **Insert** tab.", "In the **Tables** group, click **Table** and then select **Convert to Range**.", "Now, go to the **Data** tab.", "In the **Sort & Filter** group, click **Filter**.", "Filter arrows will appear in the header row of your table, allowing you to filter the columns."], "new_problem": "Add column filters to the table in the document.", "action_plans": [{"step": "Select the table", "controlLabel": "", "controlText": "", "function": "select_table", "args": {"number": 1}}, {"step": "Go to the Insert tab", "controlLabel": "25", "controlText": "Insert", "function": "click_input", "args": {"button": "left", "double": false}}, {"step": "Convert the table to a range", "controlLabel": "", "controlText": "Table", "function": "click_input", "args": {"button": "left", "double": false}}, {"step": "Go to the Data tab", "controlLabel": "29", "controlText": "References", "function": "click_input", "args": {"button": "left", "double": false}}, {"step": "Apply filters to the table", "controlLabel": "", "controlText": "Filter", "function": "click_input", "args": {"button": "left", "double": false}}], "action_prefill_file_path": "D:\\agents\\AgentLearner\\cache\\action_prefill\\7067.docx"}