{"Problem": "C\u00e1ch ch\u1ec9nh n\u1ec1n cho v\u0103n b\u1ea3n Word", "Solution Steps": ["M\u1edf t\u00e0i li\u1ec7u Word m\u00e0 b\u1ea1n mu\u1ed1n ch\u1ec9nh n\u1ec1n.", "Chuy\u1ec3n \u0111\u1ebfn tab **Design**.", "Trong nh\u00f3m **Page Background**, nh\u1ea5p v\u00e0o **Page Color**.", "Ch\u1ecdn m\u00e0u n\u1ec1n m\u00e0 b\u1ea1n mu\u1ed1n t\u1eeb b\u1ea3ng m\u00e0u hi\u1ec7n ra."], "new_problem": "Change the background color of the Word document.", "action_plans": [{"step": "Switch to the Design tab", "controlLabel": "31", "controlText": "Review", "function": "click_input", "args": {"button": "left", "double": false}}, {"step": "Click on Page Color", "controlLabel": "", "controlText": "Page Color", "function": "click_input", "args": {"button": "left", "double": false}}, {"step": "Select the desired background color", "controlLabel": "", "controlText": "", "function": "click_input", "args": {"button": "left", "double": false}}], "action_prefill_file_path": "D:\\agents\\AgentLearner\\cache\\action_prefill\\70686.docx"}