{"Problem": "cara menebalkan tanda tangan di word", "Solution Steps": ["Pilih tanda tangan yang ingin Anda tebalkan.", "Pada tab **Home**, di grup **Font**, klik ikon **Bold** atau tekan **Ctrl + B** pada keyboard Anda."], "new_problem": "Bold the signature in the Word document.", "action_plans": [{"step": "select the target text 'text to edit'", "controlLabel": "", "controlText": "", "function": "select_text", "args": {"text": "text to edit"}}, {"step": "change ribbon to Home to show the bold button", "controlLabel": "24", "controlText": "Home", "function": "click_input", "args": {"button": "left", "double": false}}, {"step": "click the bold button to finish bolding", "controlLabel": "154", "controlText": "Bold", "function": "click_input", "args": {"button": "left", "double": false}}], "action_prefill_file_path": "D:\\agents\\AgentLearner\\cache\\action_prefill\\70719.docx"}