{"Problem": "How to find the sort button in Microsoft Word?", "Solution Steps": ["Open your document in Microsoft Word.", "Click on the **Home** tab located in the ribbon at the top of the window.", "In the **Paragraph** group, look for an icon that resembles an A and Z with an arrow pointing down. This is the **Sort** button.", "Click the **Sort** button to open the Sort Text dialog box, where you can choose how to sort your text."], "new_problem": "Find the Sort button in Microsoft Word by navigating to the Home tab and locating it in the Paragraph group.", "action_plans": [{"step": "Click on the Home tab to navigate to the Home section.", "controlLabel": "24", "controlText": "Home", "function": "click_input", "args": {"button": "left", "double": false}}, {"step": "Locate and click the Sort button in the Paragraph group.", "controlLabel": "183", "controlText": "Sort...", "function": "click_input", "args": {"button": "left", "double": false}}], "action_prefill_file_path": "D:\\agents\\AgentLearner\\cache\\action_prefill\\70733.docx"}