{"Problem": "How to merge data from Excel into a Word document.", "Solution Steps": ["Open the Word document where you want to merge the data.", "Click on the **Mailings** tab.", "In the **Start Mail Merge** group, click on **Start Mail Merge**, and then choose the type of document you are working on (e.g., Letters, E-mail Messages, Envelopes, Labels, or Directory).", "Click on **Select Recipients** in the **Start Mail Merge** group and choose **Use an Existing List**.", "Locate your Excel file, select it, and click **Open**.", "If prompted, select the worksheet that contains your data and click **OK**.", "Insert merge fields where you want to merge the data by clicking on **Insert Merge Field** in the **Write & Insert Fields** group and selecting the field names.", "Preview the merge by clicking on **Preview Results** in the **Preview Results** group.", "Complete the merge by clicking on **Finish & Merge** in the **Finish** group and select **Edit Individual Documents**, **Print Documents**, or **Send Email Messages** depending on your needs."], "new_problem": "Merge data from an Excel file into the current Word document.", "action_plans": [{"step": "Click on the Mailings tab", "controlLabel": "25", "controlText": "Insert", "function": "click_input", "args": {"button": "left", "double": false}}, {"step": "Click on Start Mail Merge", "controlLabel": "311", "controlText": "Start Mail Merge", "function": "click_input", "args": {"button": "left", "double": false}}, {"step": "Choose the type of document", "controlLabel": "312", "controlText": "Select Recipients", "function": "click_input", "args": {"button": "left", "double": false}}, {"step": "Click on Select Recipients", "controlLabel": "312", "controlText": "Select Recipients", "function": "click_input", "args": {"button": "left", "double": false}}, {"step": "Choose Use an Existing List", "controlLabel": "312", "controlText": "Select Recipients", "function": "click_input", "args": {"button": "left", "double": false}}, {"step": "Locate and open the Excel file", "controlLabel": "144", "controlText": "Open", "function": "click_input", "args": {"button": "left", "double": false}}, {"step": "Select the worksheet containing the data", "controlLabel": "144", "controlText": "Open", "function": "click_input", "args": {"button": "left", "double": false}}, {"step": "Insert merge fields", "controlLabel": "312", "controlText": "Select Recipients", "function": "click_input", "args": {"button": "left", "double": false}}, {"step": "Preview the merge", "controlLabel": "312", "controlText": "Select Recipients", "function": "click_input", "args": {"button": "left", "double": false}}, {"step": "Complete the merge", "controlLabel": "315", "controlText": "Finish", "function": "click_input", "args": {"button": "left", "double": false}}], "action_prefill_file_path": "D:\\agents\\AgentLearner\\cache\\action_prefill\\70734.docx"}