{"Problem": "How to access free cursive fonts in Word", "Solution Steps": ["Open Microsoft Word.", "Click on the **Home** tab.", "In the **Font** group, click the arrow next to the font dropdown menu to see the list of available fonts.", "Scroll through the list to find cursive fonts such as 'Brush Script MT', 'Lucida Handwriting', or 'Segoe Script'.", "Select the cursive font you want to use."], "new_problem": "Access free cursive fonts in Word by navigating to the 'Home' tab, opening the font dropdown menu, and selecting a cursive font.", "action_plans": [{"step": "Click on the Home tab", "controlLabel": "11", "controlText": "Home", "function": "click_input", "args": {"button": "left", "double": false}}, {"step": "Open the font dropdown menu", "controlLabel": "142", "controlText": "Font", "function": "click_input", "args": {"button": "left", "double": false}}, {"step": "Scroll through the list to find cursive fonts", "controlLabel": "142", "controlText": "Font", "function": "wheel_mouse_input", "args": {"control_id": "142", "wheel_dist": -20}}, {"step": "Select the cursive font you want to use", "controlLabel": "142", "controlText": "Font", "function": "click_input", "args": {"button": "left", "double": false}}], "action_prefill_file_path": "D:\\agents\\AgentLearner\\cache\\action_prefill\\70744.docx"}