{"Problem": "How to switch from dark mode in Microsoft Word", "Solution Steps": ["Open Microsoft Word.", "Click on **File** in the top-left corner.", "Select **Options** from the menu.", "In the **Word Options** dialog box, click on **General**.", "Under the **Personalize your copy of Microsoft Office** section, find the **Office Theme** dropdown.", "Select a theme other than **Dark Gray** or **Black** (e.g., **Colorful** or **White**).", "Click **OK** to apply the changes."], "new_problem": "Switch from dark mode in Microsoft Word by changing the Office Theme to a non-dark option.", "action_plans": [{"step": "Open the File menu", "controlLabel": "22", "controlText": "File Tab", "function": "click_input", "args": {"button": "left", "double": false}}, {"step": "Select Options from the File menu", "controlLabel": "109", "controlText": "System", "function": "click_input", "args": {"button": "left", "double": false}}, {"step": "Open the General settings in the Word Options dialog", "controlLabel": "", "controlText": "General", "function": "click_input", "args": {"button": "left", "double": false}}, {"step": "Change the Office Theme to a non-dark option", "controlLabel": "", "controlText": "Office Theme", "function": "set_edit_text", "args": {"text": "Colorful"}}, {"step": "Apply the changes", "controlLabel": "", "controlText": "OK", "function": "click_input", "args": {"button": "left", "double": false}}], "action_prefill_file_path": "D:\\agents\\AgentLearner\\cache\\action_prefill\\70742.docx"}