{"Problem": "Alternative method for mail merge", "Solution Steps": ["Open your Word document.", "Click the **Mailings** tab.", "In the **Start Mail Merge** group, click **Start Mail Merge**.", "Select **Step-by-Step Mail Merge Wizard**.", "Follow the steps in the Mail Merge Wizard to complete the process."], "new_problem": "Use the 'Mailings' tab and 'Start Mail Merge' button to initiate the mail merge process.", "action_plans": [{"step": "Switch to the 'Mailings' tab", "controlLabel": "30", "controlText": "Mailings", "function": "click_input", "args": {"button": "left", "double": false}}, {"step": "Click 'Start Mail Merge' button", "controlLabel": "", "controlText": "Start Mail Merge", "function": "click_input", "args": {"button": "left", "double": false}}, {"step": "Select 'Step-by-Step Mail Merge Wizard'", "controlLabel": "", "controlText": "Step-by-Step Mail Merge Wizard", "function": "click_input", "args": {"button": "left", "double": false}}], "action_prefill_file_path": "D:\\agents\\AgentLearner\\cache\\action_prefill\\70748.docx"}