{"Problem": "How to activate Microsoft Word Plus 2019?", "Solution Steps": ["Open Microsoft Word Plus 2019 on your computer.", "Click on the **File** tab in the upper-left corner.", "Select **Account** from the menu on the left side.", "Under the **Product Information** section, click **Activate Product**.", "Follow the on-screen instructions to sign in with your Microsoft account associated with your product key.", "Enter your product key when prompted.", "Follow any additional prompts to complete the activation process."], "new_problem": "Activate Microsoft Word Plus 2019 by navigating through the File tab to the Account section and following the activation prompts.", "action_plans": [{"step": "Open the File tab", "controlLabel": "22", "controlText": "File Tab", "function": "click_input", "args": {"button": "left", "double": false}}, {"step": "Select the Account option", "controlLabel": "23", "controlText": "Ribbon Tabs", "function": "click_input", "args": {"button": "left", "double": false}}, {"step": "Click on Activate Product", "controlLabel": "", "controlText": "Activate Product", "function": "click_input", "args": {"button": "left", "double": false}}, {"step": "Follow the on-screen instructions to sign in with your Microsoft account", "controlLabel": "", "controlText": "", "function": "", "args": {}}, {"step": "Enter your product key when prompted", "controlLabel": "", "controlText": "", "function": "", "args": {}}, {"step": "Follow any additional prompts to complete the activation process", "controlLabel": "", "controlText": "", "function": "", "args": {}}], "action_prefill_file_path": "D:\\agents\\AgentLearner\\cache\\action_prefill\\70741.docx"}