{"Problem": "How to find a 6-letter word with 'c' as the third and sixth letter using Word.", "Solution Steps": ["Open the document in Word.", "Press **Ctrl + F** to open the Navigation pane.", "In the search box, type `??c??c` (each question mark represents any character).", "Word will highlight all instances of 6-letter words with 'c' as the third and sixth letter in the document."], "new_problem": "Find a 6-letter word with 'c' as the third and sixth letter using the search functionality in Word.", "action_plans": [{"step": "Open the Navigation pane", "controlLabel": "14", "controlText": "Search", "function": "click_input", "args": {"button": "left", "double": false}}, {"step": "Type the search pattern '??c??c' in the search box", "controlLabel": "14", "controlText": "Search", "function": "set_edit_text", "args": {"text": "??c??c"}}], "action_prefill_file_path": "D:\\agents\\AgentLearner\\cache\\action_prefill\\70755.docx"}