{"Problem": "How to draw inside a table in Microsoft Word", "Solution Steps": ["Open your document in Microsoft Word and navigate to the table you want to draw in.", "Click inside the cell where you want to start drawing.", "Go to the **Insert** tab, and in the **Illustrations** group, click **Shapes**.", "Select the shape or line you want to draw from the drop-down menu.", "Click and drag your mouse within the cell to draw the shape or line.", "To edit the shape or line, select it and use the **Drawing Tools** that appear to customize your drawing as needed."], "new_problem": "Draw a shape inside a table cell in Microsoft Word.", "action_plans": [{"step": "Click inside the cell where you want to start drawing", "controlLabel": "", "controlText": "", "function": "click_input", "args": {"control_id": "", "control_name": "Table Cell", "button": "left", "double": false}}, {"step": "Navigate to the Insert tab", "controlLabel": "25", "controlText": "Insert", "function": "click_input", "args": {"button": "left", "double": false}}, {"step": "Click on Shapes in the Illustrations group", "controlLabel": "239", "controlText": "Shapes", "function": "click_input", "args": {"button": "left", "double": false}}, {"step": "Select the shape or line you want to draw from the drop-down menu", "controlLabel": "", "controlText": "Shape", "function": "click_input", "args": {"control_id": "", "control_name": "Shape", "button": "left", "double": false}}, {"step": "Click and drag your mouse within the cell to draw the shape or line", "controlLabel": "", "controlText": "", "function": "click_input", "args": {"control_id": "", "control_name": "Table Cell", "button": "left", "double": false}}], "action_prefill_file_path": "D:\\agents\\AgentLearner\\cache\\action_prefill\\70759.docx"}