{"Problem": "How to open a blank document in Word 2016?", "Solution Steps": ["Open Microsoft Word 2016.", "Click **File** in the top left corner.", "Select **New** from the menu.", "Click **Blank document** to open a new blank document."], "new_problem": "Open a blank document in Word 2016 by clicking the 'New Blank Document' button.", "action_plans": [{"step": "Click the 'New Blank Document' button to open a new blank document", "controlLabel": "10", "controlText": "New Blank Document", "function": "click_input", "args": {"button": "left", "double": false}}], "action_prefill_file_path": "D:\\agents\\AgentLearner\\cache\\action_prefill\\70770.docx"}