{"Problem": "How to right-indent text in Microsoft Word", "Solution Steps": ["Select the text you want to indent.", "On the **Home** tab, in the **Paragraph** group, click the **Increase Indent** button to move the text further away from the left margin.", "Alternatively, you can use the **Layout** or **Page Layout** tab (depending on your version of Word), then click on **Paragraph** settings. In the dialog box that opens, under the **Indents and Spacing** tab, adjust the **Right** indent value to your desired measurement, then click **OK**."], "new_problem": "Right-indent the text 'text to edit' in the Microsoft Word document.", "action_plans": [{"step": "Select the text 'text to edit'", "controlLabel": "", "controlText": "", "function": "select_text", "args": {"text": "text to edit"}}, {"step": "Switch to the 'Home' tab", "controlLabel": "24", "controlText": "Home", "function": "click_input", "args": {"button": "left", "double": false}}, {"step": "Click the 'Increase Indent' button", "controlLabel": "181", "controlText": "Increase Indent", "function": "click_input", "args": {"button": "left", "double": false}}], "action_prefill_file_path": "D:\\agents\\AgentLearner\\cache\\action_prefill\\70799.docx"}