{"Problem": "How to clean up a Word document", "Solution Steps": ["Open the Word document you want to clean up.", "Click the **Home** tab.", "In the **Editing** group, click **Select** and choose **Select All** to highlight the entire document.", "Click the **Clear All Formatting** button in the **Font** group to remove all formatting.", "Go to the **Review** tab.", "In the **Proofing** group, click **Spelling & Grammar** to check for any spelling or grammatical errors and correct them.", "Click the **View** tab.", "In the **Show** group, uncheck **Navigation Pane** to hide the navigation pane if it is open.", "In the **Document Views** group, select **Print Layout** to ensure you are viewing the document as it will appear when printed.", "Save the cleaned-up document by clicking **File** and then **Save**."], "new_problem": "Clean up the Word document by removing all formatting, checking for spelling and grammar errors, hiding the navigation pane, and ensuring the document is in print layout view.", "action_plans": [{"step": "Select the entire document", "controlLabel": "", "controlText": "", "function": "type_keys", "args": {"text": "{VK_CONTROL down}a{VK_CONTROL up}"}}, {"step": "Clear all formatting", "controlLabel": "", "controlText": "", "function": "type_keys", "args": {"text": "{VK_CONTROL down}{VK_SPACE}{VK_CONTROL up}"}}, {"step": "Go to the Review tab", "controlLabel": "34", "controlText": "Review", "function": "click_input", "args": {"button": "left", "double": false}}, {"step": "Check spelling and grammar", "controlLabel": "", "controlText": "Spelling & Grammar", "function": "click_input", "args": {"button": "left", "double": false}}, {"step": "Go to the View tab", "controlLabel": "34", "controlText": "View", "function": "click_input", "args": {"button": "left", "double": false}}, {"step": "Hide the navigation pane", "controlLabel": "", "controlText": "Navigation Pane", "function": "click_input", "args": {"button": "left", "double": false}}, {"step": "Ensure print layout view", "controlLabel": "", "controlText": "Print Layout", "function": "click_input", "args": {"button": "left", "double": false}}, {"step": "Save the document", "controlLabel": "", "controlText": "", "function": "type_keys", "args": {"text": "{VK_CONTROL down}s{VK_CONTROL up}"}}], "action_prefill_file_path": "D:\\agents\\AgentLearner\\cache\\action_prefill\\7079.docx"}