{"Problem": "How to apply heading styles to only selected pages in Word?", "Solution Steps": ["Navigate to the page where you want to apply the heading style.", "Select the text that you want to format as a heading.", "On the **Home** tab, in the **Styles** group, click the desired heading style (e.g., **Heading 1**, **Heading 2**).", "Repeat the process for each page where you want to apply the heading style."], "new_problem": "Apply heading styles to selected text on specific pages in the Word document.", "action_plans": [{"step": "select the text 'text to edit'", "controlLabel": "", "controlText": "", "function": "select_text", "args": {"text": "text to edit"}}, {"step": "switch to the Home tab", "controlLabel": "11", "controlText": "Home", "function": "click_input", "args": {"button": "left", "double": false}}, {"step": "apply Heading 1 style", "controlLabel": "205", "controlText": "Heading 1", "function": "click_input", "args": {"button": "left", "double": false}}], "action_prefill_file_path": "D:\\agents\\AgentLearner\\cache\\action_prefill\\708.docx"}