{"Problem": "How to find a font closest to Gotham in Word.", "Solution Steps": ["Open your Word document.", "Select the text you want to change the font for.", "Go to the **Home** tab.", "In the **Font** group, click the drop-down arrow next to the font name.", "Scroll through the list of fonts to find a font that closely resembles Gotham. Some common alternatives are 'Arial', 'Helvetica', or 'Montserrat'.", "Click on the font name to apply it to the selected text."], "new_problem": "Find a font closest to Gotham in Word by selecting the text, navigating to the 'Home' tab, opening the font dropdown, and choosing a suitable alternative.", "action_plans": [{"step": "Select the text 'text to edit'", "controlLabel": "", "controlText": "", "function": "select_text", "args": {"text": "text to edit"}}, {"step": "Navigate to the 'Home' tab", "controlLabel": "24", "controlText": "Home", "function": "click_input", "args": {"button": "left", "double": false}}, {"step": "Open the font dropdown", "controlLabel": "", "controlText": "Fonts", "function": "click_input", "args": {"button": "left", "double": false}}, {"step": "Scroll through the list of fonts", "controlLabel": "", "controlText": "", "function": "wheel_mouse_input", "args": {"control_id": "", "wheel_dist": -20}}, {"step": "Select a font that closely resembles Gotham", "controlLabel": "", "controlText": "Arial", "function": "click_input", "args": {"button": "left", "double": false}}], "action_prefill_file_path": "D:\\agents\\AgentLearner\\cache\\action_prefill\\70824.docx"}