{"Problem": "How to adjust auto spacing in Word", "Solution Steps": ["Select the text you want to adjust the spacing for.", "Go to the **Home** tab.", "In the **Paragraph** group, click the **Line and Paragraph Spacing** button.", "Select the desired spacing option from the dropdown menu, such as 1.0, 1.15, 1.5, or 2.0.", "For more specific spacing options, click **Line Spacing Options** at the bottom of the dropdown menu.", "In the **Paragraph** dialog box, adjust the **Line spacing** and **At** settings as needed.", "Click **OK** to apply the changes."], "new_problem": "Adjust the auto spacing for the text 'text to edit' in the Word document.", "action_plans": [{"step": "select the target text 'text to edit'", "controlLabel": "", "controlText": "", "function": "select_text", "args": {"text": "text to edit"}}, {"step": "navigate to the Home tab", "controlLabel": "24", "controlText": "Home", "function": "click_input", "args": {"button": "left", "double": false}}, {"step": "click the Line and Paragraph Spacing button", "controlLabel": "70", "controlText": "Paragraph Spacing", "function": "click_input", "args": {"button": "left", "double": false}}, {"step": "select the desired spacing option", "controlLabel": "", "controlText": "1.0", "function": "click_input", "args": {"button": "left", "double": false}}], "action_prefill_file_path": "D:\\agents\\AgentLearner\\cache\\action_prefill\\70827.docx"}