{"Problem": "How to convert PDF scanned text to Word document", "Solution Steps": ["Open Microsoft Word.", "Click on **File** tab, then select **Open**.", "Navigate to the PDF file you want to convert, select it, and click **Open**.", "Word will display a message saying it will now convert the PDF to an editable Word document. Click **OK**.", "After the conversion, review the document for any formatting issues.", "Save the document by clicking on **File**, then **Save As**, and choose the desired location and file format (e.g., .docx)."], "new_problem": "Convert a PDF scanned text to a Word document by opening the PDF in Word, converting it, reviewing it, and saving it as a Word document.", "action_plans": [{"step": "Open Microsoft Word", "controlLabel": "", "controlText": "", "function": "", "args": {}}, {"step": "Click on File tab", "controlLabel": "9", "controlText": "File", "function": "click_input", "args": {"button": "left", "double": false}}, {"step": "Select Open", "controlLabel": "10", "controlText": "Open", "function": "click_input", "args": {"button": "left", "double": false}}, {"step": "Navigate to the PDF file and select it", "controlLabel": "", "controlText": "", "function": "", "args": {}}, {"step": "Click Open to open the PDF file", "controlLabel": "", "controlText": "", "function": "", "args": {}}, {"step": "Confirm the conversion of the PDF to an editable Word document", "controlLabel": "", "controlText": "", "function": "", "args": {}}, {"step": "Review the document for any formatting issues", "controlLabel": "", "controlText": "", "function": "", "args": {}}, {"step": "Save the document by clicking on File", "controlLabel": "9", "controlText": "File", "function": "click_input", "args": {"button": "left", "double": false}}, {"step": "Select Save As", "controlLabel": "", "controlText": "", "function": "", "args": {}}, {"step": "Choose the desired location and file format (e.g., .docx)", "controlLabel": "", "controlText": "", "function": "", "args": {}}], "action_prefill_file_path": "D:\\agents\\AgentLearner\\cache\\action_prefill\\70838.docx"}