{"Problem": "How to add an attachment to a file", "Solution Steps": ["Open the Word document where you want to add an attachment.", "Place the cursor where you want to insert the attachment.", "Click the **Insert** tab on the Ribbon.", "In the **Text** group, click **Object**.", "In the drop-down menu, select **Object**.", "In the **Object** dialog box, click the **Create from File** tab.", "Click **Browse** to locate the file you want to attach.", "Select the file and click **Insert**.", "Optionally, check the **Display as icon** box if you want the attachment to appear as an icon.", "Click **OK** to insert the attachment."], "new_problem": "Add an attachment to the Word document by navigating to the Insert tab, selecting the Object option, and browsing to attach a file.", "action_plans": ["{\"step\":\"click the Insert tab\",\"controlLabel\":\"25\",\"controlText\":\"Insert\",\"function\":\"click_input\",\"args\":{\"button\":\"left\",\"double\":false}}", "{\"step\":\"click the Object button\",\"controlLabel\":\"270\",\"controlText\":\"Object...\",\"function\":\"click_input\",\"args\":{\"button\":\"left\",\"double\":false}}", "{\"step\":\"select Create from File tab in Object dialog\",\"controlLabel\":\"\",\"controlText\":\"Create from File\",\"function\":\"click_input\",\"args\":{\"button\":\"left\",\"double\":false}}", "{\"step\":\"click Browse to locate the file\",\"controlLabel\":\"\",\"controlText\":\"Browse\",\"function\":\"click_input\",\"args\":{\"button\":\"left\",\"double\":false}}", "{\"step\":\"select the file to attach and click Insert\",\"controlLabel\":\"\",\"controlText\":\"Insert\",\"function\":\"click_input\",\"args\":{\"button\":\"left\",\"double\":false}}", "{\"step\":\"optionally check Display as icon\",\"controlLabel\":\"\",\"controlText\":\"Display as icon\",\"function\":\"click_input\",\"args\":{\"button\":\"left\",\"double\":false}}", "{\"step\":\"click OK to insert the attachment\",\"controlLabel\":\"\",\"controlText\":\"OK\",\"function\":\"click_input\",\"args\":{\"button\":\"left\",\"double\":false}}"], "action_prefill_file_path": "D:\\agents\\AgentLearner\\cache\\action_prefill\\70834.docx"}