{"Problem": "Insert a section break in Microsoft Word", "Solution Steps": ["Place your cursor where you want the section break to be.", "Go to the **Layout** tab (or **Page Layout** in some versions).", "In the **Page Setup** group, click on **Breaks**.", "Choose the type of section break you need from the dropdown menu. Options include **Next Page**, **Continuous**, **Even Page**, or **Odd Page**."], "new_problem": "Insert a section break in the Microsoft Word document.", "action_plans": [{"step": "Place the cursor at the desired location", "controlLabel": "103", "controlText": "Page 1 content", "function": "click_input", "args": {"button": "left", "double": false}}, {"step": "Navigate to the Layout tab", "controlLabel": "28", "controlText": "Layout", "function": "click_input", "args": {"button": "left", "double": false}}, {"step": "Open the Breaks menu", "controlLabel": "285", "controlText": "Breaks", "function": "click_input", "args": {"button": "left", "double": false}}, {"step": "Select the type of section break", "controlLabel": "285", "controlText": "Breaks", "function": "click_input", "args": {"button": "left", "double": false}}], "action_prefill_file_path": "D:\\agents\\AgentLearner\\cache\\action_prefill\\70837.docx"}