{"Problem": "How to apply double space after a period in Word", "Solution Steps": ["Open your Word document.", "Click on the **File** tab.", "Select **Options** from the menu.", "In the **Word Options** dialog box, click on **Proofing**.", "Click on the **Settings** button next to **Writing Style: Grammar & Refinements**.", "In the **Grammar Settings** dialog box, scroll down to the **Punctuation Conventions** section.", "Under **Spaces required between sentences**, select **2**.", "Click **OK** to close the **Grammar Settings** dialog box.", "Click **OK** again to close the **Word Options** dialog box."], "new_problem": "Apply double space after a period in Word by navigating through the Word Options and Proofing settings.", "action_plans": [{"step": "Open the File tab", "controlLabel": "17", "controlText": "My Benefits", "function": "click_input", "args": {"button": "left", "double": false}}, {"step": "Select Options from the menu", "controlLabel": "85", "controlText": "Word Count 0 words", "function": "click_input", "args": {"button": "left", "double": false}}, {"step": "Click on Proofing in the Word Options dialog box", "controlLabel": "89", "controlText": "Focus ", "function": "click_input", "args": {"button": "left", "double": false}}, {"step": "Click on the Settings button next to Writing Style: Grammar & Refinements", "controlLabel": "9", "controlText": "Save", "function": "click_input", "args": {"button": "left", "double": false}}, {"step": "Scroll down to the Punctuation Conventions section", "controlLabel": "25", "controlText": "Insert", "function": "wheel_mouse_input", "args": {"wheel_dist": -20}}, {"step": "Under Spaces required between sentences, select 2", "controlLabel": "34", "controlText": "Help", "function": "click_input", "args": {"button": "left", "double": false}}, {"step": "Click OK to close the Grammar Settings dialog box", "controlLabel": "35", "controlText": "Comments", "function": "click_input", "args": {"button": "left", "double": false}}, {"step": "Click OK again to close the Word Options dialog box", "controlLabel": "36", "controlText": "Mode", "function": "click_input", "args": {"button": "left", "double": false}}], "action_prefill_file_path": "D:\\agents\\AgentLearner\\cache\\action_prefill\\70833.docx"}