{"Problem": "How to convert a PDF to a Word document securely using Microsoft Word", "Solution Steps": ["Open Microsoft Word.", "Click on **File** in the top left corner.", "Select **Open** from the menu.", "Browse to the location of the PDF file you want to convert and select it.", "Click **Open**.", "A dialog box will appear informing you that Word will convert the PDF to an editable Word document. Click **OK**.", "The PDF will open in Word, and you can now edit and save it as a Word document."], "new_problem": "Convert a PDF to a Word document securely using Microsoft Word.", "action_plans": [{"step": "Open the File menu", "controlLabel": "22", "controlText": "File Tab", "function": "click_input", "args": {"button": "left", "double": false}}, {"step": "Select the Open option", "controlLabel": "109", "controlText": "System", "function": "click_input", "args": {"button": "left", "double": false}}, {"step": "Browse to the location of the PDF file", "controlLabel": "14", "controlText": "Search", "function": "set_edit_text", "args": {"control_id": "14", "text": "C:\\path\\to\\your\\file.pdf"}}, {"step": "Open the PDF file", "controlLabel": "15", "controlText": "Voice Search", "function": "click_input", "args": {"button": "left", "double": false}}, {"step": "Confirm the conversion to Word document", "controlLabel": "101", "controlText": "Doc1", "function": "type_keys", "args": {"text": "{ENTER}"}}], "action_prefill_file_path": "D:\\agents\\AgentLearner\\cache\\action_prefill\\70845.docx"}