{"Problem": "How to find a free, printable CV template in Word for students", "Solution Steps": ["Open Microsoft Word.", "Click on the **File** tab in the top left corner.", "Select **New** from the menu.", "In the search bar at the top of the window that opens, type 'CV' or 'Resume'.", "Press **Enter** or click the search icon.", "Browse through the templates. Look for ones labeled 'Free'.", "Click on a template you like to preview it.", "Click the **Create** button to open the template as a new document.", "Customize the template with your personal information, education, and experience."], "new_problem": "Find a free, printable CV template in Word for students by navigating to the 'New' section, searching for 'CV' or 'Resume', and selecting a free template.", "action_plans": [{"step": "Open Microsoft Word", "controlLabel": "", "controlText": "", "function": "", "args": {}}, {"step": "Click on the File tab in the top left corner", "controlLabel": "16", "controlText": "Junting Lu (FESCO Adecco Human Resources)", "function": "click_input", "args": {"button": "left", "double": false}}, {"step": "Select New from the menu", "controlLabel": "144", "controlText": "Open", "function": "click_input", "args": {"button": "left", "double": false}}, {"step": "In the search bar at the top of the window that opens, type 'CV' or 'Resume'", "controlLabel": "14", "controlText": "Search", "function": "set_edit_text", "args": {"text": "CV"}}, {"step": "Press Enter or click the search icon", "controlLabel": "14", "controlText": "Search", "function": "type_keys", "args": {"text": "{ENTER}"}}, {"step": "Browse through the templates. Look for ones labeled 'Free'", "controlLabel": "", "controlText": "", "function": "", "args": {}}, {"step": "Click on a template you like to preview it", "controlLabel": "", "controlText": "", "function": "", "args": {}}, {"step": "Click the Create button to open the template as a new document", "controlLabel": "", "controlText": "", "function": "", "args": {}}, {"step": "Customize the template with your personal information, education, and experience", "controlLabel": "", "controlText": "", "function": "", "args": {}}], "action_prefill_file_path": "D:\\agents\\AgentLearner\\cache\\action_prefill\\70841.docx"}