{"Problem": "How to create a grade book template in Word.", "Solution Steps": ["Open Microsoft Word.", "Click on **File** in the top left corner.", "Select **New** from the dropdown menu.", "In the search bar, type 'grade book template' and press Enter.", "Browse through the available templates and select the one that best fits your needs.", "Click **Create** to open the selected template.", "Customize the template as needed by adding or modifying text, tables, and other elements."], "new_problem": "Create a grade book template in Word by opening a new document, searching for a grade book template, selecting one, and customizing it.", "action_plans": [{"step": "Open the File menu", "controlLabel": "9", "controlText": "Save", "function": "click_input", "args": {"button": "left", "double": false}}, {"step": "Select New from the dropdown menu", "controlLabel": "144", "controlText": "Open", "function": "click_input", "args": {"button": "left", "double": false}}, {"step": "Search for 'grade book template'", "controlLabel": "146", "controlText": "12", "function": "set_edit_text", "args": {"text": "grade book template"}}, {"step": "Press Enter to search", "controlLabel": "146", "controlText": "12", "function": "type_keys", "args": {"text": "{ENTER}"}}, {"step": "Select the desired grade book template", "controlLabel": "207", "controlText": "Title", "function": "click_input", "args": {"button": "left", "double": false}}, {"step": "Create the selected template", "controlLabel": "147", "controlText": "Open", "function": "click_input", "args": {"button": "left", "double": false}}, {"step": "Customize the template as needed", "controlLabel": "103", "controlText": "Page 1 content", "function": "set_edit_text", "args": {"text": "Customize your grade book template here."}}], "action_prefill_file_path": "D:\\agents\\AgentLearner\\cache\\action_prefill\\70856.docx"}