{"Problem": "How to upload a Word document to Google Docs.", "Solution Steps": ["Open your web browser and go to **docs.google.com**.", "If prompted, sign in with your Google account.", "In the Google Docs interface, click on the **+ New** button on the left side of the page.", "Select **File upload** from the drop-down menu.", "Navigate to the location of your Word document on your computer, select it, and click **Open**.", "Wait for the document to upload. Once uploaded, it will appear in your list of documents.", "Click on the uploaded Word document to open it with Google Docs."], "new_problem": "1. Open your web browser and go to docs.google.com. 2. If prompted, sign in with your Google account. 3. In the Google Docs interface, click on the + New button on the left side of the page. 4. Select File upload from the drop-down menu. 5. Navigate to the location of your Word document on your computer, select it, and click Open. 6. Wait for the document to upload. Once uploaded, it will appear in your list of documents. 7. Click on the uploaded Word document to open it with Google Docs.", "action_plans": [""], "action_prefill_file_path": "D:\\agents\\AgentLearner\\cache\\action_prefill\\70852.docx"}