{"Problem": "How to install Grammarly as an add-in for Word.", "Solution Steps": ["Open Microsoft Word.", "Go to the **Insert** tab.", "Click on **Get Add-ins** in the **Add-ins** group.", "In the Office Add-ins window, type 'Grammarly' in the search bar and press Enter.", "Click the **Add** button next to Grammarly for Microsoft Word.", "Follow the on-screen instructions to complete the installation.", "Once installed, you may need to sign in to your Grammarly account to start using the add-in."], "new_problem": "Install Grammarly as an add-in for Word by navigating through the Insert tab, accessing Get Add-ins, searching for Grammarly, and following the installation instructions.", "action_plans": [{"step": "Open the Insert tab", "controlLabel": "34", "controlText": "Insert", "function": "click_input", "args": {"button": "left", "double": false}}, {"step": "Click on Get Add-ins", "controlLabel": "225", "controlText": "Add-ins", "function": "click_input", "args": {"button": "left", "double": false}}, {"step": "Search for Grammarly in the Office Add-ins window", "controlLabel": "36", "controlText": "Search", "function": "set_edit_text", "args": {"control_id": "36", "text": "Grammarly"}}, {"step": "Press Enter to search", "controlLabel": "36", "controlText": "Search", "function": "type_keys", "args": {"control_id": "36", "text": "{ENTER}"}}, {"step": "Click the Add button next to Grammarly for Microsoft Word", "controlLabel": "226", "controlText": "Add", "function": "click_input", "args": {"button": "left", "double": false}}, {"step": "Follow the on-screen instructions to complete the installation", "controlLabel": "", "controlText": "", "function": "", "args": {}}, {"step": "Sign in to your Grammarly account if required", "controlLabel": "", "controlText": "", "function": "", "args": {}}], "action_prefill_file_path": "D:\\agents\\AgentLearner\\cache\\action_prefill\\70869.docx"}