{"Problem": "How to download a free resume template in Word", "Solution Steps": ["Open Microsoft Word.", "Click on **File** in the top left corner.", "Select **New** from the dropdown menu.", "In the search bar, type **resume** and press Enter.", "Browse through the available resume templates.", "Click on the resume template you want to use.", "Click **Create** to download and open the template."], "new_problem": "Download a free resume template in Word.", "action_plans": [{"step": "Open the File menu", "controlLabel": "9", "controlText": "Save", "function": "click_input", "args": {"button": "left", "double": false}}, {"step": "Select New from the dropdown menu", "controlLabel": "144", "controlText": "Open", "function": "click_input", "args": {"button": "left", "double": false}}, {"step": "Click on the Search bar", "controlLabel": "14", "controlText": "Search", "function": "click_input", "args": {"button": "left", "double": false}}, {"step": "Type 'resume' and press Enter", "controlLabel": "14", "controlText": "Search", "function": "set_edit_text", "args": {"text": "resume", "newline": true}}, {"step": "Browse through the available resume templates", "controlLabel": "", "controlText": "", "function": "", "args": {}}, {"step": "Click on the resume template you want to use", "controlLabel": "", "controlText": "", "function": "", "args": {}}, {"step": "Click Create to download and open the template", "controlLabel": "", "controlText": "", "function": "", "args": {}}], "action_prefill_file_path": "D:\\agents\\AgentLearner\\cache\\action_prefill\\70886.docx"}