{"Problem": "How to insert page numbers in the index in Word?", "Solution Steps": ["Place the cursor where you want to insert the index.", "Go to the **References** tab.", "In the **Index** group, click **Insert Index**.", "In the **Index** dialog box, select the **Page number** checkbox.", "Choose any other options you want, such as the format and style.", "Click **OK** to insert the index with page numbers."], "new_problem": "Insert page numbers in the index in Word.", "action_plans": [{"step": "Place the cursor where you want to insert the index", "controlLabel": "", "controlText": "", "function": "click_input", "args": {"control_id": "", "button": "left", "double": false}}, {"step": "Go to the References tab", "controlLabel": "25", "controlText": "Insert", "function": "click_input", "args": {"button": "left", "double": false}}, {"step": "Click Insert Index", "controlLabel": "344", "controlText": "Insert Index...", "function": "click_input", "args": {"button": "left", "double": false}}, {"step": "Select the Page number checkbox", "controlLabel": "", "controlText": "", "function": "click_input", "args": {"control_id": "", "button": "left", "double": false}}, {"step": "Click OK to insert the index with page numbers", "controlLabel": "", "controlText": "", "function": "click_input", "args": {"control_id": "", "button": "left", "double": false}}], "action_prefill_file_path": "D:\\agents\\AgentLearner\\cache\\action_prefill\\70884.docx"}