{"Problem": "Change color of individual bullets in Word", "Solution Steps": ["Select the bullet whose color you want to change.", "Right-click the selected bullet and choose **Font** from the context menu.", "In the **Font** dialog box, click the **Font color** drop-down list.", "Choose the color you want for the bullet.", "Click **OK** to apply the color change."], "new_problem": "Change the color of individual bullets in the Word document.", "action_plans": [{"step": "select the bullet text 'Listitem1'", "controlLabel": "", "controlText": "", "function": "select_text", "args": {"text": "Listitem1"}}, {"step": "open the font dialog", "controlLabel": "138", "controlText": "More Options", "function": "click_input", "args": {"button": "left", "double": false}}, {"step": "change the font color", "controlLabel": "166", "controlText": "Font Color", "function": "click_input", "args": {"button": "left", "double": false}}, {"step": "select the desired color", "controlLabel": "167", "controlText": "Font Color RGB(255, 0, 0)", "function": "click_input", "args": {"button": "left", "double": false}}, {"step": "apply the color change", "controlLabel": "", "controlText": "", "function": "type_keys", "args": {"text": "{ENTER}"}}], "action_prefill_file_path": "D:\\agents\\AgentLearner\\cache\\action_prefill\\70890.docx"}