{"Problem": "How to merge shapes in Word", "Solution Steps": ["Insert the shapes you want to merge by going to the **Insert** tab and selecting **Shapes**.", "Select the first shape, then hold down the **Ctrl** key and select the other shapes you want to merge.", "Go to the **Format** tab under **Drawing Tools**.", "In the **Insert Shapes** group, click **Merge Shapes**.", "Choose the desired merge option from the dropdown menu (e.g., **Union**, **Combine**, **Fragment**, **Intersect**, or **Subtract**)."], "new_problem": "Merge shapes in the Word document by inserting shapes, selecting them, and using the Merge Shapes option.", "action_plans": [{"step": "Switch to the Insert tab to insert shapes", "controlLabel": "25", "controlText": "Insert", "function": "click_input", "args": {"button": "left", "double": false}}, {"step": "Insert the first shape", "controlLabel": "", "controlText": "", "function": "type_keys", "args": {"text": "{VK_CONTROL down}{VK_SHIFT down}{S down}{S up}{VK_SHIFT up}{VK_CONTROL up}", "newline": false}}, {"step": "Insert the second shape", "controlLabel": "", "controlText": "", "function": "type_keys", "args": {"text": "{VK_CONTROL down}{VK_SHIFT down}{S down}{S up}{VK_SHIFT up}{VK_CONTROL up}", "newline": false}}, {"step": "Select the first shape", "controlLabel": "", "controlText": "", "function": "click_input", "args": {"button": "left", "double": false}}, {"step": "Hold down Ctrl and select the second shape", "controlLabel": "", "controlText": "", "function": "type_keys", "args": {"text": "{VK_CONTROL down}{VK_SHIFT down}{S down}{S up}{VK_SHIFT up}{VK_CONTROL up}", "newline": false}}, {"step": "Switch to the Format tab under Drawing Tools", "controlLabel": "26", "controlText": "Draw", "function": "click_input", "args": {"button": "left", "double": false}}, {"step": "Click the Merge Shapes button", "controlLabel": "", "controlText": "Merge Shapes", "function": "click_input", "args": {"button": "left", "double": false}}, {"step": "Choose the desired merge option", "controlLabel": "", "controlText": "", "function": "type_keys", "args": {"text": "{DOWN}{ENTER}", "newline": false}}], "action_prefill_file_path": "D:\\agents\\AgentLearner\\cache\\action_prefill\\70898.docx"}