{"Problem": "How to change the layout of a Word document to a single page?", "Solution Steps": ["Open the Word document you want to change.", "Click the **View** tab on the ribbon.", "In the **Zoom** group, click **One Page**."], "new_problem": "Change the layout of the Word document to a single page.", "action_plans": [{"step": "Click the 'View' tab on the ribbon", "controlLabel": "24", "controlText": "View", "function": "click_input", "args": {"button": "left", "double": false}}, {"step": "Click the 'One Page' button in the Zoom group", "controlLabel": "424", "controlText": "One Page", "function": "click_input", "args": {"button": "left", "double": false}}], "action_prefill_file_path": "D:\\agents\\AgentLearner\\cache\\action_prefill\\70904.docx"}