{"Problem": "How to add page numbers in a Word document with portrait and landscape orientations", "Solution Steps": ["Open your Word document and ensure it has both portrait and landscape pages.", "Place your cursor at the beginning of the page where you want to start the landscape orientation.", "Go to the **Layout** tab, click on **Breaks**, and choose **Next Page** under Section Breaks to create a new section.", "Double-click the header or footer area (where you want the page numbers) in the section where you want to start numbering.", "On the **Header & Footer Tools Design** tab, click **Page Number**, choose a location and style.", "If the page numbering is not continuous, click **Link to Previous** in the **Header & Footer Tools Design** tab to turn off the link between the sections.", "Repeat steps 3 to 6 for each section that has a different orientation or where you want to change the page numbering style.", "To adjust the position of the page numbers for the landscape pages, you might need to go to the **Header & Footer Tools Design** tab, click on **Page Number**, then **Format Page Numbers**, and choose the alignment as needed."], "new_problem": "Add page numbers in a Word document with both portrait and landscape orientations.", "action_plans": [{"step": "Switch to the Layout tab", "controlLabel": "28", "controlText": "Layout", "function": "click_input", "args": {"button": "left", "double": false}}, {"step": "Insert a section break for landscape orientation", "controlLabel": "", "controlText": "Breaks", "function": "click_input", "args": {"button": "left", "double": false}}, {"step": "Choose Next Page under Section Breaks", "controlLabel": "", "controlText": "Next Page", "function": "click_input", "args": {"button": "left", "double": false}}, {"step": "Double-click the header or footer area", "controlLabel": "", "controlText": "", "function": "click_input", "args": {"button": "left", "double": true}}, {"step": "Switch to the Insert tab", "controlLabel": "25", "controlText": "Insert", "function": "click_input", "args": {"button": "left", "double": false}}, {"step": "Click on Page Number", "controlLabel": "", "controlText": "Page Number", "function": "click_input", "args": {"button": "left", "double": false}}, {"step": "Choose a location and style for the page number", "controlLabel": "", "controlText": "Bottom of Page", "function": "click_input", "args": {"button": "left", "double": false}}, {"step": "Ensure continuous page numbering by turning off Link to Previous", "controlLabel": "", "controlText": "Link to Previous", "function": "click_input", "args": {"button": "left", "double": false}}, {"step": "Repeat steps for each section with different orientation", "controlLabel": "", "controlText": "", "function": "", "args": {}}], "action_prefill_file_path": "D:\\agents\\AgentLearner\\cache\\action_prefill\\70909.docx"}