{"Problem": "How to change all uppercase letters to lowercase in a Word document?", "Solution Steps": ["Select the text that you want to change from uppercase to lowercase.", "On the **Home** tab, in the **Font** group, click the **Change Case** button (represented by 'Aa').", "From the dropdown menu, select **lowercase**."], "new_problem": "Change all uppercase letters to lowercase in the Word document.", "action_plans": [{"step": "select the text to change case", "controlLabel": "", "controlText": "", "function": "select_text", "args": {"text": "text to edit"}}, {"step": "navigate to the Home tab", "controlLabel": "11", "controlText": "Home", "function": "click_input", "args": {"button": "left", "double": false}}, {"step": "click the Change Case button", "controlLabel": "150", "controlText": "Change Case", "function": "click_input", "args": {"button": "left", "double": false}}, {"step": "select lowercase from the dropdown", "controlLabel": "", "controlText": "lowercase", "function": "click_input", "args": {"button": "left", "double": false}}], "action_prefill_file_path": "D:\\agents\\AgentLearner\\cache\\action_prefill\\70922.docx"}