{"Problem": "How to copy all content in Word", "Solution Steps": ["Open the Word document that you want to copy content from.", "Press **Ctrl + A** on your keyboard to select all the content in the document.", "Press **Ctrl + C** on your keyboard to copy the selected content."], "new_problem": "Copy all content in the Word document.", "action_plans": [{"step": "Select all content in the document", "controlLabel": "103", "controlText": "Page 1 content", "function": "type_keys", "args": {"control_id": "103", "text": "{VK_CONTROL down}a{VK_CONTROL up}", "newline": false}}, {"step": "Copy the selected content", "controlLabel": "103", "controlText": "Page 1 content", "function": "type_keys", "args": {"control_id": "103", "text": "{VK_CONTROL down}c{VK_CONTROL up}", "newline": false}}], "action_prefill_file_path": "D:\\agents\\AgentLearner\\cache\\action_prefill\\70937.docx"}