{"Problem": "How to create address labels in Word with an existing list", "Solution Steps": ["Open Word and go to the **Mailings** tab.", "Click **Start Mail Merge** and select **Labels**.", "In the **Label Options** dialog box, choose your label supplier and product number, then click **OK**.", "Click **Select Recipients** and choose **Use an Existing List**.", "In the **Select Data Source** dialog box, locate and select your existing list, then click **Open**.", "In the **Mail Merge Recipients** dialog box, make sure the correct recipients are selected, then click **OK**.", "Click **Address Block** in the **Write & Insert Fields** group to insert the address block.", "In the **Insert Address Block** dialog box, choose the address elements you want to include and click **OK**.", "Click **Update Labels** to apply the address block to all labels.", "Click **Finish & Merge** and select **Print Documents** to print your labels."], "new_problem": "Create address labels in Word using an existing list by following these steps: Open Word, go to the Mailings tab, start mail merge, select labels, choose label options, select recipients, insert address block, update labels, and finish & merge.", "action_plans": [{"step": "Open the Mailings tab", "controlLabel": "25", "controlText": "Insert", "function": "click_input", "args": {"button": "left", "double": false}}, {"step": "Start Mail Merge and select Labels", "controlLabel": "313", "controlText": "Write & Insert Fields", "function": "click_input", "args": {"button": "left", "double": false}}, {"step": "Choose label supplier and product number", "controlLabel": "336", "controlText": "Open", "function": "click_input", "args": {"button": "left", "double": false}}, {"step": "Select Recipients and choose Use an Existing List", "controlLabel": "379", "controlText": "Open", "function": "click_input", "args": {"button": "left", "double": false}}, {"step": "Locate and select your existing list", "controlLabel": "336", "controlText": "Open", "function": "click_input", "args": {"button": "left", "double": false}}, {"step": "Make sure the correct recipients are selected", "controlLabel": "313", "controlText": "Write & Insert Fields", "function": "click_input", "args": {"button": "left", "double": false}}, {"step": "Insert the address block", "controlLabel": "313", "controlText": "Write & Insert Fields", "function": "click_input", "args": {"button": "left", "double": false}}, {"step": "Choose the address elements to include", "controlLabel": "336", "controlText": "Open", "function": "click_input", "args": {"button": "left", "double": false}}, {"step": "Update labels to apply the address block to all labels", "controlLabel": "313", "controlText": "Write & Insert Fields", "function": "click_input", "args": {"button": "left", "double": false}}, {"step": "Finish & Merge and select Print Documents", "controlLabel": "336", "controlText": "Open", "function": "click_input", "args": {"button": "left", "double": false}}], "action_prefill_file_path": "D:\\agents\\AgentLearner\\cache\\action_prefill\\70933.docx"}