{"Problem": "How to change vertical alignment in Word", "Solution Steps": ["Go to the **Layout** tab.", "In the **Page Setup** group, click the **Page Setup** dialog box launcher (a small arrow in the bottom-right corner).", "In the **Page Setup** dialog box, select the **Layout** tab.", "Under **Vertical alignment**, choose the alignment option you want: **Top**, **Center**, **Justified**, or **Bottom**.", "Click **OK** to apply the changes."], "new_problem": "Change the vertical alignment in Word by navigating to the Layout tab, opening the Page Setup dialog, selecting the Layout tab within the dialog, choosing the desired vertical alignment, and applying the changes.", "action_plans": [{"step": "Go to the Layout tab", "controlLabel": "25", "controlText": "Insert", "function": "click_input", "args": {"button": "left", "double": false}}, {"step": "Open the Page Setup dialog", "controlLabel": "281", "controlText": "Margins", "function": "click_input", "args": {"button": "left", "double": false}}, {"step": "Select the Layout tab in the Page Setup dialog", "controlLabel": "305", "controlText": "Align", "function": "click_input", "args": {"button": "left", "double": false}}, {"step": "Choose the desired vertical alignment", "controlLabel": "56", "controlText": "Centered", "function": "click_input", "args": {"button": "left", "double": false}}, {"step": "Apply the changes", "controlLabel": "9", "controlText": "Save", "function": "click_input", "args": {"button": "left", "double": false}}], "action_prefill_file_path": "D:\\agents\\AgentLearner\\cache\\action_prefill\\7094.docx"}