{"Problem": "How to print gridlines in Word?", "Solution Steps": ["Open your Word document.", "Click the **Layout** tab.", "In the **Table** group, click **View Gridlines** to display the gridlines on your table.", "To print the gridlines, you need to add borders to your table. Select the table by clicking the **Table Select** handle at the top-left corner of the table.", "Click the **Design** tab under **Table Tools**.", "In the **Borders** group, click **Borders** and select **All Borders**.", "Go to the **File** tab and click **Print**.", "Click **Print** to print your document with the gridlines."], "new_problem": "Print gridlines in Word by displaying gridlines and adding borders to the table.", "action_plans": ["{\"step\":\"select the table\",\"controlLabel\":\"\",\"controlText\":\"\",\"function\":\"select_table\",\"args\":{\"number\":1}}", "{\"step\":\"click the Layout tab\",\"controlLabel\":\"25\",\"controlText\":\"Layout\",\"function\":\"click_input\",\"args\":{\"button\":\"left\",\"double\":false}}", "{\"step\":\"click View Gridlines\",\"controlLabel\":\"419\",\"controlText\":\"Gridlines\",\"function\":\"click_input\",\"args\":{\"button\":\"left\",\"double\":false}}", "{\"step\":\"click the Design tab\",\"controlLabel\":\"25\",\"controlText\":\"Design\",\"function\":\"click_input\",\"args\":{\"button\":\"left\",\"double\":false}}", "{\"step\":\"click Borders and select All Borders\",\"controlLabel\":\"76\",\"controlText\":\"Page Borders...\",\"function\":\"click_input\",\"args\":{\"button\":\"left\",\"double\":false}}", "{\"step\":\"go to File tab and click Print\",\"controlLabel\":\"\",\"controlText\":\"File\",\"function\":\"click_input\",\"args\":{\"button\":\"left\",\"double\":false}}", "{\"step\":\"click Print to print the document\",\"controlLabel\":\"\",\"controlText\":\"Print\",\"function\":\"click_input\",\"args\":{\"button\":\"left\",\"double\":false}}"], "action_prefill_file_path": "D:\\agents\\AgentLearner\\cache\\action_prefill\\70944.docx"}