{"Problem": "How to create a two-sided card template in Word?", "Solution Steps": ["Open Microsoft Word.", "Click **File** and select **New**.", "In the search bar, type 'card' and press Enter.", "Browse through the available card templates and select one that you like.", "Click **Create** to open the template.", "To create a two-sided card, ensure the template has two pages or sections. If not, you can manually add a second page by clicking **Insert** and selecting **Blank Page**.", "Design the front side of the card on the first page.", "Scroll down to the second page and design the back side of the card.", "Once you have finished designing both sides, click **File** and select **Print**.", "In the print settings, select **Print on Both Sides** or **Duplex Printing** if your printer supports it.", "Click **Print** to print your two-sided card."], "new_problem": "Create a two-sided card template in Word by opening a new document, selecting a card template, ensuring it has two pages, designing both sides, and setting up duplex printing.", "action_plans": [{"step": "Open the File tab", "controlLabel": "22", "controlText": "File Tab", "function": "click_input", "args": {"button": "left", "double": false}}, {"step": "Click New to open a new document", "controlLabel": "10", "controlText": "New Blank Document", "function": "click_input", "args": {"button": "left", "double": false}}, {"step": "Search for card templates", "controlLabel": "14", "controlText": "Search", "function": "set_edit_text", "args": {"control_id": "", "text": "card", "newline": true}}, {"step": "Select a card template", "controlLabel": "", "controlText": "Card Template", "function": "click_input", "args": {"button": "left", "double": false}}, {"step": "Create the selected card template", "controlLabel": "", "controlText": "Create", "function": "click_input", "args": {"button": "left", "double": false}}, {"step": "Insert a blank page if the template does not have two pages", "controlLabel": "25", "controlText": "Insert", "function": "click_input", "args": {"button": "left", "double": false}}, {"step": "Add a blank page", "controlLabel": "233", "controlText": "Blank Page", "function": "click_input", "args": {"button": "left", "double": false}}, {"step": "Design the front side of the card on the first page", "controlLabel": "", "controlText": "", "function": "", "args": {}}, {"step": "Scroll down to the second page", "controlLabel": "", "controlText": "", "function": "wheel_mouse_input", "args": {"control_id": "", "wheel_dist": -20}}, {"step": "Design the back side of the card on the second page", "controlLabel": "", "controlText": "", "function": "", "args": {}}, {"step": "Open the File tab to print", "controlLabel": "22", "controlText": "File Tab", "function": "click_input", "args": {"button": "left", "double": false}}, {"step": "Select Print", "controlLabel": "", "controlText": "Print", "function": "click_input", "args": {"button": "left", "double": false}}, {"step": "Set print settings to Print on Both Sides", "controlLabel": "", "controlText": "Print on Both Sides", "function": "click_input", "args": {"button": "left", "double": false}}, {"step": "Print the two-sided card", "controlLabel": "", "controlText": "Print", "function": "click_input", "args": {"button": "left", "double": false}}], "action_prefill_file_path": "D:\\agents\\AgentLearner\\cache\\action_prefill\\70946.docx"}