{"Problem": "How to open the document panel in Word 2013", "Solution Steps": ["Open the document you want to work on in Word 2013.", "Click the **File** tab in the upper-left corner.", "Select **Info** from the menu on the left.", "Click **Show All Properties** to open the document panel."], "new_problem": "Open the document panel in Word 2013 by clicking the 'File' tab, selecting 'Info', and then clicking 'Show All Properties'.", "action_plans": [{"step": "Click the 'File' tab", "controlLabel": "22", "controlText": "File Tab", "function": "click_input", "args": {"button": "left", "double": false}}, {"step": "Select 'Info' from the menu", "controlLabel": "", "controlText": "Info", "function": "click_input", "args": {"button": "left", "double": false}}, {"step": "Click 'Show All Properties' to open the document panel", "controlLabel": "", "controlText": "Show All Properties", "function": "click_input", "args": {"button": "left", "double": false}}], "action_prefill_file_path": "D:\\agents\\AgentLearner\\cache\\action_prefill\\70959.docx"}