{"Problem": "How to find and use a free retainer agreement template in Word?", "Solution Steps": ["Open Microsoft Word.", "Click on **File** in the top left corner.", "Select **New** from the menu.", "In the search bar at the top of the **New** window, type 'retainer agreement' and press Enter.", "Browse through the available templates and click on the one you wish to use.", "Click **Create** to open the template as a new document.", "Customize the template with your specific information."], "new_problem": "Find and use a free retainer agreement template in Word.", "action_plans": [{"step": "Open the File menu", "controlLabel": "22", "controlText": "File Tab", "function": "click_input", "args": {"button": "left", "double": false}}, {"step": "Select New from the File menu", "controlLabel": "10", "controlText": "New Blank Document", "function": "click_input", "args": {"button": "left", "double": false}}, {"step": "Search for 'retainer agreement' templates", "controlLabel": "14", "controlText": "Search", "function": "set_edit_text", "args": {"text": "retainer agreement"}}, {"step": "Press Enter to search", "controlLabel": "14", "controlText": "Search", "function": "type_keys", "args": {"text": "{ENTER}"}}, {"step": "Select the desired retainer agreement template", "controlLabel": "47", "controlText": "Document", "function": "click_input", "args": {"button": "left", "double": false}}, {"step": "Create a new document from the template", "controlLabel": "10", "controlText": "New Blank Document", "function": "click_input", "args": {"button": "left", "double": false}}, {"step": "Customize the template with specific information", "controlLabel": "", "controlText": "", "function": "set_edit_text", "args": {"text": "Enter your specific information here"}}], "action_prefill_file_path": "D:\\agents\\AgentLearner\\cache\\action_prefill\\70955.docx"}