{"Problem": "Cara mengganti kata dengan cepat pada dokumen Word", "Solution Steps": ["Buka dokumen Word yang ingin Anda edit.", "Pada tab **Home**, klik **Replace** di grup **Editing**.", "Di kotak dialog yang muncul, masukkan kata yang ingin diganti di kotak **Find what**.", "Masukkan kata pengganti di kotak **Replace with**.", "Klik **Replace** untuk mengganti satu per satu atau klik **Replace All** untuk mengganti semua kemunculan kata tersebut."], "new_problem": "Replace the word 'text to edit' with 'new text' in the Word document.", "action_plans": [{"step": "Navigate to the Home tab", "controlLabel": "24", "controlText": "Home", "function": "click_input", "args": {"button": "left", "double": false}}, {"step": "Click the Replace button", "controlLabel": "217", "controlText": "Replace...", "function": "click_input", "args": {"button": "left", "double": false}}, {"step": "Enter the word to be replaced", "controlLabel": "103", "controlText": "Page 1 content", "function": "set_edit_text", "args": {"control_id": "103", "text": "text to edit"}}, {"step": "Enter the new word", "controlLabel": "103", "controlText": "Page 1 content", "function": "set_edit_text", "args": {"control_id": "103", "text": "new text"}}, {"step": "Execute the replace action", "controlLabel": "217", "controlText": "Replace...", "function": "click_input", "args": {"button": "left", "double": false}}], "action_prefill_file_path": "D:\\agents\\AgentLearner\\cache\\action_prefill\\70957.docx"}