{"Problem": "How to use the Picture Layout function in MS Word", "Solution Steps": ["Insert a picture into your Word document by clicking **Insert** tab and then **Pictures**.", "Select the picture you want to insert and click **Insert**.", "Click on the picture to select it.", "Go to the **Picture Tools Format** tab that appears when the picture is selected.", "In the **Picture Styles** group, click **Picture Layout**.", "Choose a layout from the gallery that appears."], "new_problem": "Use the Picture Layout function in MS Word by inserting a picture, selecting it, navigating to the Picture Tools Format tab, and choosing a layout.", "action_plans": [{"step": "Click the Insert tab", "controlLabel": "25", "controlText": "Insert", "function": "click_input", "args": {"button": "left", "double": false}}, {"step": "Click the Pictures button", "controlLabel": "238", "controlText": "Pictures", "function": "click_input", "args": {"button": "left", "double": false}}, {"step": "Select the picture to insert", "controlLabel": "", "controlText": "", "function": "type_keys", "args": {"text": "C:\\path\\to\\your\\picture.jpg{ENTER}", "newline": false}}, {"step": "Click on the inserted picture to select it", "controlLabel": "", "controlText": "", "function": "click_input", "args": {"button": "left", "double": false}}, {"step": "Go to the Picture Tools Format tab", "controlLabel": "", "controlText": "Picture Tools Format", "function": "click_input", "args": {"button": "left", "double": false}}, {"step": "Click the Picture Layout button", "controlLabel": "", "controlText": "Picture Layout", "function": "click_input", "args": {"button": "left", "double": false}}, {"step": "Choose a layout from the gallery", "controlLabel": "", "controlText": "", "function": "click_input", "args": {"button": "left", "double": false}}], "action_prefill_file_path": "D:\\agents\\AgentLearner\\cache\\action_prefill\\70956.docx"}