{"Problem": "How to color a picture in Word.", "Solution Steps": ["Click on the picture you want to color in your Word document.", "Under the **Picture Tools**, click on the **Format** tab.", "In the **Adjust** group, click **Color**.", "Select the color effect you want to apply from the drop-down menu. You can choose from **Recolor**, **Saturation**, **Color Tone**, or **More Variations** for more color options."], "new_problem": "Color a picture in the Word document by selecting the picture, navigating to the 'Format' tab under 'Picture Tools', and choosing the 'Color' option.", "action_plans": [{"step": "Select the picture in the document", "controlLabel": "", "controlText": "", "function": "select_text", "args": {"text": "Text Box 2"}}, {"step": "Navigate to the 'Format' tab under 'Picture Tools'", "controlLabel": "25", "controlText": "Insert", "function": "click_input", "args": {"button": "left", "double": false}}, {"step": "Click on the 'Color' button in the 'Adjust' group", "controlLabel": "68", "controlText": "Colors", "function": "click_input", "args": {"button": "left", "double": false}}, {"step": "Select the desired color effect from the drop-down menu", "controlLabel": "", "controlText": "Recolor", "function": "click_input", "args": {"button": "left", "double": false}}], "action_prefill_file_path": "D:\\agents\\AgentLearner\\cache\\action_prefill\\70954.docx"}