{"Problem": "How to connect Mendeley to Word for references", "Solution Steps": ["Open Mendeley Desktop.", "Go to the **Tools** menu.", "Select **Install MS Word Plugin**.", "Open Microsoft Word.", "Go to the **References** tab.", "Look for the **Mendeley Cite-O-Matic** section to ensure the plugin is installed.", "To insert a citation, click **Insert Citation** in the **Mendeley Cite-O-Matic** section.", "Search for the reference you want to cite and click **OK**."], "new_problem": "Connect Mendeley to Word for references by installing the Mendeley plugin and ensuring it is available in the 'References' tab.", "action_plans": [{"step": "Open Mendeley Desktop", "controlLabel": "", "controlText": "", "function": "", "args": {}}, {"step": "Go to the Tools menu in Mendeley", "controlLabel": "", "controlText": "", "function": "", "args": {}}, {"step": "Select Install MS Word Plugin in Mendeley", "controlLabel": "", "controlText": "", "function": "", "args": {}}, {"step": "Open Microsoft Word", "controlLabel": "", "controlText": "", "function": "", "args": {}}, {"step": "Go to the References tab in Word", "controlLabel": "29", "controlText": "References", "function": "click_input", "args": {"button": "left", "double": false}}, {"step": "Ensure the Mendeley Cite-O-Matic section is available", "controlLabel": "", "controlText": "", "function": "", "args": {}}, {"step": "Insert a citation using Mendeley Cite-O-Matic", "controlLabel": "", "controlText": "", "function": "", "args": {}}, {"step": "Search for the reference to cite and click OK", "controlLabel": "", "controlText": "", "function": "", "args": {}}], "action_prefill_file_path": "D:\\agents\\AgentLearner\\cache\\action_prefill\\7096.docx"}