{"Problem": "How to create a customizable flow chart in Word", "Solution Steps": ["Open a new or existing document in Microsoft Word.", "Click on the **Insert** tab.", "In the **Illustrations** group, click **SmartArt**.", "In the **Choose a SmartArt Graphic** dialog box, click the **Process** category.", "Select the flow chart design that best suits your needs and click **OK**.", "To add text to a shape, click the shape and start typing.", "To customize the shape, right-click the shape and select **Format Shape**.", "To add more shapes to your flow chart, select the shape closest to where you want to add a new shape, then use the **Design** tab under **SmartArt Tools** to add shapes.", "To change the color or style of the flow chart, use the options under the **Design** and **Format** tabs under **SmartArt Tools**."], "new_problem": "Create a customizable flow chart in Word by inserting a SmartArt graphic from the 'Process' category and customizing it.", "action_plans": [{"step": "Switch to the Insert tab", "controlLabel": "25", "controlText": "Insert", "function": "click_input", "args": {"button": "left", "double": false}}, {"step": "Open the SmartArt dialog", "controlLabel": "", "controlText": "SmartArt", "function": "click_input", "args": {"button": "left", "double": false}}, {"step": "Select the Process category", "controlLabel": "", "controlText": "Process", "function": "click_input", "args": {"button": "left", "double": false}}, {"step": "Choose a flow chart design", "controlLabel": "", "controlText": "Flow Chart Design", "function": "click_input", "args": {"button": "left", "double": false}}, {"step": "Confirm the selection", "controlLabel": "", "controlText": "OK", "function": "click_input", "args": {"button": "left", "double": false}}, {"step": "Add text to a shape", "controlLabel": "", "controlText": "Shape", "function": "click_input", "args": {"button": "left", "double": false}}, {"step": "Type text into the shape", "controlLabel": "", "controlText": "Shape", "function": "set_edit_text", "args": {"text": "Your Text Here"}}, {"step": "Customize the shape", "controlLabel": "", "controlText": "Shape", "function": "click_input", "args": {"button": "right", "double": false}}, {"step": "Open Format Shape options", "controlLabel": "", "controlText": "Format Shape", "function": "click_input", "args": {"button": "left", "double": false}}, {"step": "Add more shapes", "controlLabel": "", "controlText": "Add Shape", "function": "click_input", "args": {"button": "left", "double": false}}, {"step": "Change the color or style", "controlLabel": "", "controlText": "Design", "function": "click_input", "args": {"button": "left", "double": false}}], "action_prefill_file_path": "D:\\agents\\AgentLearner\\cache\\action_prefill\\70962.docx"}