{"Problem": "How to insert the Ghana Cedi symbol", "Solution Steps": ["Place the cursor where you want to insert the Ghana Cedi symbol.", "Go to the **Insert** tab.", "In the **Symbols** group, click **Symbol**.", "Select **More Symbols** from the dropdown menu.", "In the **Symbol** dialog box, set the **Font** to a font that supports the Ghana Cedi symbol, such as Arial or Times New Roman.", "Scroll through the list of symbols until you find the Ghana Cedi symbol (\u20b5).", "Click the Ghana Cedi symbol to select it.", "Click **Insert**.", "Click **Close** to close the **Symbol** dialog box."], "new_problem": "Insert the Ghana Cedi symbol (\u20b5) at the current cursor position in the document.", "action_plans": [{"step": "Go to the Insert tab", "controlLabel": "25", "controlText": "Insert", "function": "click_input", "args": {"button": "left", "double": false}}, {"step": "Open the Symbol dropdown", "controlLabel": "", "controlText": "Symbol", "function": "click_input", "args": {"button": "left", "double": false}}, {"step": "Select More Symbols", "controlLabel": "", "controlText": "More Symbols", "function": "click_input", "args": {"button": "left", "double": false}}, {"step": "Select the Ghana Cedi symbol", "controlLabel": "", "controlText": "", "function": "select_text", "args": {"text": "\u20b5"}}, {"step": "Insert the Ghana Cedi symbol", "controlLabel": "", "controlText": "Insert", "function": "click_input", "args": {"button": "left", "double": false}}, {"step": "Close the Symbol dialog", "controlLabel": "", "controlText": "Close", "function": "click_input", "args": {"button": "left", "double": false}}], "action_prefill_file_path": "D:\\agents\\AgentLearner\\cache\\action_prefill\\70977.docx"}