{"Problem": "Create an abbreviation list in Word.", "Solution Steps": ["Open your Word document.", "Place the cursor where you want to insert the abbreviation list.", "Go to the **References** tab.", "Click on **Insert Table of Authorities** in the **Table of Authorities** group.", "In the **Category** box, select **All**.", "In the **Formats** box, choose the format you prefer for your abbreviation list.", "Click **OK** to insert the abbreviation list."], "new_problem": "Create an abbreviation list in the Word document by inserting a Table of Authorities.", "action_plans": [{"step": "Place the cursor where you want to insert the abbreviation list", "controlLabel": "", "controlText": "", "function": "click_input", "args": {"control_id": "", "control_name": "Document", "button": "left", "double": false}}, {"step": "Go to the References tab", "controlLabel": "25", "controlText": "Insert", "function": "click_input", "args": {"button": "left", "double": false}}, {"step": "Click on Insert Table of Authorities", "controlLabel": "313", "controlText": "Write & Insert Fields", "function": "click_input", "args": {"button": "left", "double": false}}, {"step": "Select All in the Category box", "controlLabel": "", "controlText": "", "function": "type_keys", "args": {"control_id": "", "control_name": "Category", "text": "All", "newline": false}}, {"step": "Choose the format for the abbreviation list", "controlLabel": "", "controlText": "", "function": "type_keys", "args": {"control_id": "", "control_name": "Formats", "text": "Classic", "newline": false}}, {"step": "Click OK to insert the abbreviation list", "controlLabel": "", "controlText": "", "function": "type_keys", "args": {"control_id": "", "control_name": "OK", "text": "{ENTER}", "newline": false}}], "action_prefill_file_path": "D:\\agents\\AgentLearner\\cache\\action_prefill\\70973.docx"}