{"Problem": "C\u00e1ch group trong Word", "Solution Steps": ["Ch\u1ecdn c\u00e1c \u0111\u1ed1i t\u01b0\u1ee3ng m\u00e0 b\u1ea1n mu\u1ed1n nh\u00f3m l\u1ea1i. B\u1ea1n c\u00f3 th\u1ec3 ch\u1ecdn c\u00e1c h\u00ecnh d\u1ea1ng, h\u00ecnh \u1ea3nh, ho\u1eb7c c\u00e1c \u0111\u1ed1i t\u01b0\u1ee3ng kh\u00e1c.", "Nh\u1ea5p chu\u1ed9t ph\u1ea3i v\u00e0o m\u1ed9t trong c\u00e1c \u0111\u1ed1i t\u01b0\u1ee3ng \u0111\u00e3 ch\u1ecdn.", "Trong menu ng\u1eef c\u1ea3nh, ch\u1ecdn **Group**.", "Ch\u1ecdn **Group** m\u1ed9t l\u1ea7n n\u1eefa t\u1eeb menu con xu\u1ea5t hi\u1ec7n."], "new_problem": "Group text elements in the Word document.", "action_plans": [{"step": "select the text 'text to edit'", "controlLabel": "", "controlText": "", "function": "select_text", "args": {"text": "text to edit"}}, {"step": "right-click on the selected text to open context menu", "controlLabel": "", "controlText": "", "function": "click_input", "args": {"button": "right", "double": false}}, {"step": "select 'Group' from the context menu", "controlLabel": "", "controlText": "Group", "function": "click_input", "args": {"button": "left", "double": false}}, {"step": "confirm 'Group' from the submenu", "controlLabel": "", "controlText": "Group", "function": "click_input", "args": {"button": "left", "double": false}}], "action_prefill_file_path": "D:\\agents\\AgentLearner\\cache\\action_prefill\\70985.docx"}