{"Problem": "How to change the view in Word", "Solution Steps": ["Open your Word document.", "Click the **View** tab on the Ribbon.", "In the **Views** group, select the desired view option: **Read Mode**, **Print Layout**, or **Web Layout**."], "new_problem": "Change the view in Word by selecting the 'View' tab and choosing a desired view option.", "action_plans": [{"step": "Click the 'View' tab on the Ribbon", "controlLabel": "32", "controlText": "View", "function": "click_input", "args": {"button": "left", "double": false}}, {"step": "Select the desired view option", "controlLabel": "", "controlText": "", "function": "click_input", "args": {"control_name": "Read Mode", "button": "left", "double": false}}], "action_prefill_file_path": "D:\\agents\\AgentLearner\\cache\\action_prefill\\710.docx"}