{"Problem": "How to perform a 5 Whys root cause analysis using a Word template?", "Solution Steps": ["Open Microsoft Word on your computer.", "Click on **File** in the top-left corner.", "Select **New** to create a new document.", "In the search bar, type '5 Whys root cause analysis' and press Enter.", "Choose a template from the search results that suits your needs and click **Create** to open it.", "Fill in the template with your specific information for each 'Why' to perform your analysis."], "new_problem": "Perform a 5 Whys root cause analysis using a Word template by opening a new document, searching for the template, and filling it in.", "action_plans": [{"step": "Open the File menu", "controlLabel": "24", "controlText": "File", "function": "click_input", "args": {"button": "left", "double": false}}, {"step": "Select New to create a new document", "controlLabel": "9", "controlText": "New", "function": "click_input", "args": {"button": "left", "double": false}}, {"step": "Search for '5 Whys root cause analysis' template", "controlLabel": "36", "controlText": "Search", "function": "set_edit_text", "args": {"control_id": "36", "text": "5 Whys root cause analysis"}}, {"step": "Press Enter to search", "controlLabel": "36", "controlText": "Search", "function": "type_keys", "args": {"control_id": "36", "text": "{ENTER}", "newline": false}}, {"step": "Choose a suitable template from the search results", "controlLabel": "37", "controlText": "Template", "function": "click_input", "args": {"button": "left", "double": false}}, {"step": "Create the document using the selected template", "controlLabel": "9", "controlText": "Create", "function": "click_input", "args": {"button": "left", "double": false}}, {"step": "Fill in the template with specific information for each 'Why'", "controlLabel": "89", "controlText": "Edit", "function": "set_edit_text", "args": {"control_id": "89", "text": "Why 1: \nWhy 2: \nWhy 3: \nWhy 4: \nWhy 5: "}}], "action_prefill_file_path": "D:\\agents\\AgentLearner\\cache\\action_prefill\\71006.docx"}