{"Problem": "How to insert a symbol in Microsoft Word?", "Solution Steps": ["Place the cursor where you want to insert the symbol.", "Go to the **Insert** tab.", "In the **Symbols** group, click **Symbol**.", "Select **More Symbols** from the dropdown menu.", "In the **Symbol** dialog box, choose the symbol you want to insert.", "Click **Insert**.", "Click **Close** to close the dialog box."], "new_problem": "Insert a symbol in Microsoft Word.", "action_plans": [{"step": "Switch to the Insert tab", "controlLabel": "25", "controlText": "Insert", "function": "click_input", "args": {"button": "left", "double": false}}, {"step": "Click the Symbol button", "controlLabel": "276", "controlText": "Symbol", "function": "click_input", "args": {"button": "left", "double": false}}, {"step": "Select More Symbols", "controlLabel": "276", "controlText": "Symbol", "function": "click_input", "args": {"button": "left", "double": false}}, {"step": "Choose the desired symbol", "controlLabel": "", "controlText": "", "function": "type_keys", "args": {"text": "{DOWN}{ENTER}"}}, {"step": "Insert the chosen symbol", "controlLabel": "", "controlText": "", "function": "type_keys", "args": {"text": "{ENTER}"}}, {"step": "Close the Symbol dialog box", "controlLabel": "", "controlText": "", "function": "type_keys", "args": {"text": "{ESC}"}}], "action_prefill_file_path": "D:\\agents\\AgentLearner\\cache\\action_prefill\\71008.docx"}