{"Problem": "How to write a 100-word note on Assam in Microsoft Word.", "Solution Steps": ["Open Microsoft Word.", "Click on **Blank document** to create a new document.", "Click on the **Home** tab to ensure you are in the main editing view.", "Click on the document area to place the cursor where you want to start typing.", "Type your 100-word note on Assam.", "To check the word count, click on the **Review** tab.", "In the **Proofing** group, click **Word Count** to see the total number of words.", "Make sure your note is exactly 100 words. Edit if necessary."], "new_problem": "Write a 100-word note on Assam in Microsoft Word.", "action_plans": [{"step": "Open a new blank document", "controlLabel": "10", "controlText": "New Blank Document", "function": "click_input", "args": {"button": "left", "double": false}}, {"step": "Ensure the Home tab is selected", "controlLabel": "24", "controlText": "Home", "function": "click_input", "args": {"button": "left", "double": false}}, {"step": "Click on the document area to place the cursor", "controlLabel": "", "controlText": "", "function": "click_input", "args": {"button": "left", "double": false}}, {"step": "Type the 100-word note on Assam", "controlLabel": "", "controlText": "", "function": "set_edit_text", "args": {"control_id": "", "text": "Assam is a state in northeastern India, known for its rich culture, diverse wildlife, and tea plantations. The Brahmaputra River flows through Assam, providing fertile land for agriculture. The state is home to Kaziranga National Park, a UNESCO World Heritage site, famous for its population of one-horned rhinoceroses. Assam's festivals, such as Bihu, reflect its vibrant traditions. The state's economy is primarily based on agriculture, tea, and oil. Assam's scenic beauty, with its lush green landscapes and rolling hills, attracts tourists from around the world. The state's cuisine, featuring dishes like Assam Laksa, is also popular."}}, {"step": "Switch to the Review tab to check the word count", "controlLabel": "31", "controlText": "Review", "function": "click_input", "args": {"button": "left", "double": false}}, {"step": "Click on the Word Count button to see the total number of words", "controlLabel": "357", "controlText": "Word Count", "function": "click_input", "args": {"button": "left", "double": false}}], "action_prefill_file_path": "D:\\agents\\AgentLearner\\cache\\action_prefill\\7100.docx"}