{"Problem": "How to add a tick to a Word form", "Solution Steps": ["Place the cursor where you want to insert the tick.", "Go to the **Insert** tab.", "In the **Symbols** group, click **Symbol**.", "Select **More Symbols**.", "In the **Symbol** dialog box, choose **Wingdings** from the **Font** dropdown menu.", "Scroll down and select the tick symbol (\u2713).", "Click **Insert**.", "Click **Close**."], "new_problem": "Add a tick symbol to the Word form.", "action_plans": [{"step": "Place the cursor where you want to insert the tick.", "controlLabel": "146", "controlText": "12", "function": "set_edit_text", "args": {"control_id": "146", "text": "", "newline": false}}, {"step": "Go to the Insert tab.", "controlLabel": "25", "controlText": "Insert", "function": "click_input", "args": {"button": "left", "double": false}}, {"step": "Click Symbol in the Symbols group.", "controlLabel": "128", "controlText": "Insert", "function": "click_input", "args": {"button": "left", "double": false}}, {"step": "Select More Symbols.", "controlLabel": "128", "controlText": "Insert", "function": "click_input", "args": {"button": "left", "double": false}}, {"step": "Choose Wingdings from the Font dropdown menu.", "controlLabel": "128", "controlText": "Insert", "function": "click_input", "args": {"button": "left", "double": false}}, {"step": "Scroll down and select the tick symbol.", "controlLabel": "128", "controlText": "Insert", "function": "click_input", "args": {"button": "left", "double": false}}, {"step": "Click Insert.", "controlLabel": "128", "controlText": "Insert", "function": "click_input", "args": {"button": "left", "double": false}}, {"step": "Click Close.", "controlLabel": "21", "controlText": "Close", "function": "click_input", "args": {"button": "left", "double": false}}], "action_prefill_file_path": "D:\\agents\\AgentLearner\\cache\\action_prefill\\71000.docx"}