{"Problem": "How to create a ceremony program template in Word?", "Solution Steps": ["Open Microsoft Word on your computer.", "Click on the **File** tab and select **New**.", "In the search bar, type 'ceremony program' and press **Enter**.", "Choose a template that suits your needs from the available options and click **Create** to open it.", "Customize the template by clicking on the text areas and replacing the placeholder text with your own content.", "To add new text boxes, go to the **Insert** tab and select **Text Box**. Then, draw the text box on the document.", "Format the text using the tools under the **Home** tab, such as **Font**, **Paragraph**, and **Styles**.", "To add images, go to the **Insert** tab and click on **Pictures** or **Online Pictures** to insert an image from your computer or the web.", "Once you have finished customizing the template, save the document by clicking on the **File** tab and selecting **Save As**. Choose a location on your computer, enter a file name, and click **Save**."], "new_problem": "Create a ceremony program template in Word by opening a new document, searching for a template, customizing it, and saving it.", "action_plans": [{"step": "Open the File tab", "controlLabel": "22", "controlText": "File Tab", "function": "click_input", "args": {"button": "left", "double": false}}, {"step": "Select New option", "controlLabel": "10", "controlText": "New Blank Document", "function": "click_input", "args": {"button": "left", "double": false}}, {"step": "Search for ceremony program template", "controlLabel": "14", "controlText": "Search", "function": "set_edit_text", "args": {"control_id": "14", "text": "ceremony program", "newline": true}}, {"step": "Press Enter to search", "controlLabel": "14", "controlText": "Search", "function": "type_keys", "args": {"control_id": "14", "text": "{ENTER}", "newline": false}}, {"step": "Select a suitable template", "controlLabel": "47", "controlText": "Document", "function": "click_input", "args": {"button": "left", "double": false}}, {"step": "Create the selected template", "controlLabel": "10", "controlText": "New Blank Document", "function": "click_input", "args": {"button": "left", "double": false}}, {"step": "Customize the template by editing text", "controlLabel": "", "controlText": "", "function": "set_edit_text", "args": {"control_id": "", "text": "Your custom text here", "newline": true}}, {"step": "Insert a new text box", "controlLabel": "262", "controlText": "Text Box", "function": "click_input", "args": {"button": "left", "double": false}}, {"step": "Format the text", "controlLabel": "24", "controlText": "Home", "function": "click_input", "args": {"button": "left", "double": false}}, {"step": "Insert an image", "controlLabel": "238", "controlText": "Pictures", "function": "click_input", "args": {"button": "left", "double": false}}, {"step": "Save the document", "controlLabel": "9", "controlText": "Save", "function": "click_input", "args": {"button": "left", "double": false}}], "action_prefill_file_path": "D:\\agents\\AgentLearner\\cache\\action_prefill\\71010.docx"}