{"Problem": "Inserting a signature in Word", "Solution Steps": ["Place the cursor where you want to insert the signature.", "Click the **Insert** tab.", "In the **Text** group, click **Signature List**, and then click **Microsoft Office Signature Line**.", "In the **Signature Setup** dialog box, fill in the required information such as the signer's name, title, and email address.", "Click **OK**.", "A signature line will appear in the document. Double-click the signature line.", "In the **Sign** dialog box, type your name or upload an image of your signature.", "Click **Sign**."], "new_problem": "Insert a signature in the Word document by following the steps to place the cursor, navigate to the 'Insert' tab, select 'Signature Line', fill in the required information, and finalize the signature.", "action_plans": [{"step": "Place the cursor where you want to insert the signature", "controlLabel": "47", "controlText": "Document", "function": "click_input", "args": {"button": "left", "double": false}}, {"step": "Click the Insert tab", "controlLabel": "25", "controlText": "Insert", "function": "click_input", "args": {"button": "left", "double": false}}, {"step": "Click Signature List", "controlLabel": "", "controlText": "Signature List", "function": "click_input", "args": {"button": "left", "double": false}}, {"step": "Click Microsoft Office Signature Line", "controlLabel": "", "controlText": "Microsoft Office Signature Line", "function": "click_input", "args": {"button": "left", "double": false}}, {"step": "Fill in the required information in the Signature Setup dialog box", "controlLabel": "", "controlText": "Signature Setup", "function": "set_edit_text", "args": {"control_id": "", "text": "Signer's Name, Title, Email Address", "newline": true}}, {"step": "Click OK", "controlLabel": "", "controlText": "OK", "function": "click_input", "args": {"button": "left", "double": false}}, {"step": "Double-click the signature line", "controlLabel": "", "controlText": "Signature Line", "function": "click_input", "args": {"button": "left", "double": true}}, {"step": "Type your name or upload an image of your signature in the Sign dialog box", "controlLabel": "", "controlText": "Sign", "function": "set_edit_text", "args": {"control_id": "", "text": "Your Name or Image", "newline": true}}, {"step": "Click Sign", "controlLabel": "", "controlText": "Sign", "function": "click_input", "args": {"button": "left", "double": false}}], "action_prefill_file_path": "D:\\agents\\AgentLearner\\cache\\action_prefill\\7102.docx"}