{"Problem": "How to update table references in Microsoft Word", "Solution Steps": ["Click on the **References** tab in the Ribbon.", "In the **Captions** group, click **Update Table**.", "In the dialog box that appears, choose whether to update the entire table or just the page numbers.", "Click **OK** to apply the updates."], "new_problem": "Update table references in Microsoft Word by navigating to the 'References' tab, clicking 'Update Table', choosing the update options, and confirming the update.", "action_plans": [{"step": "Switch to the 'References' tab", "controlLabel": "29", "controlText": "References", "function": "click_input", "args": {"button": "left", "double": false}}, {"step": "Click the 'Update Table' button", "controlLabel": "320", "controlText": "Update Table...", "function": "click_input", "args": {"button": "left", "double": false}}, {"step": "Choose to update the entire table", "controlLabel": "", "controlText": "", "function": "type_keys", "args": {"text": "{TAB}{TAB}{SPACE}", "newline": false}}, {"step": "Confirm the update", "controlLabel": "", "controlText": "", "function": "type_keys", "args": {"text": "{ENTER}", "newline": false}}], "action_prefill_file_path": "D:\\agents\\AgentLearner\\cache\\action_prefill\\71035.docx"}