{"Problem": "How to find and download a free Word document template?", "Solution Steps": ["Open Microsoft Word.", "Click on **File** in the top-left corner.", "Select **New** from the menu.", "In the **Search for online templates** box, type a keyword related to the template you need (e.g., 'resume', 'invoice').", "Press **Enter**.", "Browse through the available templates and click on the one you want to use.", "Click **Create** to download and open the template."], "new_problem": "Find and download a free Word document template by searching for a specific keyword in the template search box.", "action_plans": [{"step": "Open Microsoft Word", "controlLabel": "", "controlText": "", "function": "", "args": {}}, {"step": "Click on 'File' in the top-left corner", "controlLabel": "108", "controlText": "System", "function": "click_input", "args": {"button": "left", "double": false}}, {"step": "Select 'New' from the menu", "controlLabel": "10", "controlText": "New Blank Document", "function": "click_input", "args": {"button": "left", "double": false}}, {"step": "In the 'Search for online templates' box, type a keyword related to the template you need", "controlLabel": "14", "controlText": "Search", "function": "set_edit_text", "args": {"text": "resume"}}, {"step": "Press 'Enter'", "controlLabel": "14", "controlText": "Search", "function": "type_keys", "args": {"text": "{ENTER}"}}, {"step": "Browse through the available templates and click on the one you want to use", "controlLabel": "101", "controlText": "Doc1", "function": "click_input", "args": {"button": "left", "double": false}}, {"step": "Click 'Create' to download and open the template", "controlLabel": "144", "controlText": "Open", "function": "click_input", "args": {"button": "left", "double": false}}], "action_prefill_file_path": "D:\\agents\\AgentLearner\\cache\\action_prefill\\71058.docx"}