{"Problem": "How to solve second-grade addition and subtraction word problems in Word?", "Solution Steps": ["Open Microsoft Word.", "Click on the **File** tab and select **New** to create a new document.", "Click on the **Insert** tab.", "In the **Text** group, click **Text Box** and choose **Simple Text Box**.", "Type the word problem into the text box.", "To solve the problem, you can use the **Equation** feature. Click on the **Insert** tab.", "In the **Symbols** group, click **Equation** and select **Insert New Equation**.", "Type the equation that represents the word problem and solve it.", "You can also use the **Shapes** feature to draw visual aids. Click on the **Insert** tab.", "In the **Illustrations** group, click **Shapes** and choose the shapes you need to represent the problem visually."], "new_problem": "Solve second-grade addition and subtraction word problems in Word by inserting a text box, typing the problem, using the equation feature to solve it, and optionally using shapes for visual aids.", "action_plans": [{"step": "Click on the Insert tab", "controlLabel": "25", "controlText": "Insert", "function": "click_input", "args": {"button": "left", "double": false}}, {"step": "Insert a text box", "controlLabel": "", "controlText": "Text Box", "function": "click_input", "args": {"button": "left", "double": false}}, {"step": "Type the word problem into the text box", "controlLabel": "146", "controlText": "12", "function": "set_edit_text", "args": {"control_id": "146", "text": "If you have 5 apples and you get 3 more, how many apples do you have in total?"}}, {"step": "Click on the Insert tab again", "controlLabel": "25", "controlText": "Insert", "function": "click_input", "args": {"button": "left", "double": false}}, {"step": "Insert a new equation", "controlLabel": "", "controlText": "Equation", "function": "click_input", "args": {"button": "left", "double": false}}, {"step": "Type the equation that represents the word problem and solve it", "controlLabel": "146", "controlText": "12", "function": "set_edit_text", "args": {"control_id": "146", "text": "5 + 3 = 8"}}, {"step": "Optionally, insert shapes for visual aids", "controlLabel": "", "controlText": "Shapes", "function": "click_input", "args": {"button": "left", "double": false}}], "action_prefill_file_path": "D:\\agents\\AgentLearner\\cache\\action_prefill\\71063.docx"}