{"Problem": "How to copy a Gantt project onto one page in MS Word", "Solution Steps": ["Open your Gantt project in the application where it was created and ensure it is fully visible on your screen.", "Press **Print Screen** on your keyboard to take a screenshot of the Gantt chart.", "Open MS Word and navigate to the document where you want to insert the Gantt chart.", "Press **Ctrl + V** to paste the screenshot of the Gantt chart into the Word document.", "Click on the pasted image to select it, then under the **Picture Format** tab, click **Crop** to adjust the image size and focus on the Gantt chart.", "Adjust the image size by dragging the corners to fit the Gantt chart onto one page, ensuring the **Layout Options** are set to **Square**, **Tight**, or another option that allows text wrapping for better placement.", "To ensure the Gantt chart fits on one page when printing, click on **File**, then **Print**. Under **Settings**, select **Scale to Fit Paper** if available or adjust the scale manually until the preview shows the Gantt chart fitting on one page."], "new_problem": "Copy a Gantt project onto one page in MS Word by taking a screenshot, pasting it into the document, and adjusting its size to fit on one page.", "action_plans": [{"step": "Open MS Word and navigate to the document where you want to insert the Gantt chart", "controlLabel": "", "controlText": "", "function": "", "args": {}}, {"step": "Press Ctrl + V to paste the screenshot of the Gantt chart into the Word document", "controlLabel": "103", "controlText": "Page 1 content", "function": "type_keys", "args": {"control_id": "103", "text": "^v", "newline": false}}, {"step": "Click on the pasted image to select it", "controlLabel": "103", "controlText": "Page 1 content", "function": "click_input", "args": {"control_id": "103", "button": "left", "double": false}}, {"step": "Under the Picture Format tab, click Crop to adjust the image size", "controlLabel": "25", "controlText": "Insert", "function": "click_input", "args": {"control_id": "25", "button": "left", "double": false}}, {"step": "Adjust the image size by dragging the corners to fit the Gantt chart onto one page", "controlLabel": "103", "controlText": "Page 1 content", "function": "click_input", "args": {"control_id": "103", "button": "left", "double": false}}, {"step": "Ensure the Layout Options are set to Square, Tight, or another option that allows text wrapping for better placement", "controlLabel": "103", "controlText": "Page 1 content", "function": "click_input", "args": {"control_id": "103", "button": "left", "double": false}}, {"step": "To ensure the Gantt chart fits on one page when printing, click on File, then Print. Under Settings, select Scale to Fit Paper if available or adjust the scale manually until the preview shows the Gantt chart fitting on one page", "controlLabel": "22", "controlText": "File Tab", "function": "click_input", "args": {"control_id": "22", "button": "left", "double": false}}], "action_prefill_file_path": "D:\\agents\\AgentLearner\\cache\\action_prefill\\71067.docx"}