{"Problem": "How to create a construction change order form in Word?", "Solution Steps": ["Open Microsoft Word on your computer.", "Click on **File** in the top left corner, then select **New** from the dropdown menu.", "In the search bar for templates, type 'Construction Change Order' and press Enter.", "Choose a template that suits your needs and click **Create** to open a new document with the selected template.", "Fill out the form with the necessary details such as project name, change order number, description of the change, and any additional information required.", "To customize the form, click on any text or area you wish to edit and make your changes.", "To add your company logo or any images, go to the **Insert** tab, click on **Pictures** or **Shapes** to insert graphical elements.", "Once you have completed customizing the form, save the document by clicking on **File**, then **Save As**, and choose the desired location and file format."], "new_problem": "Create a construction change order form in Word by opening a new document, searching for a template, selecting and creating the template, and customizing it.", "action_plans": [{"step": "Open the File menu", "controlLabel": "9", "controlText": "File", "function": "click_input", "args": {"button": "left", "double": false}}, {"step": "Select New from the dropdown menu", "controlLabel": "9", "controlText": "New", "function": "click_input", "args": {"button": "left", "double": false}}, {"step": "Search for 'Construction Change Order' template", "controlLabel": "334", "controlText": "Style", "function": "set_edit_text", "args": {"text": "Construction Change Order"}}, {"step": "Press Enter to search", "controlLabel": "334", "controlText": "Style", "function": "type_keys", "args": {"text": "{ENTER}"}}, {"step": "Select a suitable template", "controlLabel": "334", "controlText": "Style", "function": "click_input", "args": {"button": "left", "double": false}}, {"step": "Create a new document with the selected template", "controlLabel": "334", "controlText": "Style", "function": "click_input", "args": {"button": "left", "double": false}}, {"step": "Fill out the form with necessary details", "controlLabel": "", "controlText": "", "function": "set_edit_text", "args": {"text": "Project Name: \nChange Order Number: \nDescription of Change: \nAdditional Information: "}}, {"step": "Customize the form by editing text", "controlLabel": "", "controlText": "", "function": "set_edit_text", "args": {"text": "Custom Text"}}, {"step": "Insert company logo or images", "controlLabel": "25", "controlText": "Insert", "function": "click_input", "args": {"button": "left", "double": false}}, {"step": "Insert pictures", "controlLabel": "128", "controlText": "Insert", "function": "click_input", "args": {"button": "left", "double": false}}, {"step": "Save the document", "controlLabel": "9", "controlText": "Save", "function": "click_input", "args": {"button": "left", "double": false}}], "action_prefill_file_path": "D:\\agents\\AgentLearner\\cache\\action_prefill\\71070.docx"}