{"Problem": "How to create a daily vehicle inspection checklist in Word", "Solution Steps": ["Open Microsoft Word on your computer.", "Click on **Blank document** to create a new document.", "Type the title of your checklist, such as 'Daily Vehicle Inspection Checklist', at the top of the document. Highlight the title and use the **Home** tab to adjust the font size and style as desired.", "Press **Enter** to move to a new line. To create the checklist items, you can either type each item directly or use the **Bullets** feature under the **Home** tab to create a bulleted list.", "For each checklist item, type the specific inspection point, such as 'Tire Pressure', 'Engine Oil Level', 'Headlights', etc. Press **Enter** after each item to add it to the list.", "To add checkboxes next to each item for physical checks, go to the **Developer** tab. If the **Developer** tab is not visible, click on **File**, select **Options**, go to **Customize Ribbon** and check the **Developer** checkbox. Then click **OK**.", "Under the **Developer** tab, in the **Controls** group, click on **Checkbox Content Control** to insert a checkbox next to each checklist item.", "If you want to add a section for notes or comments at the end of the checklist, press **Enter** to move to a new line after your last checklist item, and type 'Notes:' or 'Comments:'. You can adjust the font size or style as needed.", "To save your checklist, click on **File**, then **Save As**, choose the location where you want to save the file, enter a file name, and click **Save**."], "new_problem": "Create a daily vehicle inspection checklist in Word.", "action_plans": [{"step": "Create a new document", "controlLabel": "9", "controlText": "Save", "function": "click_input", "args": {"button": "left", "double": false}}, {"step": "Type the title 'Daily Vehicle Inspection Checklist'", "controlLabel": "", "controlText": "", "function": "set_edit_text", "args": {"control_id": "", "text": "Daily Vehicle Inspection Checklist", "newline": true}}, {"step": "Highlight the title and adjust the font size and style", "controlLabel": "", "controlText": "", "function": "select_text", "args": {"text": "Daily Vehicle Inspection Checklist"}}, {"step": "Adjust font size and style", "controlLabel": "24", "controlText": "Home", "function": "click_input", "args": {"button": "left", "double": false}}, {"step": "Press Enter to move to a new line", "controlLabel": "", "controlText": "", "function": "type_keys", "args": {"text": "{ENTER}", "newline": false}}, {"step": "Type checklist items", "controlLabel": "", "controlText": "", "function": "set_edit_text", "args": {"control_id": "", "text": "Tire Pressure\nEngine Oil Level\nHeadlights", "newline": true}}, {"step": "Add checkboxes next to each item", "controlLabel": "24", "controlText": "Home", "function": "click_input", "args": {"button": "left", "double": false}}, {"step": "Add a section for notes or comments", "controlLabel": "", "controlText": "", "function": "set_edit_text", "args": {"control_id": "", "text": "Notes:", "newline": true}}, {"step": "Save the checklist", "controlLabel": "9", "controlText": "Save", "function": "click_input", "args": {"button": "left", "double": false}}], "action_prefill_file_path": "D:\\agents\\AgentLearner\\cache\\action_prefill\\71082.docx"}