{"Problem": "How to format a novel in Word", "Solution Steps": ["Open your novel document in Word.", "Click on the **Layout** tab to set your page size and margins. Typically, novels use a 6\"x9\" page size.", "Select **Size** and choose your desired page size or create a custom size.", "Click on **Margins** and select a preset margin size or create custom margins. Standard novel margins are around 1 inch on all sides.", "Use the **Home** tab to set the font style and size for your novel's text. Times New Roman or Courier New, 12-point size, is commonly used.", "To set line spacing, in the **Home** tab, click on the **Line and Paragraph Spacing** icon and select '2.0' for double-spacing, which is standard for manuscript submissions.", "Use the **Paragraph** settings to set the first line indent. Typically, the first line of each paragraph is indented by 0.5 inches.", "To create new chapters, use the **Page Break** feature to start a new page. Go to the **Insert** tab and click on **Break** and then select **Page Break**.", "For the title page, include the title, author's name, and contact information centered on the page. Use the **Insert** tab to add this information in a text box or header if desired.", "Add page numbers by going to the **Insert** tab, clicking on **Page Number**, and choosing the preferred location and style.", "If you want to include headers or footers, go to the **Insert** tab, click on **Header** or **Footer**, and choose a style or edit as needed.", "Save your document frequently to prevent data loss."], "new_problem": "Format a novel in Word by setting the page size to 6\"x9\", margins to 1 inch, font to Times New Roman 12-point, double-spacing, first line indent of 0.5 inches, adding page breaks for new chapters, creating a title page, adding page numbers, and including headers or footers.", "action_plans": [{"step": "Open the Layout tab", "controlLabel": "25", "controlText": "Insert", "function": "click_input", "args": {"button": "left", "double": false}}, {"step": "Set page size to 6\"x9\"", "controlLabel": "25", "controlText": "Insert", "function": "click_input", "args": {"button": "left", "double": false}}, {"step": "Set margins to 1 inch", "controlLabel": "25", "controlText": "Insert", "function": "click_input", "args": {"button": "left", "double": false}}, {"step": "Set font to Times New Roman 12-point", "controlLabel": "141", "controlText": "Font", "function": "click_input", "args": {"button": "left", "double": false}}, {"step": "Set line spacing to double", "controlLabel": "190", "controlText": "Line and Paragraph Spacing", "function": "click_input", "args": {"button": "left", "double": false}}, {"step": "Set first line indent to 0.5 inches", "controlLabel": "289", "controlText": "Paragraph", "function": "click_input", "args": {"button": "left", "double": false}}, {"step": "Add page breaks for new chapters", "controlLabel": "25", "controlText": "Insert", "function": "click_input", "args": {"button": "left", "double": false}}, {"step": "Create a title page", "controlLabel": "25", "controlText": "Insert", "function": "click_input", "args": {"button": "left", "double": false}}, {"step": "Add page numbers", "controlLabel": "25", "controlText": "Insert", "function": "click_input", "args": {"button": "left", "double": false}}, {"step": "Include headers or footers", "controlLabel": "25", "controlText": "Insert", "function": "click_input", "args": {"button": "left", "double": false}}], "action_prefill_file_path": "D:\\agents\\AgentLearner\\cache\\action_prefill\\71095.docx"}