{"Problem": "How to change content control text in Word", "Solution Steps": ["Open the Word document containing the content control.", "Click on the content control to select it.", "Right-click the selected content control and choose **Properties**.", "In the **Content Control Properties** dialog box, modify the **Title** and **Tag** fields as needed.", "Click **OK** to save the changes.", "Click inside the content control to edit the placeholder text directly."], "new_problem": "Change the content control text '[Grab your reader\u2019s attention with a great quote from the document or use this space to emphasize a key point. To place this text box anywhere on the page, just drag it.]' to 'New content control text' in the Word document.", "action_plans": [{"step": "select the content control text", "controlLabel": "", "controlText": "", "function": "select_text", "args": {"text": "[Grab your reader\u2019s attention with a great quote from the document or use this space to emphasize a key point. To place this text box anywhere on the page, just drag it.]"}}, {"step": "type in the new content control text", "controlLabel": "103", "controlText": "Page 1 content", "function": "set_edit_text", "args": {"control_id": "103", "text": "New content control text"}}], "action_prefill_file_path": "D:\\agents\\AgentLearner\\cache\\action_prefill\\71097.docx"}