{"Problem": "How can I find the most frequently used words in a Word document?", "Solution Steps": ["Open your Word document.", "Press **Ctrl + H** to open the **Find and Replace** dialog box.", "Click on the **More >>** button to expand the dialog box.", "Click on the **Find** tab, then click on the **Special** button and select **Find What Text**.", "In the **Find what** box, enter the word or phrase you want to find the frequency of.", "Click on the **Reading Highlight** button, then select **Highlight All**.", "Word will highlight all instances of the word or phrase. You can count the highlighted instances to determine the frequency.", "To find the frequency of another word or phrase, repeat the steps above."], "new_problem": "Find the most frequently used words in the Word document by searching for specific words and highlighting their occurrences.", "action_plans": [{"step": "Open the Find and Replace dialog box", "controlLabel": "", "controlText": "", "function": "type_keys", "args": {"text": "{VK_CONTROL down}h{VK_CONTROL up}", "newline": false}}, {"step": "Expand the Find and Replace dialog box", "controlLabel": "", "controlText": "", "function": "click_input", "args": {"control_id": "", "control_name": "More >>", "button": "left", "double": false}}, {"step": "Select the Find What Text option", "controlLabel": "", "controlText": "", "function": "click_input", "args": {"control_id": "", "control_name": "Special", "button": "left", "double": false}}, {"step": "Enter the word to find", "controlLabel": "14", "controlText": "Search", "function": "set_edit_text", "args": {"control_id": "", "text": "Listitem"}}, {"step": "Highlight all instances of the word", "controlLabel": "", "controlText": "", "function": "click_input", "args": {"control_id": "", "control_name": "Reading Highlight", "button": "left", "double": false}}, {"step": "Count the highlighted instances", "controlLabel": "", "controlText": "", "function": "", "args": {}}], "action_prefill_file_path": "D:\\agents\\AgentLearner\\cache\\action_prefill\\71101.docx"}