{"Problem": "How to arrange data alphabetically", "Solution Steps": ["Select the text in a single column or a list that you want to sort.", "Go to the **Home** tab.", "In the **Paragraph** group, click the **Sort** button (which looks like A-Z with a down arrow).", "In the **Sort Text** dialog box, under **Sort by**, select **Paragraphs**.", "Under **Type**, select **Text**.", "Choose either **Ascending** (A to Z) or **Descending** (Z to A).", "Click **OK**."], "new_problem": "Arrange the list items alphabetically in the document.", "action_plans": [{"step": "Select the text in the list", "controlLabel": "", "controlText": "", "function": "select_text", "args": {"text": "Listitem1"}}, {"step": "Go to the Home tab", "controlLabel": "11", "controlText": "Home", "function": "click_input", "args": {"button": "left", "double": false}}, {"step": "Click the Sort button", "controlLabel": "183", "controlText": "Sort...", "function": "click_input", "args": {"button": "left", "double": false}}, {"step": "Configure the Sort Text dialog box to sort by paragraphs and type text in ascending order", "controlLabel": "", "controlText": "", "function": "type_keys", "args": {"text": "{TAB}{TAB}{ENTER}{TAB}{TAB}{TAB}{ENTER}{TAB}{TAB}{ENTER}{TAB}{ENTER}", "newline": false}}], "action_prefill_file_path": "D:\\agents\\AgentLearner\\cache\\action_prefill\\71119.docx"}