{"Problem": "How to create balloon bunch word art in Word.", "Solution Steps": ["Open a new or existing document in Microsoft Word.", "Go to the **Insert** tab.", "Click on **WordArt** in the **Text** group.", "Select the WordArt style that best suits your needs.", "Type the text you want to appear in the WordArt.", "With the WordArt selected, go to the **Format** tab under **Drawing Tools**.", "Adjust the **Shape Fill**, **Shape Outline**, and **Text Effects** to create the balloon bunch effect.", "Use **Text Effects** to add effects like shadow, reflection, or glow to enhance the balloon appearance.", "To position your WordArt, click and drag it to the desired location in your document."], "new_problem": "Create balloon bunch word art in Word by inserting WordArt, typing the desired text, and formatting it to achieve the balloon bunch effect.", "action_plans": [{"step": "Switch to the Insert tab", "controlLabel": "25", "controlText": "Insert", "function": "click_input", "args": {"button": "left", "double": false}}, {"step": "Click on WordArt", "controlLabel": "", "controlText": "WordArt", "function": "click_input", "args": {"button": "left", "double": false}}, {"step": "Select a WordArt style", "controlLabel": "", "controlText": "WordArt Style", "function": "click_input", "args": {"button": "left", "double": false}}, {"step": "Type the text for WordArt", "controlLabel": "", "controlText": "", "function": "set_edit_text", "args": {"text": "Balloon Bunch", "newline": true}}, {"step": "Go to the Format tab under Drawing Tools", "controlLabel": "", "controlText": "Format", "function": "click_input", "args": {"button": "left", "double": false}}, {"step": "Adjust Shape Fill to create balloon effect", "controlLabel": "", "controlText": "Shape Fill", "function": "click_input", "args": {"button": "left", "double": false}}, {"step": "Adjust Shape Outline to create balloon effect", "controlLabel": "", "controlText": "Shape Outline", "function": "click_input", "args": {"button": "left", "double": false}}, {"step": "Add Text Effects to enhance balloon appearance", "controlLabel": "", "controlText": "Text Effects", "function": "click_input", "args": {"button": "left", "double": false}}, {"step": "Position the WordArt in the document", "controlLabel": "", "controlText": "", "function": "click_input", "args": {"button": "left", "double": false}}], "action_prefill_file_path": "D:\\agents\\AgentLearner\\cache\\action_prefill\\71116.docx"}