{"Problem": "How to recover a .wbk backup file in Word?", "Solution Steps": ["Open Microsoft Word.", "Click on the **File** tab in the upper left corner.", "Select **Open** from the sidebar.", "Click on **Browse** to open the File Explorer dialog box.", "Navigate to the folder where the .wbk file is saved.", "In the bottom-right corner of the dialog box, click the dropdown next to the file type and select **All Files (*.*)**.", "Locate and select the .wbk file you want to recover.", "Click **Open** to open the backup file."], "new_problem": "Recover a .wbk backup file in Word by navigating through the 'File' tab, selecting 'Open', browsing to the location of the .wbk file, and opening it.", "action_plans": [{"step": "Click on the File tab", "controlLabel": "22", "controlText": "File Tab", "function": "click_input", "args": {"button": "left", "double": false}}, {"step": "Select Open from the sidebar", "controlLabel": "336", "controlText": "Open", "function": "click_input", "args": {"button": "left", "double": false}}, {"step": "Click on Browse to open the File Explorer dialog box", "controlLabel": "379", "controlText": "Open", "function": "click_input", "args": {"button": "left", "double": false}}, {"step": "Navigate to the folder where the .wbk file is saved", "controlLabel": "", "controlText": "", "function": "", "args": {}}, {"step": "In the bottom-right corner of the dialog box, click the dropdown next to the file type and select All Files (*.*)", "controlLabel": "", "controlText": "", "function": "", "args": {}}, {"step": "Locate and select the .wbk file you want to recover", "controlLabel": "", "controlText": "", "function": "", "args": {}}, {"step": "Click Open to open the backup file", "controlLabel": "", "controlText": "", "function": "", "args": {}}], "action_prefill_file_path": "D:\\agents\\AgentLearner\\cache\\action_prefill\\71121.docx"}