{"Problem": "How to add a content control dropdown in Word", "Solution Steps": ["Click the **File** tab, and then click **Options**.", "In the **Word Options** dialog box, click **Customize Ribbon**.", "In the right-hand column, check the **Developer** checkbox, and then click **OK**.", "Click the **Developer** tab on the ribbon.", "In the **Controls** group, click the **Drop-Down List Content Control** button.", "Click the **Properties** button in the **Controls** group.", "In the **Content Control Properties** dialog box, click **Add** to add items to the dropdown list.", "Enter a display name for each item and click **OK**.", "Click **OK** again to close the **Content Control Properties** dialog box."], "new_problem": "Add a content control dropdown in Word by enabling the Developer tab and using it to insert the dropdown.", "action_plans": [{"step": "Open the File tab", "controlLabel": "108", "controlText": "System", "function": "click_input", "args": {"button": "left", "double": false}}, {"step": "Open Word Options", "controlLabel": "138", "controlText": "More Options", "function": "click_input", "args": {"button": "left", "double": false}}, {"step": "Customize Ribbon", "controlLabel": "158", "controlText": "More Options", "function": "click_input", "args": {"button": "left", "double": false}}, {"step": "Enable Developer tab", "controlLabel": "165", "controlText": "More Options", "function": "click_input", "args": {"button": "left", "double": false}}, {"step": "Click OK to apply changes", "controlLabel": "168", "controlText": "More Options", "function": "click_input", "args": {"button": "left", "double": false}}, {"step": "Switch to Developer tab", "controlLabel": "27", "controlText": "Design", "function": "click_input", "args": {"button": "left", "double": false}}, {"step": "Insert Drop-Down List Content Control", "controlLabel": "304", "controlText": "Selection Pane...", "function": "click_input", "args": {"button": "left", "double": false}}, {"step": "Open Content Control Properties", "controlLabel": "356", "controlText": "Thesaurus...", "function": "click_input", "args": {"button": "left", "double": false}}, {"step": "Add items to the dropdown list", "controlLabel": "357", "controlText": "Word Count", "function": "click_input", "args": {"button": "left", "double": false}}, {"step": "Enter display name for each item", "controlLabel": "412", "controlText": "Focus", "function": "set_edit_text", "args": {"control_id": "412", "text": "Item 1"}}, {"step": "Confirm and close the dialog", "controlLabel": "144", "controlText": "Open", "function": "click_input", "args": {"button": "left", "double": false}}], "action_prefill_file_path": "D:\\agents\\AgentLearner\\cache\\action_prefill\\71124.docx"}