{"Problem": "How to install and use Assamese font in Microsoft Word.", "Solution Steps": ["Download the Assamese font you want to install from a trusted website.", "Once the font is downloaded, unzip the file if it is in a compressed format.", "Right-click on the font file and select **Install** to add the font to your system.", "Open Microsoft Word after the font is installed.", "Click on the **Home** tab.", "In the **Font** group, click the drop-down arrow next to the font name.", "Scroll through the font list or type the name of the Assamese font you installed to select it.", "Start typing in Word, and the text will now be displayed in the Assamese font you selected."], "new_problem": "Install and use an Assamese font in Microsoft Word.", "action_plans": [{"step": "Open Microsoft Word", "controlLabel": "", "controlText": "", "function": "", "args": {}}, {"step": "Click on the Home tab", "controlLabel": "24", "controlText": "Home", "function": "click_input", "args": {"button": "left", "double": false}}, {"step": "Click the drop-down arrow next to the font name", "controlLabel": "142", "controlText": "Font", "function": "click_input", "args": {"button": "left", "double": false}}, {"step": "Type the name of the Assamese font you installed to select it", "controlLabel": "143", "controlText": "Aptos (Body)", "function": "set_edit_text", "args": {"text": "Assamese Font Name"}}, {"step": "Start typing in Word, and the text will now be displayed in the Assamese font you selected", "controlLabel": "", "controlText": "", "function": "", "args": {}}], "action_prefill_file_path": "D:\\agents\\AgentLearner\\cache\\action_prefill\\71129.docx"}