{"Problem": "How to italicize text in a Word table", "Solution Steps": ["Select the text within the table that you want to italicize.", "On the **Home** tab, in the **Font** group, click the **Italic** button (represented by an 'I')."], "new_problem": "Italicize the text within the table in the Word document.", "action_plans": [{"step": "select the text within the table", "controlLabel": "", "controlText": "", "function": "select_text", "args": {"text": "text to italicize"}}, {"step": "click the Home tab to access the Font group", "controlLabel": "11", "controlText": "Home", "function": "click_input", "args": {"button": "left", "double": false}}, {"step": "click the Italic button to italicize the selected text", "controlLabel": "155", "controlText": "Italic", "function": "click_input", "args": {"button": "left", "double": false}}], "action_prefill_file_path": "D:\\agents\\AgentLearner\\cache\\action_prefill\\71138.docx"}