{"Problem": "How to find a feedback report template for Word.", "Solution Steps": ["Open Microsoft Word.", "Click on **File** in the top-left corner.", "Select **New** from the menu.", "In the **Search for online templates** box, type 'feedback report' and press Enter.", "Browse through the available templates and select the one that suits your needs.", "Click **Create** to open the selected template."], "new_problem": "Find a feedback report template in Microsoft Word.", "action_plans": [{"step": "Open the File menu", "controlLabel": "", "controlText": "File", "function": "click_input", "args": {"button": "left", "double": false}}, {"step": "Select the New option", "controlLabel": "", "controlText": "New", "function": "click_input", "args": {"button": "left", "double": false}}, {"step": "Search for feedback report templates", "controlLabel": "14", "controlText": "Search", "function": "set_edit_text", "args": {"text": "feedback report"}}, {"step": "Press Enter to search", "controlLabel": "14", "controlText": "Search", "function": "type_keys", "args": {"text": "{ENTER}"}}, {"step": "Select a feedback report template", "controlLabel": "", "controlText": "Feedback Report Template", "function": "click_input", "args": {"button": "left", "double": false}}, {"step": "Create the selected template", "controlLabel": "", "controlText": "Create", "function": "click_input", "args": {"button": "left", "double": false}}], "action_prefill_file_path": "D:\\agents\\AgentLearner\\cache\\action_prefill\\71132.docx"}