{"Problem": "How to print on an envelope in Microsoft Word", "Solution Steps": ["Open Microsoft Word.", "Click on the **Mailings** tab.", "In the **Create** group, click **Envelopes**.", "In the **Envelopes and Labels** dialog box, click the **Envelopes** tab.", "In the **Delivery address** box, type the recipient's address.", "In the **Return address** box, type your return address.", "Click **Options** to select the envelope size and other printing options, then click **OK**.", "Insert the envelope into your printer as indicated in the **Feed** box.", "Click **Print**."], "new_problem": "Print on an envelope in Microsoft Word by navigating to the Mailings tab, opening the Envelopes dialog, inputting the addresses, selecting the envelope size, and printing.", "action_plans": [{"step": "Navigate to the Mailings tab", "controlLabel": "30", "controlText": "Mailings", "function": "click_input", "args": {"button": "left", "double": false}}, {"step": "Open the Envelopes dialog", "controlLabel": "308", "controlText": "Envelopes...", "function": "click_input", "args": {"button": "left", "double": false}}, {"step": "Input the delivery address", "controlLabel": "", "controlText": "", "function": "set_edit_text", "args": {"control_name": "Delivery address", "text": "Recipient's Address"}}, {"step": "Input the return address", "controlLabel": "", "controlText": "", "function": "set_edit_text", "args": {"control_name": "Return address", "text": "Your Return Address"}}, {"step": "Open the Options dialog to select envelope size", "controlLabel": "", "controlText": "Options", "function": "click_input", "args": {"button": "left", "double": false}}, {"step": "Confirm the envelope size and other options", "controlLabel": "", "controlText": "OK", "function": "click_input", "args": {"button": "left", "double": false}}, {"step": "Insert the envelope into the printer", "controlLabel": "", "controlText": "", "function": "", "args": {}}, {"step": "Print the envelope", "controlLabel": "", "controlText": "Print", "function": "click_input", "args": {"button": "left", "double": false}}], "action_prefill_file_path": "D:\\agents\\AgentLearner\\cache\\action_prefill\\71139.docx"}