{"Problem": "How to resize an image for a label in Word", "Solution Steps": ["Click on the image you want to resize to select it.", "Drag one of the corner handles of the image to resize it proportionally.", "For more precise control, click the **Format** tab that appears when the image is selected.", "In the **Size** group, you can manually enter the height and width measurements that you want for the image.", "Alternatively, you can use the **Crop** tool in the **Size** group to trim the image to the desired size."], "new_problem": "Select the image in the Word document and resize it using the 'Size' menu item for precise control.", "action_plans": ["{\"step\":\"Select the image to be resized\",\"controlLabel\":\"\",\"controlText\":\"\",\"function\":\"select_text\",\"args\":{\"text\":\"Rectangle 1\"}}", "{\"step\":\"Open the 'Size' menu for resizing options\",\"controlLabel\":\"283\",\"controlText\":\"Size\",\"function\":\"click_input\",\"args\":{\"button\":\"left\",\"double\":false}}"], "action_prefill_file_path": "D:\\agents\\AgentLearner\\cache\\action_prefill\\71134.docx"}