{"Problem": "How to create a dissertation outline in Word", "Solution Steps": ["Open Microsoft Word.", "Click on the **File** tab and select **New** to create a new document.", "Go to the **View** tab and check the **Outline** option in the **Views** group.", "Use the **Level** drop-down menu in the **Outline Tools** group to set the levels for your headings and subheadings.", "Type your main headings and press **Enter** after each one.", "Use the **Tab** key to demote a heading to a subheading or **Shift + Tab** to promote a subheading to a heading.", "Continue to add headings and subheadings as needed to complete your dissertation outline.", "Click the **Close Outline View** button in the **Close** group when you are finished."], "new_problem": "Create a dissertation outline in Word by opening a new document, switching to Outline view, and adding headings and subheadings.", "action_plans": [{"step": "Open a new document", "controlLabel": "9", "controlText": "Save", "function": "click_input", "args": {"button": "left", "double": false}}, {"step": "Switch to the View tab", "controlLabel": "28", "controlText": "Layout", "function": "click_input", "args": {"button": "left", "double": false}}, {"step": "Enable Outline view", "controlLabel": "409", "controlText": "Outline", "function": "click_input", "args": {"button": "left", "double": false}}, {"step": "Add main heading", "controlLabel": "", "controlText": "", "function": "set_edit_text", "args": {"control_id": "", "text": "Introduction", "newline": true}}, {"step": "Add subheading", "controlLabel": "", "controlText": "", "function": "set_edit_text", "args": {"control_id": "", "text": "Background", "newline": true}}, {"step": "Demote subheading", "controlLabel": "", "controlText": "", "function": "type_keys", "args": {"control_id": "", "text": "{TAB}", "newline": false}}, {"step": "Add another main heading", "controlLabel": "", "controlText": "", "function": "set_edit_text", "args": {"control_id": "", "text": "Literature Review", "newline": true}}, {"step": "Close Outline view", "controlLabel": "409", "controlText": "Outline", "function": "click_input", "args": {"button": "left", "double": false}}], "action_prefill_file_path": "D:\\agents\\AgentLearner\\cache\\action_prefill\\71146.docx"}