{"Problem": "How to scan a document to Word", "Solution Steps": ["Place the document you want to scan into your scanner.", "Open **Word**.", "Click on the **Insert** tab.", "In the **Text** group, click **Object**.", "Select **Text from File**.", "In the dialog box that appears, select your scanner from the list of devices.", "Follow the on-screen instructions to scan the document.", "Once the scan is complete, the scanned document will be inserted into your Word document."], "new_problem": "Scan a document into Word by placing the document in the scanner, opening Word, navigating to the 'Insert' tab, selecting 'Object', and then 'Text from File'. Follow the on-screen instructions to complete the scan.", "action_plans": [{"step": "Open Word", "controlLabel": "10", "controlText": "New Blank Document", "function": "click_input", "args": {"button": "left", "double": false}}, {"step": "Navigate to the Insert tab", "controlLabel": "34", "controlText": "Insert", "function": "click_input", "args": {"button": "left", "double": false}}, {"step": "Select Object from the Text group", "controlLabel": "270", "controlText": "Object...", "function": "click_input", "args": {"button": "left", "double": false}}, {"step": "Select Text from File", "controlLabel": "271", "controlText": "More Options", "function": "click_input", "args": {"button": "left", "double": false}}, {"step": "Select the scanner from the list of devices", "controlLabel": "", "controlText": "", "function": "", "args": {}}, {"step": "Follow the on-screen instructions to scan the document", "controlLabel": "", "controlText": "", "function": "", "args": {}}, {"step": "Insert the scanned document into Word", "controlLabel": "", "controlText": "", "function": "", "args": {}}], "action_prefill_file_path": "D:\\agents\\AgentLearner\\cache\\action_prefill\\71144.docx"}