{"Problem": "How to enable automatic correction for Indonesian language in MS Word.", "Solution Steps": ["Open Microsoft Word.", "Click on the **File** tab.", "Select **Options** from the menu.", "In the **Word Options** dialog box, click on **Language**.", "Under **Choose Editing Languages**, click **Add additional editing languages**.", "Select **Indonesian** from the list and click **Add**.", "Ensure that **Indonesian** is added to the list of editing languages.", "Click **OK** to close the **Word Options** dialog box.", "Click on the **Review** tab.", "Click on **Language** in the **Language** group, then select **Set Proofing Language**.", "Select **Indonesian** from the list and click **Set As Default**.", "Click **OK**.", "Go back to the **File** tab and select **Options** again.", "In the **Word Options** dialog box, click on **Proofing**.", "Ensure that the **Check spelling as you type** and **Mark grammar errors as you type** options are checked.", "Click **AutoCorrect Options**.", "In the **AutoCorrect** dialog box, ensure that **Replace text as you type** is checked.", "Click **OK** to close the **AutoCorrect** dialog box.", "Click **OK** to close the **Word Options** dialog box."], "new_problem": "Enable automatic correction for the Indonesian language in MS Word.", "action_plans": [{"step": "Open the File tab", "controlLabel": "22", "controlText": "File Tab", "function": "click_input", "args": {"button": "left", "double": false}}, {"step": "Open Options", "controlLabel": "109", "controlText": "System", "function": "click_input", "args": {"button": "left", "double": false}}, {"step": "Open Language settings", "controlLabel": "109", "controlText": "System", "function": "click_input", "args": {"button": "left", "double": false}}, {"step": "Add Indonesian as an editing language", "controlLabel": "109", "controlText": "System", "function": "click_input", "args": {"button": "left", "double": false}}, {"step": "Set Indonesian as the default proofing language", "controlLabel": "109", "controlText": "System", "function": "click_input", "args": {"button": "left", "double": false}}, {"step": "Ensure spelling and grammar check options are enabled", "controlLabel": "109", "controlText": "System", "function": "click_input", "args": {"button": "left", "double": false}}, {"step": "Open AutoCorrect Options", "controlLabel": "109", "controlText": "System", "function": "click_input", "args": {"button": "left", "double": false}}, {"step": "Ensure Replace text as you type is checked", "controlLabel": "109", "controlText": "System", "function": "click_input", "args": {"button": "left", "double": false}}, {"step": "Close the Word Options dialog box", "controlLabel": "109", "controlText": "System", "function": "click_input", "args": {"button": "left", "double": false}}], "action_prefill_file_path": "D:\\agents\\AgentLearner\\cache\\action_prefill\\71156.docx"}