{"Problem": "How to number titles in Word?", "Solution Steps": ["Select the title or heading that you want to number.", "Go to the **Home** tab.", "In the **Paragraph** group, click the **Multilevel List** button.", "Choose a numbering style from the list library that matches your needs.", "If you want to customize the numbering, click **Define New Multilevel List** and adjust the settings as needed."], "new_problem": "Number the titles in the Word document.", "action_plans": [{"step": "Select the title or heading that you want to number.", "controlLabel": "", "controlText": "", "function": "select_text", "args": {"text": "text to edit"}}, {"step": "Go to the Home tab.", "controlLabel": "", "controlText": "", "function": "", "args": {}}, {"step": "In the Paragraph group, click the Multilevel List button.", "controlLabel": "176", "controlText": "Numbering", "function": "click_input", "args": {"button": "left", "double": false}}, {"step": "Choose a numbering style from the list library that matches your needs.", "controlLabel": "53", "controlText": "Black & White (Numbered)", "function": "click_input", "args": {"button": "left", "double": false}}], "action_prefill_file_path": "D:\\agents\\AgentLearner\\cache\\action_prefill\\71150.docx"}