{"Problem": "How to add a new theme in Microsoft Office Word", "Solution Steps": ["Open Microsoft Word and create a new document or open an existing one.", "Click on the **Design** tab to access the document formatting options.", "In the **Themes** group, click on the **Themes** button to display the available themes.", "To add a new theme, click on **Browse for Themes** at the bottom of the theme menu.", "Navigate to the location of the theme file you want to add, select it, and click **Open**.", "The new theme will now be applied to your document and added to the list of available themes."], "new_problem": "Add a new theme in Microsoft Office Word by navigating to the 'Design' tab, clicking on the 'Themes' button, selecting 'Browse for Themes', and choosing the desired theme file.", "action_plans": [{"step": "Click on the 'Design' tab to access the document formatting options", "controlLabel": "27", "controlText": "Design", "function": "click_input", "args": {"button": "left", "double": false}}, {"step": "Click on the 'Themes' button to display the available themes", "controlLabel": "42", "controlText": "Themes", "function": "click_input", "args": {"button": "left", "double": false}}, {"step": "Click on 'Browse for Themes' at the bottom of the theme menu", "controlLabel": "", "controlText": "Browse for Themes", "function": "click_input", "args": {"button": "left", "double": false}}, {"step": "Navigate to the location of the theme file you want to add, select it, and click 'Open'", "controlLabel": "", "controlText": "", "function": "", "args": {}}], "action_prefill_file_path": "D:\\agents\\AgentLearner\\cache\\action_prefill\\71166.docx"}