{"Problem": "How do I turn off 'Track Changes' in MS Word 365?", "Solution Steps": ["Open the document in which you want to turn off 'Track Changes'.", "Go to the **Review** tab on the Ribbon.", "In the **Tracking** group, click the **Track Changes** button to turn it off."], "new_problem": "Turn off 'Track Changes' in MS Word 365.", "action_plans": [{"step": "Switch to the 'Review' tab", "controlLabel": "31", "controlText": "Review", "function": "click_input", "args": {"button": "left", "double": false}}, {"step": "Click the 'Track Changes' button to turn it off", "controlLabel": "375", "controlText": "Track Changes", "function": "click_input", "args": {"button": "left", "double": false}}], "action_prefill_file_path": "D:\\agents\\AgentLearner\\cache\\action_prefill\\71164.docx"}