{"Problem": "How to click under a table in Microsoft Word?", "Solution Steps": ["Click on the last cell of the last row in your table.", "Press the **Tab** key on your keyboard. This will automatically create a new row or move the cursor outside and below the table, allowing you to click or type there."], "new_problem": "Click under the table in the Microsoft Word document.", "action_plans": [{"step": "select the last cell of the last row in the table", "controlLabel": "", "controlText": "", "function": "select_table", "args": {"number": 1}}, {"step": "press the Tab key to move the cursor outside and below the table", "controlLabel": "", "controlText": "", "function": "type_keys", "args": {"text": "{TAB}"}}], "action_prefill_file_path": "D:\\agents\\AgentLearner\\cache\\action_prefill\\71168.docx"}