{"Problem": "How to apply cool text effects in Word", "Solution Steps": ["Select the text to which you want to apply the text effects.", "Go to the **Home** tab.", "In the **Font** group, click **Text Effects and Typography** (the glowing blue A icon).", "Choose the desired effect from the drop-down menu, such as Outline, Shadow, Reflection, or Glow.", "Click on the effect to apply it to the selected text."], "new_problem": "Apply cool text effects to 'text to edit' in the Word document.", "action_plans": [{"step": "select the target text 'text to edit'", "controlLabel": "", "controlText": "", "function": "select_text", "args": {"text": "text to edit"}}, {"step": "navigate to the Home tab", "controlLabel": "11", "controlText": "Home", "function": "click_input", "args": {"button": "left", "double": false}}, {"step": "click on Text Effects and Typography", "controlLabel": "162", "controlText": "Text Effects and Typography", "function": "click_input", "args": {"button": "left", "double": false}}, {"step": "choose the desired effect", "controlLabel": "", "controlText": "", "function": "click_input", "args": {"button": "left", "double": false}}], "action_prefill_file_path": "D:\\agents\\AgentLearner\\cache\\action_prefill\\71163.docx"}