{"Problem": "How to enable keyboard shortcuts in Microsoft Word.", "Solution Steps": ["Open Microsoft Word.", "Click on the **File** tab in the upper-left corner.", "Select **Options** from the menu.", "In the **Word Options** dialog box, click on **Customize Ribbon** in the left pane.", "At the bottom of the dialog box, click the **Customize** button next to **Keyboard shortcuts**.", "In the **Customize Keyboard** dialog box, you can view and assign new keyboard shortcuts.", "Click **Close** to save your changes and exit the dialog box."], "new_problem": "Enable keyboard shortcuts in Microsoft Word by navigating through the File tab, accessing Options, and customizing the keyboard shortcuts.", "action_plans": [{"step": "Open the File tab", "controlLabel": "22", "controlText": "File Tab", "function": "click_input", "args": {"button": "left", "double": false}}, {"step": "Select Options from the menu", "controlLabel": "109", "controlText": "System", "function": "click_input", "args": {"button": "left", "double": false}}, {"step": "Click on Customize Ribbon in the left pane", "controlLabel": "24", "controlText": "Home", "function": "click_input", "args": {"button": "left", "double": false}}, {"step": "Click the Customize button next to Keyboard shortcuts", "controlLabel": "25", "controlText": "Insert", "function": "click_input", "args": {"button": "left", "double": false}}, {"step": "View and assign new keyboard shortcuts in the Customize Keyboard dialog box", "controlLabel": "26", "controlText": "Draw", "function": "click_input", "args": {"button": "left", "double": false}}, {"step": "Click Close to save changes and exit the dialog box", "controlLabel": "27", "controlText": "Design", "function": "click_input", "args": {"button": "left", "double": false}}], "action_prefill_file_path": "D:\\agents\\AgentLearner\\cache\\action_prefill\\71175.docx"}