{"Problem": "How to create a dashed line in Word", "Solution Steps": ["Place the cursor where you want the dashed line to appear.", "Go to the **Insert** tab.", "Click on **Shapes** and select the **Line** shape.", "Draw the line by clicking and dragging on the document where you want the line to be.", "With the line selected, go to the **Format** tab that appears.", "In the **Shape Outline** menu, click on **Dashes** and select the style of dashed line you prefer."], "new_problem": "Create a dashed line in the Word document.", "action_plans": [{"step": "Place the cursor where you want the dashed line to appear.", "controlLabel": "", "controlText": "", "function": "click_input", "args": {"control_id": "", "button": "left", "double": false}}, {"step": "Go to the Insert tab.", "controlLabel": "25", "controlText": "Insert", "function": "click_input", "args": {"button": "left", "double": false}}, {"step": "Click on Shapes and select the Line shape.", "controlLabel": "", "controlText": "Shapes", "function": "click_input", "args": {"button": "left", "double": false}}, {"step": "Draw the line by clicking and dragging on the document where you want the line to be.", "controlLabel": "", "controlText": "", "function": "click_input", "args": {"control_id": "", "button": "left", "double": false}}, {"step": "With the line selected, go to the Format tab that appears.", "controlLabel": "", "controlText": "Format", "function": "click_input", "args": {"button": "left", "double": false}}, {"step": "In the Shape Outline menu, click on Dashes and select the style of dashed line you prefer.", "controlLabel": "", "controlText": "Shape Outline", "function": "click_input", "args": {"button": "left", "double": false}}, {"step": "Select the dashed line style.", "controlLabel": "", "controlText": "Dashes", "function": "click_input", "args": {"button": "left", "double": false}}], "action_prefill_file_path": "D:\\agents\\AgentLearner\\cache\\action_prefill\\71171.docx"}