{"Problem": "How to place text on an image in a Word document", "Solution Steps": ["Insert the image into your Word document by clicking **Insert** tab, then click **Pictures** and select the image from your computer.", "Click on the image to select it, then under **Picture Tools**, click on the **Format** tab.", "In the **Arrange** group, click **Wrap Text** and choose **Behind Text** or **In Front of Text** depending on where you want your text in relation to the image.", "Click anywhere outside the image to deselect it.", "Now, you can type your text directly over the image if you chose **In Front of Text**, or behind it if you selected **Behind Text**."], "new_problem": "Place text on an image in a Word document by inserting an image, setting text wrapping, and typing the text.", "action_plans": [{"step": "Click the 'Insert' tab to access the insert options", "controlLabel": "25", "controlText": "Insert", "function": "click_input", "args": {"button": "left", "double": false}}, {"step": "Insert an image from the computer", "controlLabel": "", "controlText": "Pictures", "function": "click_input", "args": {"button": "left", "double": false}}, {"step": "Select the inserted image", "controlLabel": "", "controlText": "", "function": "click_input", "args": {"control_id": "image_id", "button": "left", "double": false}}, {"step": "Click the 'Format' tab under 'Picture Tools'", "controlLabel": "", "controlText": "Format", "function": "click_input", "args": {"button": "left", "double": false}}, {"step": "Set text wrapping to 'Behind Text'", "controlLabel": "", "controlText": "Wrap Text", "function": "click_input", "args": {"button": "left", "double": false}}, {"step": "Choose 'Behind Text' option", "controlLabel": "", "controlText": "Behind Text", "function": "click_input", "args": {"button": "left", "double": false}}, {"step": "Click outside the image to deselect it", "controlLabel": "", "controlText": "", "function": "click_input", "args": {"control_id": "document_body", "button": "left", "double": false}}, {"step": "Type the text over the image", "controlLabel": "", "controlText": "", "function": "set_edit_text", "args": {"control_id": "document_body", "text": "Your text here", "newline": true}}], "action_prefill_file_path": "D:\\agents\\AgentLearner\\cache\\action_prefill\\71185.docx"}