{"Problem": "How to replace a specific word with another throughout a Word document.", "Solution Steps": ["Open your document in Word.", "Press **Ctrl + H** to open the Find and Replace dialog box.", "In the **Find what** box, type the word you want to find.", "In the **Replace with** box, type the word you want to use as a replacement.", "Click **Replace All** to replace every instance of the word in the document.", "Click **Close** when you're done."], "new_problem": "Replace a specific word with another throughout the Word document.", "action_plans": [{"step": "Open the Find and Replace dialog box", "controlLabel": "101", "controlText": "Doc1", "function": "type_keys", "args": {"text": "{VK_CONTROL down}{H down}{H up}{VK_CONTROL up}", "newline": false}}, {"step": "Type the word to find in the 'Find what' box", "controlLabel": "335", "controlText": "APA", "function": "set_edit_text", "args": {"control_id": "335", "text": "word_to_find"}}, {"step": "Type the replacement word in the 'Replace with' box", "controlLabel": "336", "controlText": "Open", "function": "set_edit_text", "args": {"control_id": "336", "text": "replacement_word"}}, {"step": "Click 'Replace All' to replace every instance of the word in the document", "controlLabel": "217", "controlText": "Replace...", "function": "click_input", "args": {"control_id": "217", "button": "left", "double": false}}, {"step": "Close the Find and Replace dialog box", "controlLabel": "21", "controlText": "Close", "function": "click_input", "args": {"control_id": "21", "button": "left", "double": false}}], "action_prefill_file_path": "D:\\agents\\AgentLearner\\cache\\action_prefill\\71192.docx"}