{"Problem": "How to view two Word files side by side", "Solution Steps": ["Open the two Word documents you want to view side by side.", "Go to one of the open documents.", "Click the **View** tab on the Ribbon.", "In the **Window** group, click **View Side by Side**.", "Both documents will now be displayed side by side on your screen."], "new_problem": "View two Word files side by side by switching to the 'View' tab and clicking the 'View Side by Side' button.", "action_plans": [{"step": "Switch to the 'View' tab", "controlLabel": "32", "controlText": "View", "function": "click_input", "args": {"button": "left", "double": false}}, {"step": "Click the 'View Side by Side' button", "controlLabel": "", "controlText": "View Side by Side", "function": "click_input", "args": {"button": "left", "double": false}}], "action_prefill_file_path": "D:\\agents\\AgentLearner\\cache\\action_prefill\\71198.docx"}