{"Problem": "How to redo an action using a command in Word.", "Solution Steps": ["Click the **Quick Access Toolbar** at the top of the Word window.", "Click the **Redo** button, which looks like a circular arrow pointing to the right.", "Alternatively, you can press **Ctrl + Y** on your keyboard to redo the last action."], "new_problem": "Redo an action in Word using the 'Redo' button or the keyboard shortcut 'Ctrl + Y'.", "action_plans": [{"step": "Click the 'Quick Access Toolbar' at the top of the Word window.", "controlLabel": "9", "controlText": "Save", "function": "click_input", "args": {"button": "left", "double": false}}, {"step": "Click the 'Redo' button, which looks like a circular arrow pointing to the right.", "controlLabel": "160", "controlText": "Subscript", "function": "click_input", "args": {"button": "left", "double": false}}, {"step": "Alternatively, you can press 'Ctrl + Y' on your keyboard to redo the last action.", "controlLabel": "", "controlText": "", "function": "type_keys", "args": {"text": "{VK_CONTROL down}{Y down}{Y up}{VK_CONTROL up}", "newline": false}}], "action_prefill_file_path": "D:\\agents\\AgentLearner\\cache\\action_prefill\\71190.docx"}