{"Problem": "How to show a document's border in Word without printing it?", "Solution Steps": ["Open the Word document where you want to show the document's border without printing it.", "Click on the **Layout** tab.", "In the **Page Background** group, click **Page Borders**.", "In the **Borders and Shading** dialog box, go to the **Page Border** tab.", "Choose your desired border settings under **Settings**, **Style**, **Color**, and **Width**.", "Click on the **Options** button at the bottom right.", "In the **Border and Shading Options** dialog, under **Measure from**, select **Text** to ensure the border is only visible in the document and not printed.", "Click **OK** to close the **Border and Shading Options** dialog.", "Click **OK** again to apply the border to your document."], "new_problem": "Show a document's border in Word without printing it.", "action_plans": [{"step": "Click on the Layout tab", "controlLabel": "25", "controlText": "Layout", "function": "click_input", "args": {"button": "left", "double": false}}, {"step": "Click on Page Borders...", "controlLabel": "76", "controlText": "Page Borders...", "function": "click_input", "args": {"button": "left", "double": false}}, {"step": "Configure border settings", "controlLabel": "", "controlText": "", "function": "", "args": {}}, {"step": "Click on Options button", "controlLabel": "", "controlText": "Options", "function": "click_input", "args": {"button": "left", "double": false}}, {"step": "Select Text under Measure from", "controlLabel": "", "controlText": "", "function": "", "args": {}}, {"step": "Click OK to close Border and Shading Options dialog", "controlLabel": "", "controlText": "", "function": "", "args": {}}, {"step": "Click OK to apply the border to the document", "controlLabel": "", "controlText": "", "function": "", "args": {}}], "action_prefill_file_path": "D:\\agents\\AgentLearner\\cache\\action_prefill\\71209.docx"}