{"Problem": "How to add collapsible headings in Word.", "Solution Steps": ["Open your Word document.", "Select the text that you want to turn into a heading.", "On the **Home** tab, in the **Styles** group, click the desired **Heading** style (e.g., **Heading 1**, **Heading 2**).", "With the heading still selected, go to the **View** tab.", "In the **Show** group, check the box next to **Navigation Pane**.", "In the **Navigation Pane**, you will see your headings listed. You can now collapse or expand these headings by clicking the small triangle next to each heading."], "new_problem": "Add collapsible headings in the Word document by selecting the text 'text to edit', applying a heading style, and enabling the Navigation Pane.", "action_plans": [{"step": "select the text 'text to edit'", "controlLabel": "", "controlText": "", "function": "select_text", "args": {"text": "text to edit"}}, {"step": "click the Home tab", "controlLabel": "11", "controlText": "Home", "function": "click_input", "args": {"button": "left", "double": false}}, {"step": "apply Heading 1 style", "controlLabel": "205", "controlText": "Heading 1", "function": "click_input", "args": {"button": "left", "double": false}}, {"step": "click the View tab", "controlLabel": "12", "controlText": "View", "function": "click_input", "args": {"button": "left", "double": false}}, {"step": "enable Navigation Pane", "controlLabel": "13", "controlText": "Navigation Pane", "function": "click_input", "args": {"button": "left", "double": false}}], "action_prefill_file_path": "D:\\agents\\AgentLearner\\cache\\action_prefill\\71200.docx"}