{"Problem": "How to create a cheque receipt format in Word.", "Solution Steps": ["Open Microsoft Word on your computer.", "Click on the **Blank document** to create a new document.", "Go to the **Insert** tab and select **Table** to create a table structure for your cheque receipt format.", "Choose the number of rows and columns you need for your receipt format.", "Type in the necessary headings in the first row, such as 'Date', 'Payee', 'Amount', 'Signature', etc.", "Adjust the size of the cells by clicking and dragging the borders to accommodate the information for each section.", "Go to the **Home** tab to format the text, such as changing the font size, style, and alignment as needed.", "If you need to add lines for signatures or other information, go to the **Insert** tab and choose **Shapes** to insert lines.", "To save the format for future use, click on **File**, then **Save As**, and choose the location and file format you prefer."], "new_problem": "Create a cheque receipt format in Word by inserting a table, adding headings, adjusting cell sizes, and formatting the text.", "action_plans": [{"step": "Switch to the Insert tab", "controlLabel": "25", "controlText": "Insert", "function": "click_input", "args": {"button": "left", "double": false}}, {"step": "Insert a table with 4 columns and 5 rows", "controlLabel": "", "controlText": "", "function": "insert_table", "args": {"columns": 4, "rows": 5}}, {"step": "Select the first cell to add the heading 'Date'", "controlLabel": "", "controlText": "", "function": "select_text", "args": {"text": ""}}, {"step": "Set the text 'Date' in the first cell", "controlLabel": "", "controlText": "", "function": "set_edit_text", "args": {"text": "Date"}}, {"step": "Select the second cell to add the heading 'Payee'", "controlLabel": "", "controlText": "", "function": "select_text", "args": {"text": ""}}, {"step": "Set the text 'Payee' in the second cell", "controlLabel": "", "controlText": "", "function": "set_edit_text", "args": {"text": "Payee"}}, {"step": "Select the third cell to add the heading 'Amount'", "controlLabel": "", "controlText": "", "function": "select_text", "args": {"text": ""}}, {"step": "Set the text 'Amount' in the third cell", "controlLabel": "", "controlText": "", "function": "set_edit_text", "args": {"text": "Amount"}}, {"step": "Select the fourth cell to add the heading 'Signature'", "controlLabel": "", "controlText": "", "function": "select_text", "args": {"text": ""}}, {"step": "Set the text 'Signature' in the fourth cell", "controlLabel": "", "controlText": "", "function": "set_edit_text", "args": {"text": "Signature"}}, {"step": "Adjust the size of the cells", "controlLabel": "", "controlText": "", "function": "click_input", "args": {"button": "left", "double": false}}, {"step": "Switch to the Home tab to format the text", "controlLabel": "11", "controlText": "Home", "function": "click_input", "args": {"button": "left", "double": false}}, {"step": "Format the text in the table", "controlLabel": "", "controlText": "", "function": "click_input", "args": {"button": "left", "double": false}}, {"step": "Save the document", "controlLabel": "9", "controlText": "Save", "function": "click_input", "args": {"button": "left", "double": false}}], "action_prefill_file_path": "D:\\agents\\AgentLearner\\cache\\action_prefill\\71203.docx"}