{"Problem": "How to find and use an articles of association template in Microsoft Word?", "Solution Steps": ["Open Microsoft Word.", "Click on **File** in the top left corner.", "Select **New** from the menu.", "In the **Search for online templates** box, type 'articles of association' and press **Enter**.", "Browse through the available templates and select the one that best fits your needs.", "Click **Create** to open the selected template.", "Edit the template as needed to fit your specific requirements."], "new_problem": "Find and use an articles of association template in Microsoft Word.", "action_plans": [{"step": "Open the File tab", "controlLabel": "22", "controlText": "File Tab", "function": "click_input", "args": {"button": "left", "double": false}}, {"step": "Select New from the menu", "controlLabel": "10", "controlText": "New Blank Document", "function": "click_input", "args": {"button": "left", "double": false}}, {"step": "Search for 'articles of association' templates", "controlLabel": "14", "controlText": "Search", "function": "set_edit_text", "args": {"control_id": "14", "text": "articles of association", "newline": true}}, {"step": "Press Enter to search", "controlLabel": "14", "controlText": "Search", "function": "type_keys", "args": {"control_id": "14", "text": "{ENTER}", "newline": false}}, {"step": "Select the desired template", "controlLabel": "47", "controlText": "Document", "function": "click_input", "args": {"button": "left", "double": false}}, {"step": "Create a new document from the selected template", "controlLabel": "10", "controlText": "New Blank Document", "function": "click_input", "args": {"button": "left", "double": false}}], "action_prefill_file_path": "D:\\agents\\AgentLearner\\cache\\action_prefill\\71210.docx"}