{"Problem": "How to fix \"cannot open Microsoft Word\"", "Solution Steps": ["Press **Ctrl + Alt + Delete** and select **Task Manager**.", "In the **Processes** tab, look for any instances of **WINWORD.EXE**. If found, select it and click **End Task**.", "Press **Windows + R** to open the Run dialog box.", "Type **winword /safe** and press **Enter** to open Word in Safe Mode.", "If Word opens in Safe Mode, go to **File** > **Options** > **Add-ins**.", "In the **Manage** box, select **COM Add-ins** and click **Go**.", "Clear all the checkboxes in the list and click **OK**.", "Close Word and reopen it normally to see if the issue is resolved.", "If Word still does not open, press **Windows + R** again.", "Type **appwiz.cpl** and press **Enter** to open **Programs and Features**.", "Find **Microsoft Office** in the list, right-click it, and select **Change**.", "Choose **Quick Repair** and follow the on-screen instructions.", "If the problem persists, repeat the steps and choose **Online Repair**."], "new_problem": "Fix the issue of 'cannot open Microsoft Word' by following these steps: open Task Manager, end WINWORD.EXE process, open Word in Safe Mode, disable add-ins, and repair Microsoft Office.", "action_plans": [{"step": "Open Task Manager", "controlLabel": "", "controlText": "", "function": "type_keys", "args": {"text": "{VK_CONTROL down}{VK_ALT down}{DELETE}{VK_ALT up}{VK_CONTROL up}", "newline": false}}, {"step": "Select WINWORD.EXE process", "controlLabel": "", "controlText": "", "function": "type_keys", "args": {"text": "WINWORD.EXE", "newline": false}}, {"step": "End WINWORD.EXE process", "controlLabel": "", "controlText": "", "function": "type_keys", "args": {"text": "{VK_MENU down}E{VK_MENU up}", "newline": false}}, {"step": "Open Run dialog box", "controlLabel": "", "controlText": "", "function": "type_keys", "args": {"text": "{VK_WINDOWS down}R{VK_WINDOWS up}", "newline": false}}, {"step": "Open Word in Safe Mode", "controlLabel": "", "controlText": "", "function": "type_keys", "args": {"text": "winword /safe{ENTER}", "newline": false}}, {"step": "Go to File Options", "controlLabel": "", "controlText": "", "function": "type_keys", "args": {"text": "{VK_MENU down}F{VK_MENU up}O", "newline": false}}, {"step": "Select Add-ins", "controlLabel": "", "controlText": "", "function": "type_keys", "args": {"text": "A", "newline": false}}, {"step": "Manage COM Add-ins", "controlLabel": "", "controlText": "", "function": "type_keys", "args": {"text": "M{ENTER}", "newline": false}}, {"step": "Clear all checkboxes", "controlLabel": "", "controlText": "", "function": "type_keys", "args": {"text": "{VK_SPACE}", "newline": false}}, {"step": "Close Word", "controlLabel": "", "controlText": "", "function": "type_keys", "args": {"text": "{VK_MENU down}F{VK_MENU up}X", "newline": false}}, {"step": "Reopen Word normally", "controlLabel": "", "controlText": "", "function": "type_keys", "args": {"text": "winword{ENTER}", "newline": false}}, {"step": "Open Run dialog box again", "controlLabel": "", "controlText": "", "function": "type_keys", "args": {"text": "{VK_WINDOWS down}R{VK_WINDOWS up}", "newline": false}}, {"step": "Open Programs and Features", "controlLabel": "", "controlText": "", "function": "type_keys", "args": {"text": "appwiz.cpl{ENTER}", "newline": false}}, {"step": "Find Microsoft Office", "controlLabel": "", "controlText": "", "function": "type_keys", "args": {"text": "Microsoft Office", "newline": false}}, {"step": "Select Change option", "controlLabel": "", "controlText": "", "function": "type_keys", "args": {"text": "{VK_MENU down}C{VK_MENU up}", "newline": false}}, {"step": "Choose Quick Repair", "controlLabel": "", "controlText": "", "function": "type_keys", "args": {"text": "Q{ENTER}", "newline": false}}, {"step": "If problem persists, choose Online Repair", "controlLabel": "", "controlText": "", "function": "type_keys", "args": {"text": "O{ENTER}", "newline": false}}], "action_prefill_file_path": "D:\\agents\\AgentLearner\\cache\\action_prefill\\71215.docx"}