{"Problem": "How to create a macro for find and replace with formatting in Word.", "Solution Steps": ["Open the Word document where you want to create the macro.", "Go to the **View** tab, and click on **Macros** > **View Macros**.", "In the **Macro name** box, type a name for your macro.", "Click **Create** to open the Visual Basic for Applications (VBA) editor.", "In the VBA editor, paste the following code into the document module:\n\nSub FindAndReplaceWithFormatting()\n    With Selection.Find\n        .Text = \"yourFindText\"\n        .Replacement.Text = \"yourReplaceText\"\n        .Forward = True\n        .Wrap = wdFindContinue\n        .Format = True\n        .Replacement.Font.Bold = True\n        .Execute Replace:=wdReplaceAll\n    End With\nEnd Sub\n\nNote: Replace 'yourFindText' with the text you want to find and 'yourReplaceText' with the text you want to replace it with. Adjust the formatting properties as needed.", "Close the VBA editor.", "To run your macro, go back to Word, click on **View** > **Macros** > **View Macros**.", "Select your macro's name from the list and click **Run**."], "new_problem": "Create a macro for find and replace with formatting in Word by navigating to the 'View' tab, accessing 'Macros', creating a new macro, and entering the provided VBA code.", "action_plans": [{"step": "Navigate to the 'View' tab", "controlLabel": "25", "controlText": "Insert", "function": "click_input", "args": {"button": "left", "double": false}}, {"step": "Click on 'Macros' button", "controlLabel": "434", "controlText": "Macros", "function": "click_input", "args": {"button": "left", "double": false}}, {"step": "Click on 'View Macros'", "controlLabel": "435", "controlText": "View Macros", "function": "click_input", "args": {"button": "left", "double": false}}, {"step": "Enter macro name", "controlLabel": "14", "controlText": "Search", "function": "set_edit_text", "args": {"text": "FindAndReplaceWithFormatting"}}, {"step": "Click 'Create' to open VBA editor", "controlLabel": "9", "controlText": "Save", "function": "click_input", "args": {"button": "left", "double": false}}, {"step": "Paste VBA code into the document module", "controlLabel": "14", "controlText": "Search", "function": "set_edit_text", "args": {"text": "Sub FindAndReplaceWithFormatting()\n    With Selection.Find\n        .Text = \"yourFindText\"\n        .Replacement.Text = \"yourReplaceText\"\n        .Forward = True\n        .Wrap = wdFindContinue\n        .Format = True\n        .Replacement.Font.Bold = True\n        .Execute Replace:=wdReplaceAll\n    End With\nEnd Sub"}}, {"step": "Close the VBA editor", "controlLabel": "9", "controlText": "Save", "function": "click_input", "args": {"button": "left", "double": false}}, {"step": "Run the macro", "controlLabel": "435", "controlText": "View Macros", "function": "click_input", "args": {"button": "left", "double": false}}, {"step": "Select the macro and click 'Run'", "controlLabel": "14", "controlText": "Search", "function": "set_edit_text", "args": {"text": "FindAndReplaceWithFormatting"}}], "action_prefill_file_path": "D:\\agents\\AgentLearner\\cache\\action_prefill\\71212.docx"}