{"Problem": "How to create numbered headings and subheadings in Microsoft Word?", "Solution Steps": ["Select the text that you want to format as a heading.", "On the **Home** tab, in the **Styles** group, click the style you want to apply, such as **Heading 1** for main headings.", "To create a subheading, select the text you want to format as a subheading.", "In the **Styles** group, click the style you want to apply, such as **Heading 2** for subheadings.", "To add numbering, select the main heading (e.g., **Heading 1**).", "On the **Home** tab, in the **Paragraph** group, click the **Multilevel List** button.", "Choose a numbering style from the list library that matches your needs."], "new_problem": "Create numbered headings and subheadings in Microsoft Word by applying heading styles and using the Multilevel List button.", "action_plans": [{"step": "Select the text for the main heading", "controlLabel": "", "controlText": "", "function": "select_text", "args": {"text": "List item 1"}}, {"step": "Switch to the Home tab", "controlLabel": "24", "controlText": "Home", "function": "click_input", "args": {"button": "left", "double": false}}, {"step": "Apply Heading 1 style", "controlLabel": "205", "controlText": "Heading 1", "function": "click_input", "args": {"button": "left", "double": false}}, {"step": "Select the text for the subheading", "controlLabel": "", "controlText": "", "function": "select_text", "args": {"text": "Listitem 2"}}, {"step": "Apply Heading 2 style", "controlLabel": "206", "controlText": "Heading 2", "function": "click_input", "args": {"button": "left", "double": false}}, {"step": "Select the main heading to add numbering", "controlLabel": "", "controlText": "", "function": "select_text", "args": {"text": "List item 1"}}, {"step": "Click the Multilevel List button", "controlLabel": "179", "controlText": "Multilevel List", "function": "click_input", "args": {"button": "left", "double": false}}, {"step": "Choose a numbering style", "controlLabel": "", "controlText": "", "function": "click_input", "args": {"button": "left", "double": false}}], "action_prefill_file_path": "D:\\agents\\AgentLearner\\cache\\action_prefill\\71222.docx"}