{"Problem": "Cara menambahkan tanda tangan di Word", "Solution Steps": ["Tempatkan kursor di tempat Anda ingin menambahkan tanda tangan.", "Klik tab **Insert**.", "Di grup **Text**, klik **Signature List**.", "Pilih **Microsoft Office Signature Line**.", "Isi informasi yang diperlukan di kotak dialog yang muncul, lalu klik **OK**.", "Klik dua kali pada garis tanda tangan yang telah ditambahkan untuk menandatangani dokumen."], "new_problem": "Add a signature line in the Word document.", "action_plans": [{"step": "Place the cursor at the desired location for the signature line", "controlLabel": "", "controlText": "", "function": "click_input", "args": {"control_id": "", "control_name": "Document", "button": "left", "double": false}}, {"step": "Switch to the 'Insert' tab", "controlLabel": "25", "controlText": "Insert", "function": "click_input", "args": {"button": "left", "double": false}}, {"step": "Click on 'Signature Line' in the 'Text' group", "controlLabel": "266", "controlText": "Signature Line", "function": "click_input", "args": {"button": "left", "double": false}}, {"step": "Fill in the required information in the dialog box", "controlLabel": "", "controlText": "", "function": "set_edit_text", "args": {"control_id": "", "control_name": "Edit", "text": "John Doe", "newline": true}}, {"step": "Confirm the signature line by clicking 'OK'", "controlLabel": "", "controlText": "OK", "function": "click_input", "args": {"button": "left", "double": false}}, {"step": "Double-click the signature line to sign the document", "controlLabel": "", "controlText": "Signature Line", "function": "click_input", "args": {"button": "left", "double": true}}], "action_prefill_file_path": "D:\\agents\\AgentLearner\\cache\\action_prefill\\71226.docx"}