{"Problem": "How to activate dictation in Word?", "Solution Steps": ["Open Microsoft Word.", "Click on the **Home** tab.", "In the **Voice** group, click on **Dictate**.", "If prompted, sign in with your Microsoft account.", "Click on **Dictate** again to start dictation.", "Begin speaking to see your words appear on the screen."], "new_problem": "Activate dictation in Word by navigating to the 'Home' tab and clicking on the 'Dictate' button. If prompted, sign in with your Microsoft account.", "action_plans": [{"step": "Navigate to the Home tab", "controlLabel": "11", "controlText": "Home", "function": "click_input", "args": {"button": "left", "double": false}}, {"step": "Click on the Dictate button", "controlLabel": "221", "controlText": "Dictate", "function": "click_input", "args": {"button": "left", "double": false}}], "action_prefill_file_path": "D:\\agents\\AgentLearner\\cache\\action_prefill\\71229.docx"}