{"Problem": "How to color the header and footer in Microsoft Word?", "Solution Steps": ["Double-click the header or footer area to activate it.", "On the **Header & Footer Tools Design** tab, in the **Header & Footer** group, click **Header** or **Footer**.", "Select **Edit Header** or **Edit Footer**.", "Highlight the text or area you want to color.", "On the **Home** tab, in the **Font** group, click the arrow next to **Text Highlight Color**.", "Choose the color you want to apply."], "new_problem": "Color the header and footer in Microsoft Word.", "action_plans": [{"step": "Double-click the header area to activate it", "controlLabel": "", "controlText": "", "function": "click_input", "args": {"control_id": "", "control_name": "Header", "button": "left", "double": true}}, {"step": "Select Edit Header", "controlLabel": "258", "controlText": "Header", "function": "click_input", "args": {"button": "left", "double": false}}, {"step": "Highlight the text or area in the header", "controlLabel": "", "controlText": "", "function": "select_text", "args": {"text": "Header Text"}}, {"step": "Switch to the Home tab", "controlLabel": "24", "controlText": "Home", "function": "click_input", "args": {"button": "left", "double": false}}, {"step": "Click the Text Highlight Color button", "controlLabel": "163", "controlText": "Text Highlight Color", "function": "click_input", "args": {"button": "left", "double": false}}, {"step": "Choose the color to apply", "controlLabel": "", "controlText": "Yellow", "function": "click_input", "args": {"button": "left", "double": false}}, {"step": "Double-click the footer area to activate it", "controlLabel": "", "controlText": "", "function": "click_input", "args": {"control_id": "", "control_name": "Footer", "button": "left", "double": true}}, {"step": "Select Edit Footer", "controlLabel": "259", "controlText": "Footer", "function": "click_input", "args": {"button": "left", "double": false}}, {"step": "Highlight the text or area in the footer", "controlLabel": "", "controlText": "", "function": "select_text", "args": {"text": "Footer Text"}}, {"step": "Switch to the Home tab", "controlLabel": "24", "controlText": "Home", "function": "click_input", "args": {"button": "left", "double": false}}, {"step": "Click the Text Highlight Color button", "controlLabel": "163", "controlText": "Text Highlight Color", "function": "click_input", "args": {"button": "left", "double": false}}, {"step": "Choose the color to apply", "controlLabel": "", "controlText": "Yellow", "function": "click_input", "args": {"button": "left", "double": false}}], "action_prefill_file_path": "D:\\agents\\AgentLearner\\cache\\action_prefill\\71221.docx"}