{"Problem": "How to add the Mendeley plugin to Word?", "Solution Steps": ["Open Microsoft Word on your computer.", "Click on the **Insert** tab at the top of the Word window.", "Select **Get Add-ins** or **Store** to open the Office Add-ins window.", "In the Office Add-ins window, use the search bar to type 'Mendeley'.", "Find the Mendeley Citation Plugin in the search results and click **Add** to install it.", "Once installed, you may need to sign in to your Mendeley account to use the plugin.", "After signing in, the Mendeley toolbar should appear in Word, allowing you to insert citations and bibliographies."], "new_problem": "Add the Mendeley plugin to Word by navigating to the 'Insert' tab, selecting 'Get Add-ins', searching for 'Mendeley', and adding it.", "action_plans": [{"step": "Click on the 'Insert' tab", "controlLabel": "25", "controlText": "Insert", "function": "click_input", "args": {"button": "left", "double": false}}, {"step": "Select 'Get Add-ins' or 'Store'", "controlLabel": "226", "controlText": "Add-ins", "function": "click_input", "args": {"button": "left", "double": false}}, {"step": "Search for 'Mendeley' in the Office Add-ins window", "controlLabel": "14", "controlText": "Search", "function": "set_edit_text", "args": {"control_id": "14", "text": "Mendeley"}}, {"step": "Find the Mendeley Citation Plugin and click 'Add'", "controlLabel": "", "controlText": "Mendeley Citation Plugin", "function": "click_input", "args": {"button": "left", "double": false}}], "action_prefill_file_path": "D:\\agents\\AgentLearner\\cache\\action_prefill\\71228.docx"}