{"Problem": "How to capitalize each word in a paragraph in Microsoft Word.", "Solution Steps": ["Select the paragraph that you want to capitalize.", "On the **Home** tab, in the **Font** group, click the **Change Case** button (represented by 'Aa').", "Select **Capitalize Each Word** from the dropdown menu."], "new_problem": "Capitalize each word in the paragraph 'text to edit' in Microsoft Word.", "action_plans": [{"step": "select the paragraph 'text to edit'", "controlLabel": "", "controlText": "", "function": "select_text", "args": {"text": "text to edit"}}, {"step": "navigate to the Home tab", "controlLabel": "24", "controlText": "Home", "function": "click_input", "args": {"button": "left", "double": false}}, {"step": "click the Change Case button", "controlLabel": "150", "controlText": "Change Case", "function": "click_input", "args": {"button": "left", "double": false}}, {"step": "select Capitalize Each Word", "controlLabel": "", "controlText": "Capitalize Each Word", "function": "click_input", "args": {"button": "left", "double": false}}], "action_prefill_file_path": "D:\\agents\\AgentLearner\\cache\\action_prefill\\71240.docx"}