{"Problem": "How to create invitations in Microsoft Word?", "Solution Steps": ["Open Microsoft Word.", "Click on **File** in the top left corner.", "Select **New** from the dropdown menu.", "In the search bar, type 'invitation' and press Enter.", "Browse through the available invitation templates and select one that you like.", "Click **Create** to open the selected template.", "Customize the text, images, and other elements in the template as needed.", "Once you are satisfied with your invitation, click **File**.", "Select **Save As** to save your customized invitation."], "new_problem": "Create an invitation in Microsoft Word by selecting a template, customizing it, and saving it.", "action_plans": [{"step": "Open the File menu", "controlLabel": "22", "controlText": "File Tab", "function": "click_input", "args": {"button": "left", "double": false}}, {"step": "Select New from the File menu", "controlLabel": "22", "controlText": "File Tab", "function": "click_input", "args": {"button": "left", "double": false}}, {"step": "Search for invitation templates", "controlLabel": "14", "controlText": "Search", "function": "set_edit_text", "args": {"text": "invitation"}}, {"step": "Press Enter to search", "controlLabel": "14", "controlText": "Search", "function": "type_keys", "args": {"text": "{ENTER}"}}, {"step": "Select an invitation template", "controlLabel": "47", "controlText": "Document", "function": "click_input", "args": {"button": "left", "double": false}}, {"step": "Create the selected template", "controlLabel": "10", "controlText": "New Blank Document", "function": "click_input", "args": {"button": "left", "double": false}}, {"step": "Customize the text in the template", "controlLabel": "14", "controlText": "Search", "function": "set_edit_text", "args": {"text": "Your custom text here"}}, {"step": "Save the customized invitation", "controlLabel": "9", "controlText": "Save", "function": "click_input", "args": {"button": "left", "double": false}}], "action_prefill_file_path": "D:\\agents\\AgentLearner\\cache\\action_prefill\\71248.docx"}