{"Problem": "How to remove double line spacing in Word after pasting", "Solution Steps": ["Select the text where you want to remove double line spacing.", "Go to the **Home** tab, in the **Paragraph** group, click the **Line and Paragraph Spacing** icon (it looks like a few horizontal lines with arrows pointing up and down).", "From the dropdown menu, select **1.0** to apply single line spacing, or click **Line Spacing Options** for more detailed settings.", "In the **Line Spacing** dropdown within the **Paragraph** dialog box, select **Single** and click **OK**."], "new_problem": "Remove double line spacing in the Word document.", "action_plans": [{"step": "select the text with double line spacing", "controlLabel": "", "controlText": "", "function": "select_text", "args": {"text": "text to edit"}}, {"step": "navigate to the Home tab", "controlLabel": "11", "controlText": "Home", "function": "click_input", "args": {"button": "left", "double": false}}, {"step": "click the Line and Paragraph Spacing icon", "controlLabel": "190", "controlText": "Line and Paragraph Spacing", "function": "click_input", "args": {"button": "left", "double": false}}, {"step": "select single line spacing", "controlLabel": "", "controlText": "1.0", "function": "click_input", "args": {"button": "left", "double": false}}], "action_prefill_file_path": "D:\\agents\\AgentLearner\\cache\\action_prefill\\71257.docx"}