{"Problem": "How to cite a Microsoft Word document", "Solution Steps": ["Place the cursor at the end of the sentence or phrase that you want to cite.", "Go to the **References** tab.", "In the **Citations & Bibliography** group, click **Insert Citation**.", "If you have previously used a citation and it's stored in Word, select the citation from the list. If not, click **Add New Source**.", "In the **Create Source** window, fill in the details of your source. Make sure to select the correct type of source (e.g., book, website, journal article) at the top.", "After filling in the source information, click **OK**.", "Word will insert a citation at the cursor's location in the document."], "new_problem": "Cite a source in the Microsoft Word document.", "action_plans": [{"step": "Place the cursor at the end of the sentence or phrase that you want to cite.", "controlLabel": "103", "controlText": "Page 1 content", "function": "click_input", "args": {"button": "left", "double": false}}, {"step": "Go to the References tab.", "controlLabel": "29", "controlText": "References", "function": "click_input", "args": {"button": "left", "double": false}}, {"step": "Click Insert Citation.", "controlLabel": "332", "controlText": "Insert Citation", "function": "click_input", "args": {"button": "left", "double": false}}, {"step": "Add a new source if not previously used.", "controlLabel": "", "controlText": "Add New Source", "function": "click_input", "args": {"button": "left", "double": false}}, {"step": "Fill in the details of your source in the Create Source window.", "controlLabel": "", "controlText": "Create Source", "function": "set_edit_text", "args": {"control_id": "", "text": "Source details", "newline": true}}, {"step": "Click OK to insert the citation.", "controlLabel": "", "controlText": "OK", "function": "click_input", "args": {"button": "left", "double": false}}], "action_prefill_file_path": "D:\\agents\\AgentLearner\\cache\\action_prefill\\7127.docx"}