{"Problem": "How to create page numbers at the top and Roman numerals at the bottom in Word", "Solution Steps": ["Click the **Insert** tab.", "In the **Header & Footer** group, click **Page Number**.", "Select **Top of Page** and choose the desired style for the page numbers at the top.", "Scroll down to the bottom of the page and double-click in the footer area to activate it.", "In the **Header & Footer** group, click **Page Number** again.", "Select **Bottom of Page** and choose the desired style for the page numbers at the bottom.", "Click the **Page Number** button again in the **Header & Footer** group.", "Select **Format Page Numbers**.", "In the **Page Number Format** dialog box, select **Roman** from the **Number format** dropdown list.", "Click **OK**.", "Close the header and footer by clicking **Close Header and Footer** in the **Header & Footer Tools** tab."], "new_problem": "Create page numbers at the top and Roman numerals at the bottom in the Word document.", "action_plans": [{"step": "Click the Insert tab", "controlLabel": "25", "controlText": "Insert", "function": "click_input", "args": {"button": "left", "double": false}}, {"step": "Click Page Number in the Header & Footer group", "controlLabel": "84", "controlText": "Page Number Page 1 of 1", "function": "click_input", "args": {"button": "left", "double": false}}, {"step": "Select Top of Page and choose the desired style", "controlLabel": "", "controlText": "", "function": "type_keys", "args": {"text": "{DOWN}{ENTER}"}}, {"step": "Scroll down to the bottom of the page", "controlLabel": "104", "controlText": "Vertical", "function": "wheel_mouse_input", "args": {"wheel_dist": -100}}, {"step": "Double-click in the footer area to activate it", "controlLabel": "102", "controlText": "Page 1", "function": "click_input", "args": {"button": "left", "double": true}}, {"step": "Click Page Number in the Header & Footer group again", "controlLabel": "84", "controlText": "Page Number Page 1 of 1", "function": "click_input", "args": {"button": "left", "double": false}}, {"step": "Select Bottom of Page and choose the desired style", "controlLabel": "", "controlText": "", "function": "type_keys", "args": {"text": "{DOWN}{ENTER}"}}, {"step": "Click the Page Number button again in the Header & Footer group", "controlLabel": "84", "controlText": "Page Number Page 1 of 1", "function": "click_input", "args": {"button": "left", "double": false}}, {"step": "Select Format Page Numbers", "controlLabel": "", "controlText": "", "function": "type_keys", "args": {"text": "{DOWN}{DOWN}{ENTER}"}}, {"step": "Select Roman from the Number format dropdown list", "controlLabel": "", "controlText": "", "function": "type_keys", "args": {"text": "{TAB}{TAB}{DOWN}{DOWN}{ENTER}"}}, {"step": "Click OK", "controlLabel": "", "controlText": "", "function": "type_keys", "args": {"text": "{ENTER}"}}, {"step": "Close the header and footer", "controlLabel": "", "controlText": "", "function": "type_keys", "args": {"text": "{ESC}"}}], "action_prefill_file_path": "D:\\agents\\AgentLearner\\cache\\action_prefill\\71276.docx"}