{"Problem": "How to enlarge printing on a Word document when using HP Smart?", "Solution Steps": ["Open the Word document you want to print.", "Click on **File** in the top-left corner.", "Select **Print** from the menu.", "In the **Printer** dropdown, select your HP printer.", "Click on **Printer Properties** or **Preferences**.", "Navigate to the **Effects** tab.", "Under **Resizing Options**, select **Print Document On** and choose a larger paper size to enlarge the print.", "Alternatively, you can use the **Scale to Fit** option and set a custom scale percentage to enlarge the print.", "Click **OK** to save the settings.", "Click **Print** to print your document with the enlarged settings."], "new_problem": "Enlarge printing on a Word document when using HP Smart by adjusting the resizing options in the print settings.", "action_plans": [{"step": "Open the File menu", "controlLabel": "21", "controlText": "Close", "function": "click_input", "args": {"button": "left", "double": false}}, {"step": "Select Print from the menu", "controlLabel": "37", "controlText": "Share", "function": "click_input", "args": {"button": "left", "double": false}}, {"step": "Select the HP printer", "controlLabel": "108", "controlText": "System", "function": "click_input", "args": {"button": "left", "double": false}}, {"step": "Open Printer Properties", "controlLabel": "438", "controlText": "Properties", "function": "click_input", "args": {"button": "left", "double": false}}, {"step": "Navigate to the Effects tab", "controlLabel": "283", "controlText": "Size", "function": "click_input", "args": {"button": "left", "double": false}}, {"step": "Select Print Document On and choose a larger paper size", "controlLabel": "283", "controlText": "Size", "function": "click_input", "args": {"button": "left", "double": false}}, {"step": "Use the Scale to Fit option and set a custom scale percentage", "controlLabel": "283", "controlText": "Size", "function": "click_input", "args": {"button": "left", "double": false}}, {"step": "Save the settings", "controlLabel": "21", "controlText": "Close", "function": "click_input", "args": {"button": "left", "double": false}}, {"step": "Print the document", "controlLabel": "21", "controlText": "Close", "function": "click_input", "args": {"button": "left", "double": false}}], "action_prefill_file_path": "D:\\agents\\AgentLearner\\cache\\action_prefill\\71288.docx"}