{"Problem": "How to save a Word document for free", "Solution Steps": ["Click the **File** tab in the upper-left corner of the window.", "Select **Save As** from the menu.", "Choose a location where you want to save the document, such as **This PC** or **OneDrive**.", "Enter a name for your document in the **File name** field.", "Click **Save**."], "new_problem": "Save the Word document for free by following these steps: Click the 'File' tab, select 'Save As', choose a location, enter a file name, and click 'Save'.", "action_plans": [{"step": "Click the 'File' tab in the upper-left corner of the window.", "controlLabel": "108", "controlText": "System", "function": "click_input", "args": {"button": "left", "double": false}}, {"step": "Select 'Save As' from the menu.", "controlLabel": "109", "controlText": "System", "function": "click_input", "args": {"button": "left", "double": false}}, {"step": "Choose a location where you want to save the document, such as 'This PC' or 'OneDrive'.", "controlLabel": "144", "controlText": "Open", "function": "click_input", "args": {"button": "left", "double": false}}, {"step": "Enter a name for your document in the 'File name' field.", "controlLabel": "101", "controlText": "Doc1", "function": "set_edit_text", "args": {"control_id": "101", "text": "MyDocument", "newline": false}}, {"step": "Click 'Save'.", "controlLabel": "9", "controlText": "Save", "function": "click_input", "args": {"button": "left", "double": false}}], "action_prefill_file_path": "D:\\agents\\AgentLearner\\cache\\action_prefill\\71289.docx"}