{"Problem": "How to access the AutoCorrect options in Microsoft Word?", "Solution Steps": ["Open Microsoft Word.", "Click on the **File** tab in the upper-left corner.", "Select **Options** from the menu.", "In the **Word Options** dialog box, click on **Proofing** in the left-hand menu.", "Click the **AutoCorrect Options** button."], "new_problem": "Access the AutoCorrect options in Microsoft Word.", "action_plans": [{"step": "Click on the File tab", "controlLabel": "22", "controlText": "File Tab", "function": "click_input", "args": {"button": "left", "double": false}}, {"step": "Select Options from the menu", "controlLabel": "109", "controlText": "System", "function": "click_input", "args": {"button": "left", "double": false}}, {"step": "Click on Proofing in the Word Options dialog box", "controlLabel": "351", "controlText": "Proofing", "function": "click_input", "args": {"button": "left", "double": false}}, {"step": "Click the AutoCorrect Options button", "controlLabel": "8", "controlText": "AutoSave", "function": "click_input", "args": {"button": "left", "double": false}}], "action_prefill_file_path": "D:\\agents\\AgentLearner\\cache\\action_prefill\\7129.docx"}