{"Problem": "How to copy an image from a PDF to Word", "Solution Steps": ["Open the PDF document from which you want to copy the image.", "Use the **Snapshot Tool** or **Select Tool** in your PDF reader to select the image. In Adobe Reader, you can find this by clicking **Edit** and then **Take a Snapshot** or **Select Tool**.", "Once the image is selected, right-click on it and choose **Copy Image** or simply press **Ctrl+C** on your keyboard.", "Open your Microsoft Word document.", "Place the cursor where you want to insert the image.", "Right-click and select **Paste** or press **Ctrl+V** on your keyboard to paste the copied image."], "new_problem": "Copy an image from a PDF and paste it into the Word document.", "action_plans": [{"step": "Open the PDF document and select the image using the Snapshot Tool or Select Tool.", "controlLabel": "", "controlText": "", "function": "", "args": {}}, {"step": "Copy the selected image.", "controlLabel": "", "controlText": "", "function": "", "args": {}}, {"step": "Open the Word document.", "controlLabel": "", "controlText": "", "function": "", "args": {}}, {"step": "Place the cursor where you want to insert the image.", "controlLabel": "103", "controlText": "Page 1 content", "function": "click_input", "args": {"button": "left", "double": false}}, {"step": "Paste the copied image.", "controlLabel": "137", "controlText": "Paste", "function": "click_input", "args": {"button": "left", "double": false}}], "action_prefill_file_path": "D:\\agents\\AgentLearner\\cache\\action_prefill\\71306.docx"}