{"Problem": "How to create a tag template in Word", "Solution Steps": ["Open Microsoft Word and create a new document.", "Design your tag template by inserting shapes, text boxes, images, or any other elements you want to include in your tag. To insert shapes or text boxes, go to the **Insert** tab and select **Shapes** or **Text Box**.", "Customize the design of your tag by adjusting the size, color, and font of the elements you've added. You can do this by selecting an element and then using the options in the **Format** tab.", "If you want to create multiple tags on a single page, copy and paste the tag design you've created within the document, adjusting the layout as necessary.", "Once you are satisfied with your tag template, save the document by clicking **File** and then **Save As**. Choose a location and a file format that suits your needs."], "new_problem": "Create a tag template in Word by inserting shapes, text boxes, and customizing the design.", "action_plans": [{"step": "Open the Insert tab to access shapes and text boxes", "controlLabel": "25", "controlText": "Insert", "function": "click_input", "args": {"button": "left", "double": false}}, {"step": "Insert a shape for the tag", "controlLabel": "239", "controlText": "Shapes", "function": "click_input", "args": {"button": "left", "double": false}}, {"step": "Insert a text box for the tag", "controlLabel": "262", "controlText": "Text Box", "function": "click_input", "args": {"button": "left", "double": false}}, {"step": "Customize the shape and text box", "controlLabel": "", "controlText": "", "function": "type_keys", "args": {"text": "{VK_CONTROL down}{VK_SHIFT down}{L down}{L up}{VK_SHIFT up}{VK_CONTROL up}", "newline": false}}, {"step": "Copy and paste the tag design to create multiple tags", "controlLabel": "", "controlText": "", "function": "type_keys", "args": {"text": "{VK_CONTROL down}{C down}{C up}{VK_CONTROL up}{VK_CONTROL down}{V down}{V up}{VK_CONTROL up}", "newline": false}}, {"step": "Save the document", "controlLabel": "9", "controlText": "Save", "function": "click_input", "args": {"button": "left", "double": false}}], "action_prefill_file_path": "D:\\agents\\AgentLearner\\cache\\action_prefill\\71314.docx"}