{"Problem": "How to add crop marks in a Word document?", "Solution Steps": ["Click the **File** tab.", "Select **Options**.", "In the **Word Options** dialog box, click **Advanced**.", "Scroll down to the **Show document content** section.", "Check the box for **Show crop marks**.", "Click **OK** to apply the changes."], "new_problem": "Add crop marks in the Word document by navigating through the 'File' tab, selecting 'Options', and enabling 'Show crop marks' in the 'Advanced' settings.", "action_plans": [{"step": "Click the 'File' tab", "controlLabel": "62", "controlText": "Word", "function": "click_input", "args": {"button": "left", "double": false}}, {"step": "Select 'Options'", "controlLabel": "123", "controlText": "Edit", "function": "click_input", "args": {"button": "left", "double": false}}, {"step": "In the 'Word Options' dialog box, click 'Advanced'", "controlLabel": "225", "controlText": "Add-ins", "function": "click_input", "args": {"button": "left", "double": false}}, {"step": "Scroll down to the 'Show document content' section", "controlLabel": "94", "controlText": "Zoom", "function": "wheel_mouse_input", "args": {"control_id": "94", "wheel_dist": -20}}, {"step": "Check the box for 'Show crop marks'", "controlLabel": "195", "controlText": "Borders", "function": "click_input", "args": {"button": "left", "double": false}}, {"step": "Click 'OK' to apply the changes", "controlLabel": "147", "controlText": "Open", "function": "click_input", "args": {"button": "left", "double": false}}], "action_prefill_file_path": "D:\\agents\\AgentLearner\\cache\\action_prefill\\71319.docx"}