{"Problem": "How to set the biggest font size in Word?", "Solution Steps": ["Select the text that you want to change the font size for.", "On the **Home** tab, in the **Font** group, click the **Font Size** drop-down menu.", "Scroll to the bottom of the list and select the largest font size available, which is 72.", "If you need a larger size, click in the **Font Size** box, type a larger number (e.g., 100), and press **Enter**."], "new_problem": "Set the font size of 'text to edit' to the largest available size in Word.", "action_plans": [{"step": "Select the text 'text to edit'", "controlLabel": "", "controlText": "", "function": "select_text", "args": {"text": "text to edit"}}, {"step": "Click on the 'Font Size' ComboBox", "controlLabel": "145", "controlText": "Font Size", "function": "click_input", "args": {"button": "left", "double": false}}, {"step": "Set the font size to 72", "controlLabel": "146", "controlText": "12", "function": "set_edit_text", "args": {"control_id": "146", "text": "72", "newline": true}}, {"step": "Manually input a larger font size if needed", "controlLabel": "146", "controlText": "12", "function": "set_edit_text", "args": {"control_id": "146", "text": "100", "newline": true}}], "action_prefill_file_path": "D:\\agents\\AgentLearner\\cache\\action_prefill\\71321.docx"}