{"Problem": "How to add an A4 size border in a Word document.", "Solution Steps": ["Open your Word document.", "Go to the **Design** tab.", "Click on **Page Borders** in the **Page Background** group.", "In the **Borders and Shading** dialog box, go to the **Page Border** tab.", "Under **Setting**, choose the border style you want.", "Under **Style**, select the line style you prefer.", "Under **Color**, choose the color of the border.", "Under **Width**, select the width of the border.", "Ensure **Apply to** is set to **Whole document**.", "Click **OK** to apply the border."], "new_problem": "Click on the 'Page Borders...' button in the Word document and set the border to A4 size.", "action_plans": ["{\"step\":\"Click on the 'Page Borders...' button\",\"controlLabel\":\"76\",\"controlText\":\"Page Borders...\",\"function\":\"click_input\",\"args\":{\"control_id\":\"76\",\"button\":\"left\",\"double\":false}}", "{\"step\":\"Set the border size to A4 in the dialog box\",\"controlLabel\":\"\",\"controlText\":\"\",\"function\":\"\",\"args\":{}}"], "action_prefill_file_path": "D:\\agents\\AgentLearner\\cache\\action_prefill\\71329.docx"}