{"Problem": "How to create a summary and action points from a Word document?", "Solution Steps": ["Open the Word document you want to create a summary and action points from.", "Read through the document to identify the main points and actions required.", "Highlight or make a note of key sections or phrases that should be included in the summary.", "Create a new section at the beginning or end of the document for the summary.", "Summarize the main points in your own words and list them in the new section.", "Under the summary, create a subsection titled 'Action Points'.", "List the actions required, who is responsible for each action, and any deadlines or important dates.", "Review the summary and action points to ensure they accurately reflect the content of the document and the steps needed.", "Save the document with the summary and action points included."], "new_problem": "Create a summary and action points from the Word document by inserting a new section, summarizing the main points, and listing the action points.", "action_plans": [{"step": "Insert a new section for the summary and action points", "controlLabel": "25", "controlText": "Insert", "function": "click_input", "args": {"button": "left", "double": false}}, {"step": "Insert a new page for the summary and action points", "controlLabel": "", "controlText": "Page Break", "function": "click_input", "args": {"button": "left", "double": false}}, {"step": "Create a heading for the summary section", "controlLabel": "103", "controlText": "Page 1 content", "function": "set_edit_text", "args": {"text": "Summary\n", "newline": true}}, {"step": "Summarize the main points", "controlLabel": "103", "controlText": "Page 1 content", "function": "set_edit_text", "args": {"text": "Main points of the document...\n", "newline": true}}, {"step": "Create a heading for the action points section", "controlLabel": "103", "controlText": "Page 1 content", "function": "set_edit_text", "args": {"text": "Action Points\n", "newline": true}}, {"step": "List the action points", "controlLabel": "103", "controlText": "Page 1 content", "function": "set_edit_text", "args": {"text": "1. Action point one...\n2. Action point two...\n", "newline": true}}, {"step": "Save the document with the summary and action points included", "controlLabel": "9", "controlText": "Save", "function": "click_input", "args": {"button": "left", "double": false}}], "action_prefill_file_path": "D:\\agents\\AgentLearner\\cache\\action_prefill\\71320.docx"}