{"Problem": "How to add a macro in a Word module.", "Solution Steps": ["Open the Word document where you want to add the macro.", "Press **Alt + F11** to open the Visual Basic for Applications editor.", "In the VBA editor, click **Insert** on the menu bar.", "Select **Module** from the dropdown menu to insert a new module.", "In the new module window, type or paste the VBA code for your macro.", "Close the VBA editor by clicking the **X** button or pressing **Alt + Q**.", "To run the macro, press **Alt + F8** to open the Macro dialog box.", "Select the macro you want to run and click **Run**."], "new_problem": "Add a macro in a Word module by opening the VBA editor, inserting a new module, adding VBA code, and running the macro.", "action_plans": [{"step": "Open the Word document where you want to add the macro", "controlLabel": "144", "controlText": "Open", "function": "click_input", "args": {"button": "left", "double": false}}, {"step": "Press Alt + F11 to open the Visual Basic for Applications editor", "controlLabel": "146", "controlText": "12", "function": "type_keys", "args": {"text": "{VK_MENU down}{VK_F11}{VK_MENU up}", "newline": false}}, {"step": "In the VBA editor, click Insert on the menu bar", "controlLabel": "108", "controlText": "System", "function": "click_input", "args": {"button": "left", "double": false}}, {"step": "Select Module from the dropdown menu to insert a new module", "controlLabel": "109", "controlText": "System", "function": "click_input", "args": {"button": "left", "double": false}}, {"step": "In the new module window, type or paste the VBA code for your macro", "controlLabel": "146", "controlText": "12", "function": "set_edit_text", "args": {"text": "Sub MyMacro()\n' Your code here\nEnd Sub", "newline": true}}, {"step": "Close the VBA editor by clicking the X button or pressing Alt + Q", "controlLabel": "146", "controlText": "12", "function": "type_keys", "args": {"text": "{VK_MENU down}{VK_Q}{VK_MENU up}", "newline": false}}, {"step": "To run the macro, press Alt + F8 to open the Macro dialog box", "controlLabel": "146", "controlText": "12", "function": "type_keys", "args": {"text": "{VK_MENU down}{VK_F8}{VK_MENU up}", "newline": false}}, {"step": "Select the macro you want to run and click Run", "controlLabel": "435", "controlText": "View Macros", "function": "click_input", "args": {"button": "left", "double": false}}], "action_prefill_file_path": "D:\\agents\\AgentLearner\\cache\\action_prefill\\71339.docx"}