{"Problem": "How to convert a Word file to RTF.", "Solution Steps": ["Open the Word document you want to convert to RTF.", "Click on the **File** tab in the top-left corner of the screen.", "Select **Save As** from the sidebar.", "Choose the location where you want to save the file.", "In the **Save as type** dropdown menu, select **Rich Text Format (*.rtf)**.", "Enter a name for your file if you wish to change it.", "Click **Save**."], "new_problem": "Convert the current Word file to Rich Text Format (RTF).", "action_plans": [{"step": "Click on the File tab", "controlLabel": "22", "controlText": "File Tab", "function": "click_input", "args": {"button": "left", "double": false}}, {"step": "Select Save As from the sidebar", "controlLabel": "9", "controlText": "Save", "function": "click_input", "args": {"button": "left", "double": false}}, {"step": "Choose the location to save the file", "controlLabel": "", "controlText": "", "function": "", "args": {}}, {"step": "Select Rich Text Format (*.rtf) from the Save as type dropdown", "controlLabel": "", "controlText": "", "function": "", "args": {}}, {"step": "Enter a name for the file", "controlLabel": "", "controlText": "", "function": "", "args": {}}, {"step": "Click Save", "controlLabel": "9", "controlText": "Save", "function": "click_input", "args": {"button": "left", "double": false}}], "action_prefill_file_path": "D:\\agents\\AgentLearner\\cache\\action_prefill\\71338.docx"}