{"Problem": "How to create the best spooky print in Word?", "Solution Steps": ["Open a new or existing document in Word.", "Click the **Design** tab.", "In the **Document Formatting** group, choose a theme that fits a spooky aesthetic, such as **Black and White** or **Dark Mode**.", "Click the **Insert** tab.", "In the **Text** group, click **WordArt** and choose a style that looks spooky.", "Type your spooky text in the WordArt box.", "To add spooky images, click the **Insert** tab, then click **Pictures** in the **Illustrations** group and choose an appropriate image from your files or online sources.", "To add spooky shapes, click the **Insert** tab, then click **Shapes** in the **Illustrations** group and choose shapes like bats, ghosts, or other spooky figures.", "To change the font to something spooky, select your text, then click the **Home** tab, and choose a spooky font like **Chiller** or **Creepster** from the **Font** group.", "Adjust the font size and color to enhance the spooky effect.", "Save your document by clicking **File** and then **Save As**."], "new_problem": "Create the best spooky print in Word by selecting a spooky theme, inserting spooky text and images, and adjusting the font and colors.", "action_plans": [{"step": "Open the Design tab to select a spooky theme", "controlLabel": "27", "controlText": "Design", "function": "click_input", "args": {"button": "left", "double": false}}, {"step": "Select a spooky theme", "controlLabel": "", "controlText": "", "function": "type_keys", "args": {"text": "Black and White"}}, {"step": "Open the Insert tab to add WordArt", "controlLabel": "25", "controlText": "Insert", "function": "click_input", "args": {"button": "left", "double": false}}, {"step": "Insert spooky WordArt", "controlLabel": "", "controlText": "", "function": "type_keys", "args": {"text": "{VK_ALT down}N{VK_ALT up}W"}}, {"step": "Type spooky text in the WordArt box", "controlLabel": "", "controlText": "", "function": "set_edit_text", "args": {"text": "Spooky Text"}}, {"step": "Insert spooky images", "controlLabel": "", "controlText": "", "function": "type_keys", "args": {"text": "{VK_ALT down}N{VK_ALT up}P"}}, {"step": "Insert spooky shapes", "controlLabel": "", "controlText": "", "function": "type_keys", "args": {"text": "{VK_ALT down}N{VK_ALT up}S"}}, {"step": "Change the font to a spooky font", "controlLabel": "", "controlText": "", "function": "type_keys", "args": {"text": "{VK_CONTROL down}D{VK_CONTROL up}Chiller"}}, {"step": "Adjust the font size and color", "controlLabel": "", "controlText": "", "function": "type_keys", "args": {"text": "{VK_CONTROL down}D{VK_CONTROL up}24"}}, {"step": "Save the document", "controlLabel": "9", "controlText": "Save", "function": "click_input", "args": {"button": "left", "double": false}}], "action_prefill_file_path": "D:\\agents\\AgentLearner\\cache\\action_prefill\\7133.docx"}