{"Problem": "\u5982\u4f55\u5728Microsoft Word\u4e2d\u6dfb\u52a0\u5355\u8fb9\u70b9\u72b6\u8fb9\u6846", "Solution Steps": ["\u9009\u62e9\u4f60\u60f3\u8981\u6dfb\u52a0\u8fb9\u6846\u7684\u6bb5\u843d\u6216\u6587\u672c\u3002", "\u70b9\u51fb **\u8bbe\u8ba1** \u9009\u9879\u5361\u3002", "\u5728 **\u9875\u9762\u80cc\u666f** \u7ec4\u4e2d\uff0c\u70b9\u51fb **\u9875\u9762\u8fb9\u6846**\u3002", "\u5728 **\u8fb9\u6846\u548c\u5e95\u7eb9** \u5bf9\u8bdd\u6846\u4e2d\uff0c\u9009\u62e9 **\u8fb9\u6846** \u9009\u9879\u5361\u3002", "\u5728 **\u8bbe\u7f6e** \u4e2d\u9009\u62e9 **\u81ea\u5b9a\u4e49**\u3002", "\u5728 **\u6837\u5f0f** \u4e0b\u62c9\u83dc\u5355\u4e2d\u9009\u62e9\u70b9\u72b6\u7ebf\u6761\u6837\u5f0f\u3002", "\u5728 **\u5e94\u7528\u4e8e** \u4e0b\u62c9\u83dc\u5355\u4e2d\u9009\u62e9 **\u6bb5\u843d** \u6216 **\u6587\u672c**\u3002", "\u5728 **\u9884\u89c8** \u533a\u57df\u4e2d\uff0c\u70b9\u51fb\u4f60\u60f3\u8981\u6dfb\u52a0\u8fb9\u6846\u7684\u8fb9\uff08\u4f8b\u5982\uff0c\u53ea\u70b9\u51fb\u5e95\u90e8\u8fb9\u6846\uff09\u3002", "\u70b9\u51fb **\u786e\u5b9a** \u4ee5\u5e94\u7528\u8fb9\u6846\u3002"], "new_problem": "\u5728Microsoft Word\u4e2d\u4e3a\u6bb5\u843d\u6216\u6587\u672c\u6dfb\u52a0\u5355\u8fb9\u70b9\u72b6\u8fb9\u6846\u3002", "action_plans": [{"step": "\u9009\u62e9\u8981\u6dfb\u52a0\u8fb9\u6846\u7684\u6bb5\u843d\u6216\u6587\u672c", "controlLabel": "", "controlText": "", "function": "select_text", "args": {"text": "[Grab your reader\u2019s attention with a great quote from the document or use this space to emphasize a key point. To place this text box anywhere on the page, just drag it.]"}}, {"step": "\u70b9\u51fb\u8bbe\u8ba1\u9009\u9879\u5361", "controlLabel": "27", "controlText": "Design", "function": "click_input", "args": {"button": "left", "double": false}}, {"step": "\u70b9\u51fb\u9875\u9762\u8fb9\u6846\u6309\u94ae", "controlLabel": "76", "controlText": "Page Borders...", "function": "click_input", "args": {"button": "left", "double": false}}, {"step": "\u5728\u8fb9\u6846\u548c\u5e95\u7eb9\u5bf9\u8bdd\u6846\u4e2d\u9009\u62e9\u8fb9\u6846\u9009\u9879\u5361", "controlLabel": "", "controlText": "", "function": "click_input", "args": {"control_id": "Borders", "button": "left", "double": false}}, {"step": "\u9009\u62e9\u81ea\u5b9a\u4e49\u8bbe\u7f6e", "controlLabel": "", "controlText": "", "function": "click_input", "args": {"control_id": "Custom", "button": "left", "double": false}}, {"step": "\u5728\u6837\u5f0f\u4e0b\u62c9\u83dc\u5355\u4e2d\u9009\u62e9\u70b9\u72b6\u7ebf\u6761\u6837\u5f0f", "controlLabel": "", "controlText": "", "function": "click_input", "args": {"control_id": "Dotted", "button": "left", "double": false}}, {"step": "\u5728\u5e94\u7528\u4e8e\u4e0b\u62c9\u83dc\u5355\u4e2d\u9009\u62e9\u6bb5\u843d\u6216\u6587\u672c", "controlLabel": "", "controlText": "", "function": "click_input", "args": {"control_id": "Paragraph", "button": "left", "double": false}}, {"step": "\u5728\u9884\u89c8\u533a\u57df\u4e2d\u70b9\u51fb\u8981\u6dfb\u52a0\u8fb9\u6846\u7684\u8fb9\uff08\u4f8b\u5982\uff0c\u53ea\u70b9\u51fb\u5e95\u90e8\u8fb9\u6846\uff09", "controlLabel": "", "controlText": "", "function": "click_input", "args": {"control_id": "BottomBorder", "button": "left", "double": false}}, {"step": "\u70b9\u51fb\u786e\u5b9a\u4ee5\u5e94\u7528\u8fb9\u6846", "controlLabel": "", "controlText": "", "function": "click_input", "args": {"control_id": "OK", "button": "left", "double": false}}], "action_prefill_file_path": "D:\\agents\\AgentLearner\\cache\\action_prefill\\7134.docx"}