{"Problem": "Convert DOC files to Word format", "Solution Steps": ["Open the DOC file in Microsoft Word.", "Click the **File** tab in the upper-left corner.", "Select **Save As** from the menu.", "Choose the location where you want to save the file.", "In the **Save as type** dropdown menu, select **Word Document (*.docx)**.", "Click **Save**."], "new_problem": "Convert the current DOC file to DOCX format in Microsoft Word.", "action_plans": [{"step": "Open the File tab", "controlLabel": "22", "controlText": "File Tab", "function": "click_input", "args": {"button": "left", "double": false}}, {"step": "Select Save As option", "controlLabel": "9", "controlText": "Save", "function": "click_input", "args": {"button": "left", "double": false}}, {"step": "Choose the location to save the file", "controlLabel": "", "controlText": "", "function": "type_keys", "args": {"text": "{TAB}{TAB}{ENTER}", "newline": false}}, {"step": "Select Word Document (*.docx) format", "controlLabel": "", "controlText": "", "function": "type_keys", "args": {"text": "{TAB}{TAB}{DOWN}{DOWN}{ENTER}", "newline": false}}, {"step": "Save the file", "controlLabel": "", "controlText": "", "function": "type_keys", "args": {"text": "{ENTER}", "newline": false}}], "action_prefill_file_path": "D:\\agents\\AgentLearner\\cache\\action_prefill\\7135.docx"}