{"Problem": "How to design a birthday wish poster.", "Solution Steps": ["Open Microsoft Word and select **Blank document** or choose a template if you prefer.", "Go to the **Design** tab to select a theme, color scheme, and font style for your poster.", "Click on the **Insert** tab to add images, shapes, or text boxes.", "Use **Text Box** to insert text and style it using options under the **Home** tab, such as **Font**, **Size**, **Color**, and **Paragraph** settings.", "To add pictures, click on **Pictures** under the **Insert** tab and select an image from your computer or online sources.", "Arrange your text and images by dragging them to the desired location on the page.", "Use **Shape Fill** and **Shape Outline** under the **Format** tab when a shape is selected to customize the colors and borders of your shapes.", "To add a background color or pattern, go to the **Page Layout** tab and select **Page Color**.", "Once your design is complete, save your document by clicking **File** and then **Save As**. Choose the desired file format and location."], "new_problem": "Design a birthday wish poster in Microsoft Word.", "action_plans": [{"step": "Select the 'Design' tab to choose a theme", "controlLabel": "27", "controlText": "Design", "function": "click_input", "args": {"button": "left", "double": false}}, {"step": "Select the 'Insert' tab to add text boxes and images", "controlLabel": "28", "controlText": "Layout", "function": "click_input", "args": {"button": "left", "double": false}}, {"step": "Insert a text box for the birthday wish", "controlLabel": "", "controlText": "", "function": "type_keys", "args": {"text": "{VK_CONTROL down}{VK_SHIFT down}{T down}{T up}{VK_SHIFT up}{VK_CONTROL up}", "newline": false}}, {"step": "Type the birthday wish text", "controlLabel": "146", "controlText": "12", "function": "set_edit_text", "args": {"control_id": "146", "text": "Happy Birthday!", "newline": true}}, {"step": "Insert an image for the poster", "controlLabel": "238", "controlText": "Pictures", "function": "click_input", "args": {"button": "left", "double": false}}, {"step": "Arrange the text and image on the poster", "controlLabel": "", "controlText": "", "function": "type_keys", "args": {"text": "{VK_CONTROL down}{VK_SHIFT down}{A down}{A up}{VK_SHIFT up}{VK_CONTROL up}", "newline": false}}, {"step": "Save the document", "controlLabel": "21", "controlText": "Close", "function": "click_input", "args": {"button": "left", "double": false}}], "action_prefill_file_path": "D:\\agents\\AgentLearner\\cache\\action_prefill\\71377.docx"}