{"Problem": "How to type \u00f1 (enye) in Word", "Solution Steps": ["Place the cursor where you want to type the \u00f1 character.", "Press and hold the **Alt** key on your keyboard.", "While holding the **Alt** key, type **0241** on the numeric keypad for lowercase \u00f1 or **0209** for uppercase \u00d1.", "Release the **Alt** key, and the \u00f1 or \u00d1 character will appear."], "new_problem": "Type the \u00f1 (enye) character in the Word document.", "action_plans": [{"step": "place the cursor where you want to type the \u00f1 character", "controlLabel": "", "controlText": "", "function": "click_input", "args": {}}, {"step": "press and hold the Alt key", "controlLabel": "", "controlText": "", "function": "type_keys", "args": {"text": "{VK_MENU down}"}}, {"step": "type 0241 on the numeric keypad for lowercase \u00f1", "controlLabel": "", "controlText": "", "function": "type_keys", "args": {"text": "0241"}}, {"step": "release the Alt key", "controlLabel": "", "controlText": "", "function": "type_keys", "args": {"text": "{VK_MENU up}"}}], "action_prefill_file_path": "D:\\agents\\AgentLearner\\cache\\action_prefill\\71373.docx"}