{"Problem": "How to create an AS9100 non-conformance report template in Word.", "Solution Steps": ["Open Microsoft Word on your computer.", "Click on the **File** tab and select **New** to create a new document.", "Type 'AS9100 non-conformance report' in the search bar and press Enter to see if there are any existing templates.", "If you find a suitable template, click on it and select **Create** to open a new document with the template.", "If there is no pre-existing template, you can create one from scratch. Start by adding a title to your document, such as 'AS9100 Non-Conformance Report'.", "Use the **Home** tab to format your title using the **Font** group for font style and size, and the **Paragraph** group for alignment.", "Insert a table by clicking on the **Insert** tab and selecting **Table**. Choose the number of columns and rows you need for your report sections.", "Label each cell with the required sections such as 'Non-Conformance Number', 'Reported By', 'Date', 'Description of Non-Conformance', 'Root Cause', 'Corrective Actions', etc.", "Format the table to your liking using the **Design** and **Layout** tabs under **Table Tools**.", "Add headers and footers by going to the **Insert** tab and selecting **Header** or **Footer** for page numbers, document title, or revision number.", "Save the template by clicking on the **File** tab, selecting **Save As**, and choosing 'Word Template (*.dotx)' in the 'Save as type' dropdown menu.", "Enter a name for your template and click **Save**."], "new_problem": "Create an AS9100 non-conformance report template in Word by adding a title, inserting a table with labeled sections, and saving it as a template.", "action_plans": [{"step": "Create a new document", "controlLabel": "144", "controlText": "Open", "function": "click_input", "args": {"button": "left", "double": false}}, {"step": "Add a title 'AS9100 Non-Conformance Report'", "controlLabel": "", "controlText": "", "function": "set_edit_text", "args": {"control_id": "", "text": "AS9100 Non-Conformance Report", "newline": true}}, {"step": "Format the title", "controlLabel": "", "controlText": "", "function": "type_keys", "args": {"control_id": "", "text": "{VK_CONTROL down}{VK_A down}{VK_A up}{VK_CONTROL up}{VK_B down}{VK_B up}", "newline": false}}, {"step": "Switch to the 'Insert' tab", "controlLabel": "25", "controlText": "Insert", "function": "click_input", "args": {"button": "left", "double": false}}, {"step": "Insert a table with 2 columns and 6 rows", "controlLabel": "", "controlText": "", "function": "insert_table", "args": {"columns": 2, "rows": 6}}, {"step": "Label the first cell as 'Non-Conformance Number'", "controlLabel": "", "controlText": "", "function": "set_edit_text", "args": {"control_id": "", "text": "Non-Conformance Number", "newline": true}}, {"step": "Label the second cell as 'Reported By'", "controlLabel": "", "controlText": "", "function": "set_edit_text", "args": {"control_id": "", "text": "Reported By", "newline": true}}, {"step": "Label the third cell as 'Date'", "controlLabel": "", "controlText": "", "function": "set_edit_text", "args": {"control_id": "", "text": "Date", "newline": true}}, {"step": "Label the fourth cell as 'Description of Non-Conformance'", "controlLabel": "", "controlText": "", "function": "set_edit_text", "args": {"control_id": "", "text": "Description of Non-Conformance", "newline": true}}, {"step": "Label the fifth cell as 'Root Cause'", "controlLabel": "", "controlText": "", "function": "set_edit_text", "args": {"control_id": "", "text": "Root Cause", "newline": true}}, {"step": "Label the sixth cell as 'Corrective Actions'", "controlLabel": "", "controlText": "", "function": "set_edit_text", "args": {"control_id": "", "text": "Corrective Actions", "newline": true}}, {"step": "Save the document as a template", "controlLabel": "9", "controlText": "Save", "function": "click_input", "args": {"button": "left", "double": false}}], "action_prefill_file_path": "D:\\agents\\AgentLearner\\cache\\action_prefill\\71387.docx"}