{"Problem": "How to add a text line in Word", "Solution Steps": ["Place the cursor where you want to add the text line.", "On the **Home** tab, in the **Paragraph** group, click the **Borders** drop-down arrow.", "Select **Horizontal Line** from the list."], "new_problem": "Add a horizontal line in the Word document.", "action_plans": [{"step": "Place the cursor where you want to add the text line", "controlLabel": "47", "controlText": "Document", "function": "click_input", "args": {"button": "left", "double": false}}, {"step": "Navigate to the Home tab", "controlLabel": "11", "controlText": "Home", "function": "click_input", "args": {"button": "left", "double": false}}, {"step": "Click the Borders button", "controlLabel": "195", "controlText": "Borders", "function": "click_input", "args": {"button": "left", "double": false}}, {"step": "Select Horizontal Line from the list", "controlLabel": "196", "controlText": "More Options", "function": "click_input", "args": {"button": "left", "double": false}}], "action_prefill_file_path": "D:\\agents\\AgentLearner\\cache\\action_prefill\\71395.docx"}