{"Problem": "How to insert a cloud-shaped text box in Microsoft Word", "Solution Steps": ["Go to the **Insert** tab on the Ribbon.", "In the **Text** group, click **Text Box**.", "Select **Draw Text Box** from the dropdown menu.", "Draw the text box on your document by clicking and dragging.", "With the text box selected, go to the **Format** tab under **Drawing Tools**.", "In the **Shape Styles** group, click **Edit Shape**.", "Hover over **Change Shape** and select the cloud shape from the **Basic Shapes** section."], "new_problem": "Insert a cloud-shaped text box in the Microsoft Word document.", "action_plans": [{"step": "Navigate to the Insert tab", "controlLabel": "25", "controlText": "Insert", "function": "click_input", "args": {"button": "left", "double": false}}, {"step": "Click on Text Box", "controlLabel": "262", "controlText": "Text Box", "function": "click_input", "args": {"button": "left", "double": false}}, {"step": "Select Draw Text Box", "controlLabel": "262", "controlText": "Text Box", "function": "click_input", "args": {"button": "left", "double": false}}, {"step": "Draw the text box on the document", "controlLabel": "", "controlText": "", "function": "type_keys", "args": {"text": "{VK_LBUTTON down}{VK_LBUTTON up}"}}, {"step": "Navigate to the Format tab under Drawing Tools", "controlLabel": "27", "controlText": "Design", "function": "click_input", "args": {"button": "left", "double": false}}, {"step": "Click on Edit Shape", "controlLabel": "", "controlText": "Edit Shape", "function": "click_input", "args": {"button": "left", "double": false}}, {"step": "Hover over Change Shape and select the cloud shape", "controlLabel": "", "controlText": "Change Shape", "function": "click_input", "args": {"button": "left", "double": false}}], "action_prefill_file_path": "D:\\agents\\AgentLearner\\cache\\action_prefill\\71394.docx"}