{"Problem": "How to put text and a table side by side in a Word document?", "Solution Steps": ["Place the cursor where you want to insert the table.", "Go to the **Insert** tab and click **Table**.", "Select the number of rows and columns for your table and insert it.", "Click on the table to select it.", "Go to the **Layout** tab under **Table Tools**.", "In the **Table** group, click **Properties**.", "In the **Table Properties** dialog box, go to the **Table** tab and click **Around** under **Text wrapping**.", "Click **OK** to close the dialog box.", "Click outside the table to place the cursor where you want to add text.", "Type or paste the text next to the table."], "new_problem": "Insert a table and put text next to it in a Word document.", "action_plans": [{"step": "Switch to the Insert tab", "controlLabel": "25", "controlText": "Insert", "function": "click_input", "args": {"button": "left", "double": false}}, {"step": "Insert a table with 3 columns and 3 rows", "controlLabel": "", "controlText": "", "function": "insert_table", "args": {"columns": 3, "rows": 3}}, {"step": "Select the inserted table", "controlLabel": "", "controlText": "", "function": "select_table", "args": {"number": 1}}, {"step": "Switch to the Layout tab under Table Tools", "controlLabel": "25", "controlText": "Layout", "function": "click_input", "args": {"button": "left", "double": false}}, {"step": "Open Table Properties", "controlLabel": "218", "controlText": "Select", "function": "click_input", "args": {"button": "left", "double": false}}, {"step": "Set text wrapping to 'Around'", "controlLabel": "284", "controlText": "Columns", "function": "click_input", "args": {"button": "left", "double": false}}, {"step": "Click OK to close the dialog box", "controlLabel": "21", "controlText": "Close", "function": "click_input", "args": {"button": "left", "double": false}}, {"step": "Click outside the table to place the cursor", "controlLabel": "", "controlText": "", "function": "click_input", "args": {"button": "left", "double": false}}, {"step": "Type the text next to the table", "controlLabel": "", "controlText": "", "function": "set_edit_text", "args": {"text": "Your text here", "newline": true}}], "action_prefill_file_path": "D:\\agents\\AgentLearner\\cache\\action_prefill\\71405.docx"}