{"Problem": "Cara membuat teks miring di Word", "Solution Steps": ["Pilih teks yang ingin Anda buat miring.", "Pada tab **Home**, di grup **Font**, klik tombol **Italic** atau tekan **Ctrl+I** pada keyboard Anda."], "new_problem": "Make the text 'text to edit' italic in the Word document.", "action_plans": [{"step": "select the target text 'text to edit'", "controlLabel": "", "controlText": "", "function": "select_text", "args": {"text": "text to edit"}}, {"step": "click the 'Home' tab to ensure the 'Italic' button is visible", "controlLabel": "24", "controlText": "Home", "function": "click_input", "args": {"button": "left", "double": false}}, {"step": "click the 'Italic' button to make the text italic", "controlLabel": "155", "controlText": "Italic", "function": "click_input", "args": {"button": "left", "double": false}}], "action_prefill_file_path": "D:\\agents\\AgentLearner\\cache\\action_prefill\\71401.docx"}