{"Problem": "How to add a line over a word in Word", "Solution Steps": ["Select the word or words you want to add a line over.", "Go to the **Home** tab.", "In the **Font** group, click the **Strikethrough** button to add a line through the text.", "If you want to add a line above the text, go to the **Insert** tab.", "In the **Symbols** group, click **Equation**.", "In the **Design** tab that appears, click the **Accent** button.", "Select **Overbar** from the dropdown menu.", "In the equation box that appears, type the word or words you want to have a line over."], "new_problem": "Add a line over the word 'text to edit' in the Word document.", "action_plans": [{"step": "Select the word 'text to edit'", "controlLabel": "", "controlText": "", "function": "select_text", "args": {"text": "text to edit"}}, {"step": "Go to the Insert tab", "controlLabel": "25", "controlText": "Insert", "function": "click_input", "args": {"button": "left", "double": false}}, {"step": "Click the Equation button", "controlLabel": "", "controlText": "Equation", "function": "click_input", "args": {"button": "left", "double": false}}, {"step": "Go to the Design tab", "controlLabel": "", "controlText": "Design", "function": "click_input", "args": {"button": "left", "double": false}}, {"step": "Click the Accent button", "controlLabel": "", "controlText": "Accent", "function": "click_input", "args": {"button": "left", "double": false}}, {"step": "Select Overbar from the dropdown menu", "controlLabel": "", "controlText": "Overbar", "function": "click_input", "args": {"button": "left", "double": false}}, {"step": "Type the word 'text to edit' in the equation box", "controlLabel": "", "controlText": "", "function": "set_edit_text", "args": {"control_id": "", "text": "text to edit"}}], "action_prefill_file_path": "D:\\agents\\AgentLearner\\cache\\action_prefill\\71408.docx"}