{"Problem": "How to type over a picture in Word", "Solution Steps": ["Insert the picture into your document by clicking **Insert** tab, then click **Pictures** and choose the picture you want to insert.", "After inserting the picture, click on it to select it.", "Under **Picture Tools**, click on the **Format** tab.", "In the **Arrange** group, click **Wrap Text**.", "Choose **Behind Text** or **In Front of Text** depending on where you want your text in relation to the picture.", "Now, you can click anywhere in the document and start typing over the picture."], "new_problem": "Type over a picture in Word by inserting a picture, setting text wrapping to 'Behind Text' or 'In Front of Text', and then typing over the picture.", "action_plans": [{"step": "Click the 'Insert' tab", "controlLabel": "25", "controlText": "Insert", "function": "click_input", "args": {"button": "left", "double": false}}, {"step": "Click the 'Pictures' button", "controlLabel": "", "controlText": "Pictures", "function": "click_input", "args": {"button": "left", "double": false}}, {"step": "Select the picture to insert", "controlLabel": "", "controlText": "", "function": "type_keys", "args": {"text": "C:\\path\\to\\your\\picture.jpg{ENTER}"}}, {"step": "Click on the inserted picture to select it", "controlLabel": "", "controlText": "", "function": "click_input", "args": {"button": "left", "double": false}}, {"step": "Click the 'Format' tab under 'Picture Tools'", "controlLabel": "", "controlText": "Format", "function": "click_input", "args": {"button": "left", "double": false}}, {"step": "Click 'Wrap Text' in the 'Arrange' group", "controlLabel": "", "controlText": "Wrap Text", "function": "click_input", "args": {"button": "left", "double": false}}, {"step": "Select 'Behind Text' or 'In Front of Text'", "controlLabel": "", "controlText": "Behind Text", "function": "click_input", "args": {"button": "left", "double": false}}, {"step": "Click anywhere in the document to start typing over the picture", "controlLabel": "", "controlText": "", "function": "click_input", "args": {"button": "left", "double": false}}, {"step": "Type the desired text", "controlLabel": "", "controlText": "", "function": "type_keys", "args": {"text": "Your text here"}}], "action_prefill_file_path": "D:\\agents\\AgentLearner\\cache\\action_prefill\\71403.docx"}