{"Problem": "How to create a barcode generator in Word", "Solution Steps": ["Open a new or existing document in Microsoft Word.", "Click on the **Insert** tab, then select **Quick Parts** from the **Text** group.", "Choose **Field** from the dropdown menu.", "In the **Field names** list, scroll down and select **DisplayBarcode**.", "In the **Field properties** section, enter the barcode data in the **Code** field. For example, you can type '123456789' without quotes for a basic barcode.", "In the **Field properties** section, specify the type of barcode by entering it in the **Barcode type** field. For example, type 'QR' for a QR code or 'CODE39' for a Code 39 barcode.", "Click **OK** to insert the barcode into your document.", "Adjust the size and position of the barcode as needed by clicking and dragging its edges."], "new_problem": "Create a barcode generator in Word by inserting a 'DisplayBarcode' field and configuring it with the appropriate data and barcode type.", "action_plans": [{"step": "Switch to the 'Insert' tab", "controlLabel": "25", "controlText": "Insert", "function": "click_input", "args": {"button": "left", "double": false}}, {"step": "Open the 'Quick Parts' menu", "controlLabel": "263", "controlText": "Quick Parts", "function": "click_input", "args": {"button": "left", "double": false}}, {"step": "Select 'Field' from the dropdown menu", "controlLabel": "", "controlText": "Field", "function": "click_input", "args": {"button": "left", "double": false}}, {"step": "Choose 'DisplayBarcode' from the 'Field names' list", "controlLabel": "", "controlText": "", "function": "type_keys", "args": {"text": "DisplayBarcode", "newline": true}}, {"step": "Enter the barcode data in the 'Code' field", "controlLabel": "", "controlText": "", "function": "type_keys", "args": {"text": "123456789", "newline": true}}, {"step": "Specify the type of barcode in the 'Barcode type' field", "controlLabel": "", "controlText": "", "function": "type_keys", "args": {"text": "QR", "newline": true}}, {"step": "Insert the barcode into the document", "controlLabel": "", "controlText": "", "function": "click_input", "args": {"button": "left", "double": false}}], "action_prefill_file_path": "D:\\agents\\AgentLearner\\cache\\action_prefill\\71409.docx"}