{"Problem": "How to obtain a word count in a Word document for the script of \"12 Angry Men\".", "Solution Steps": ["Open the Word document containing the script of '12 Angry Men'.", "Click the **Review** tab on the Ribbon.", "In the **Proofing** group, click **Word Count**.", "A dialog box will appear showing the word count along with other statistics such as pages, characters, paragraphs, and lines."], "new_problem": "Obtain the word count for the script of '12 Angry Men' in the Word document.", "action_plans": [{"step": "Navigate to the Review tab", "controlLabel": "25", "controlText": "Insert", "function": "click_input", "args": {"button": "left", "double": false}}, {"step": "Click the Word Count button", "controlLabel": "357", "controlText": "Word Count", "function": "click_input", "args": {"button": "left", "double": false}}], "action_prefill_file_path": "D:\\agents\\AgentLearner\\cache\\action_prefill\\71407.docx"}