{"Problem": "How to edit borders in a Word table?", "Solution Steps": ["Click anywhere in the table you want to edit.", "Go to the **Table Tools** on the ribbon, then click the **Design** tab.", "In the **Borders** group, click **Borders**.", "Select **Borders and Shading** from the dropdown menu.", "In the **Borders and Shading** dialog box, choose the border settings you want to apply.", "Click **OK** to apply the changes."], "new_problem": "Edit the borders of the table in the Word document.", "action_plans": [{"step": "select the table", "controlLabel": "", "controlText": "", "function": "select_table", "args": {"number": 1}}, {"step": "navigate to the Design tab under Table Tools", "controlLabel": "25", "controlText": "Insert", "function": "click_input", "args": {"button": "left", "double": false}}, {"step": "click the Borders button", "controlLabel": "195", "controlText": "Borders", "function": "click_input", "args": {"button": "left", "double": false}}, {"step": "select Borders and Shading from the dropdown menu", "controlLabel": "76", "controlText": "Page Borders...", "function": "click_input", "args": {"button": "left", "double": false}}, {"step": "choose the border settings in the Borders and Shading dialog box", "controlLabel": "", "controlText": "", "function": "", "args": {}}, {"step": "apply the changes", "controlLabel": "", "controlText": "", "function": "", "args": {}}], "action_prefill_file_path": "D:\\agents\\AgentLearner\\cache\\action_prefill\\71418.docx"}