{"Problem": "How to change the author's name in a Word document after changes are made?", "Solution Steps": ["Open the Word document.", "Click on the **File** tab.", "Select **Info** from the left-hand menu.", "Click on **Properties** and then select **Advanced Properties**.", "In the **Summary** tab, find the **Author** field and change the name as desired.", "Click **OK** to save the changes."], "new_problem": "Change the author's name in the Word document properties.", "action_plans": [{"step": "Open the File tab", "controlLabel": "18", "controlText": "What's New", "function": "click_input", "args": {"button": "left", "double": false}}, {"step": "Select Info from the left-hand menu", "controlLabel": "21", "controlText": "Close", "function": "click_input", "args": {"button": "left", "double": false}}, {"step": "Click on Properties and then select Advanced Properties", "controlLabel": "85", "controlText": "Word Count 0 words", "function": "click_input", "args": {"button": "left", "double": false}}, {"step": "In the Summary tab, find the Author field and change the name", "controlLabel": "9", "controlText": "Save", "function": "set_edit_text", "args": {"control_id": "9", "text": "New Author Name"}}, {"step": "Click OK to save the changes", "controlLabel": "10", "controlText": "New Blank Document", "function": "click_input", "args": {"button": "left", "double": false}}], "action_prefill_file_path": "D:\\agents\\AgentLearner\\cache\\action_prefill\\71425.docx"}