{"Problem": "How to add a dyslexia-friendly font in Microsoft Word", "Solution Steps": ["Open your Word document.", "Click the **Home** tab.", "In the **Font** group, click the arrow next to the font dropdown menu.", "Scroll through the list and select a dyslexia-friendly font such as 'OpenDyslexic' or 'Arial'.", "If the font is not available, you may need to download and install it first from a trusted source.", "Once installed, restart Word and repeat the steps to select the new font."], "new_problem": "Add a dyslexia-friendly font such as 'OpenDyslexic' or 'Arial' in Microsoft Word.", "action_plans": [{"step": "Open the Home tab", "controlLabel": "24", "controlText": "Home", "function": "click_input", "args": {"button": "left", "double": false}}, {"step": "Open the font dropdown menu", "controlLabel": "142", "controlText": "Font", "function": "click_input", "args": {"button": "left", "double": false}}, {"step": "Select a dyslexia-friendly font", "controlLabel": "143", "controlText": "Aptos (Body)", "function": "set_edit_text", "args": {"control_id": "143", "text": "Arial", "newline": false}}], "action_prefill_file_path": "D:\\agents\\AgentLearner\\cache\\action_prefill\\71445.docx"}