{"Problem": "How to edit header while adding a new page in Word", "Solution Steps": ["Double-click the top of the page to open the header area of the current page or navigate to the **Insert** tab and click on **Header**.", "If you are adding a new page, simply insert a page break by pressing **Ctrl + Enter** or navigate to the **Insert** tab and click **Blank Page**.", "After the new page is added, double-click the top of the new page to edit the header for that specific page.", "If you want different headers on different pages, ensure that the **Link to Previous** option is turned off in the **Design** tab under **Header & Footer Tools**.", "Make your edits in the header area.", "Once done, double-click outside the header area or press **Esc** to exit the header/footer editing mode."], "new_problem": "Edit the header while adding a new page in Word.", "action_plans": [{"step": "Navigate to the Insert tab", "controlLabel": "25", "controlText": "Insert", "function": "click_input", "args": {"button": "left", "double": false}}, {"step": "Insert a new blank page", "controlLabel": "", "controlText": "Blank Page", "function": "click_input", "args": {"button": "left", "double": false}}, {"step": "Open the header area of the new page", "controlLabel": "", "controlText": "", "function": "type_keys", "args": {"text": "{VK_CONTROL down}{ENTER}{VK_CONTROL up}", "newline": false}}, {"step": "Ensure 'Link to Previous' is turned off", "controlLabel": "", "controlText": "Link to Previous", "function": "click_input", "args": {"button": "left", "double": false}}, {"step": "Edit the header area", "controlLabel": "", "controlText": "", "function": "set_edit_text", "args": {"control_id": "", "text": "New Header Text", "newline": true}}, {"step": "Exit the header/footer editing mode", "controlLabel": "", "controlText": "", "function": "type_keys", "args": {"text": "{ESC}", "newline": false}}], "action_prefill_file_path": "D:\\agents\\AgentLearner\\cache\\action_prefill\\71443.docx"}