{"Problem": "How to find a creative business plan template for Word", "Solution Steps": ["Open Microsoft Word.", "Click on **File** in the top left corner.", "Select **New** from the menu.", "In the search bar, type 'creative business plan'.", "Press **Enter**.", "Browse through the available templates and select the one you like.", "Click **Create** to open the template."], "new_problem": "Find a creative business plan template in Microsoft Word.", "action_plans": [{"step": "Open the File menu", "controlLabel": "", "controlText": "File", "function": "click_input", "args": {"button": "left", "double": false}}, {"step": "Select New from the menu", "controlLabel": "", "controlText": "New", "function": "click_input", "args": {"button": "left", "double": false}}, {"step": "Type 'creative business plan' in the search bar", "controlLabel": "14", "controlText": "Search", "function": "set_edit_text", "args": {"text": "creative business plan"}}, {"step": "Press Enter to search for templates", "controlLabel": "14", "controlText": "Search", "function": "type_keys", "args": {"text": "{ENTER}"}}, {"step": "Browse through the available templates and select one", "controlLabel": "", "controlText": "", "function": "click_input", "args": {"button": "left", "double": false}}, {"step": "Click Create to open the selected template", "controlLabel": "", "controlText": "Create", "function": "click_input", "args": {"button": "left", "double": false}}], "action_prefill_file_path": "D:\\agents\\AgentLearner\\cache\\action_prefill\\71459.docx"}