{"Problem": "How to edit DA Form 4700 in Word", "Solution Steps": ["Open Microsoft Word on your computer.", "Click on **File** in the top left corner, then select **Open**.", "Navigate to the location of your DA Form 4700 file, select it, and click **Open**.", "Once the document is open, click into the field or area that you want to edit.", "Make the necessary changes by typing directly into the document or using the editing tools on the **Home** tab for formatting options.", "To add or remove information, simply position your cursor where needed and start typing or use the **Backspace** key to delete.", "After editing, click on **File** and select **Save** to save the changes, or **Save As** to create a new version of the document."], "new_problem": "Edit DA Form 4700 in Word by opening the document, making necessary changes, and saving the document.", "action_plans": [{"step": "Open the DA Form 4700 document", "controlLabel": "144", "controlText": "Open", "function": "click_input", "args": {"button": "left", "double": false}}, {"step": "Navigate to the location of the DA Form 4700 file and open it", "controlLabel": "", "controlText": "", "function": "type_keys", "args": {"text": "C:\\path\\to\\DA_Form_4700.docx{ENTER}"}}, {"step": "Click into the field or area to edit", "controlLabel": "", "controlText": "", "function": "click_input", "args": {"button": "left", "double": false}}, {"step": "Make necessary changes by typing directly into the document", "controlLabel": "", "controlText": "", "function": "type_keys", "args": {"text": "New text to be added"}}, {"step": "Save the changes", "controlLabel": "9", "controlText": "Save", "function": "click_input", "args": {"button": "left", "double": false}}], "action_prefill_file_path": "D:\\agents\\AgentLearner\\cache\\action_prefill\\71463.docx"}