{"Problem": "Create a sign-up sheet with limited spaces in Microsoft Word", "Solution Steps": ["Open Microsoft Word and create a new blank document.", "Type the title of your sign-up sheet at the top of the document. For example, 'Event Sign-Up Sheet'.", "Below the title, type the details of the event, including date, time, and location.", "Create a table for the sign-up information. Click on the **Insert** tab, then click **Table**. Choose the number of columns and rows based on the number of sign-up fields and the limited spaces available.", "Label the columns based on the information you require, such as Name, Email, Phone Number, etc.", "In the first column, next to each row, you can number the spaces to limit the sign-ups. For example, if you have 20 spaces, number the rows from 1 to 20.", "Format the table to your liking using the **Design** and **Layout** tabs under **Table Tools**.", "Add instructions at the bottom or top of the sheet, specifying how to sign up and any limitations or rules.", "Save the document by clicking **File**, then **Save As**, and choose the desired location and file format."], "new_problem": "Create a sign-up sheet with limited spaces in Microsoft Word, including a title, event details, and a table with limited spaces for sign-ups.", "action_plans": [{"step": "Create a new blank document", "controlLabel": "10", "controlText": "New Blank Document", "function": "click_input", "args": {"button": "left", "double": false}}, {"step": "Type the title 'Event Sign-Up Sheet'", "controlLabel": "14", "controlText": "Search", "function": "set_edit_text", "args": {"control_id": "14", "text": "Event Sign-Up Sheet", "newline": true}}, {"step": "Type the event details 'Date: [Date], Time: [Time], Location: [Location]'", "controlLabel": "14", "controlText": "Search", "function": "set_edit_text", "args": {"control_id": "14", "text": "Date: [Date], Time: [Time], Location: [Location]", "newline": true}}, {"step": "Insert a table with 4 columns and 20 rows", "controlLabel": "25", "controlText": "Insert", "function": "click_input", "args": {"button": "left", "double": false}}, {"step": "Insert a table with 4 columns and 20 rows", "controlLabel": "", "controlText": "", "function": "insert_table", "args": {"columns": 4, "rows": 20}}, {"step": "Label the columns 'No.', 'Name', 'Email', 'Phone Number'", "controlLabel": "14", "controlText": "Search", "function": "set_edit_text", "args": {"control_id": "14", "text": "No.\tName\tEmail\tPhone Number", "newline": true}}, {"step": "Number the rows from 1 to 20", "controlLabel": "14", "controlText": "Search", "function": "set_edit_text", "args": {"control_id": "14", "text": "1\n2\n3\n4\n5\n6\n7\n8\n9\n10\n11\n12\n13\n14\n15\n16\n17\n18\n19\n20", "newline": true}}, {"step": "Add instructions 'Please sign up by filling in your details in the table above. Limited to 20 spaces.'", "controlLabel": "14", "controlText": "Search", "function": "set_edit_text", "args": {"control_id": "14", "text": "Please sign up by filling in your details in the table above. Limited to 20 spaces.", "newline": true}}, {"step": "Save the document", "controlLabel": "9", "controlText": "Save", "function": "click_input", "args": {"button": "left", "double": false}}], "action_prefill_file_path": "D:\\agents\\AgentLearner\\cache\\action_prefill\\71472.docx"}