{"Problem": "How to save a Word document to Publisher", "Solution Steps": ["Open the Word document you want to save to Publisher.", "Click on the **File** tab in the upper-left corner.", "Select **Save As** from the menu.", "Choose the location where you want to save the file.", "In the **Save as type** dropdown menu, select **PDF (*.pdf)**.", "Click **Save**.", "Open Microsoft Publisher.", "Click on the **File** tab in Publisher.", "Select **Open** from the menu.", "Navigate to the location where you saved the PDF file.", "Select the PDF file and click **Open**."], "new_problem": "Save the Word document as a PDF and then open it in Microsoft Publisher.", "action_plans": [{"step": "Click on the File tab", "controlLabel": "8", "controlText": "AutoSave", "function": "click_input", "args": {"button": "left", "double": false}}, {"step": "Select Save As from the menu", "controlLabel": "9", "controlText": "Save", "function": "click_input", "args": {"button": "left", "double": false}}, {"step": "Choose the location to save the file", "controlLabel": "", "controlText": "", "function": "type_keys", "args": {"text": "{TAB}{TAB}{ENTER}"}}, {"step": "Select PDF as the Save as type", "controlLabel": "", "controlText": "", "function": "type_keys", "args": {"text": "{TAB}{TAB}{DOWN}{DOWN}{DOWN}{DOWN}{DOWN}{DOWN}{DOWN}{DOWN}{DOWN}{DOWN}{ENTER}"}}, {"step": "Click Save", "controlLabel": "", "controlText": "", "function": "type_keys", "args": {"text": "{ENTER}"}}, {"step": "Open Microsoft Publisher", "controlLabel": "", "controlText": "", "function": "type_keys", "args": {"text": "{WIN}{P}{U}{B}{L}{I}{S}{H}{E}{R}{ENTER}"}}, {"step": "Click on the File tab in Publisher", "controlLabel": "", "controlText": "", "function": "type_keys", "args": {"text": "{ALT}{F}"}}, {"step": "Select Open from the menu", "controlLabel": "", "controlText": "", "function": "type_keys", "args": {"text": "O"}}, {"step": "Navigate to the location where the PDF file is saved", "controlLabel": "", "controlText": "", "function": "type_keys", "args": {"text": "{TAB}{TAB}{ENTER}"}}, {"step": "Select the PDF file and click Open", "controlLabel": "", "controlText": "", "function": "type_keys", "args": {"text": "{ENTER}"}}], "action_prefill_file_path": "D:\\agents\\AgentLearner\\cache\\action_prefill\\71476.docx"}