{"Problem": "How to add a subscript", "Solution Steps": ["Select the text you want to format as subscript.", "On the **Home** tab, in the **Font** group, click the **Subscript** button (X2).", "Alternatively, you can press **Ctrl** + **=** on your keyboard to apply subscript."], "new_problem": "Add subscript to the selected text in the document.", "action_plans": [{"step": "select the text to format as subscript", "controlLabel": "", "controlText": "", "function": "select_text", "args": {"text": "text to edit"}}, {"step": "click the Subscript button to apply subscript formatting", "controlLabel": "160", "controlText": "Subscript", "function": "click_input", "args": {"button": "left", "double": false}}], "action_prefill_file_path": "D:\\agents\\AgentLearner\\cache\\action_prefill\\71502.docx"}