{"Problem": "How to enable text box option in Microsoft Word", "Solution Steps": ["Open Microsoft Word and create a new document or open an existing one.", "Click on the **Insert** tab on the ribbon.", "In the **Text** group, click on **Text Box**.", "Choose a pre-designed text box from the drop-down menu or select **Draw Text Box** for a custom size.", "Click and drag your cursor on the document to create the text box in the desired location."], "new_problem": "Enable the text box option in Microsoft Word by navigating to the 'Insert' tab and selecting the 'Text Box' option.", "action_plans": [{"step": "Click on the 'Insert' tab on the ribbon.", "controlLabel": "25", "controlText": "Insert", "function": "click_input", "args": {"button": "left", "double": false}}, {"step": "Click on 'Text Box' in the 'Text' group.", "controlLabel": "262", "controlText": "Text Box", "function": "click_input", "args": {"button": "left", "double": false}}], "action_prefill_file_path": "D:\\agents\\AgentLearner\\cache\\action_prefill\\71510.docx"}