{"Problem": "How to double space a Word document?", "Solution Steps": ["Select the text you want to double space. To select the whole document, press **Ctrl + A**.", "On the **Home** tab, in the **Paragraph** group, click the **Line and Paragraph Spacing** icon (it looks like a few horizontal lines with arrows pointing up and down).", "Click **2.0** to apply double spacing."], "new_problem": "Double space the entire Word document.", "action_plans": [{"step": "Select all text in the document", "controlLabel": "", "controlText": "", "function": "type_keys", "args": {"text": "^a", "newline": false}}, {"step": "Navigate to the Home tab", "controlLabel": "11", "controlText": "Home", "function": "click_input", "args": {"button": "left", "double": false}}, {"step": "Open the Line and Paragraph Spacing menu", "controlLabel": "190", "controlText": "Line and Paragraph Spacing", "function": "click_input", "args": {"button": "left", "double": false}}, {"step": "Select double spacing option", "controlLabel": "", "controlText": "2.0", "function": "click_input", "args": {"button": "left", "double": false}}], "action_prefill_file_path": "D:\\agents\\AgentLearner\\cache\\action_prefill\\71517.docx"}