{"Problem": "How to write a script in Word", "Solution Steps": ["Open Microsoft Word on your computer.", "Click on **Blank document** to create a new document.", "Go to the **Layout** tab and select **Margins**. Choose **Narrow** to maximize space on the page.", "Click on the **Home** tab and select a clear, readable font such as Courier New, which is commonly used for scripts.", "Set the font size to 12 to ensure readability.", "Use the **Paragraph** settings to set the line spacing to double-space, which is standard for scripts.", "Type the title of your script at the top of the page, centered and in all caps.", "Press Enter a few times to move down the page and type the character name in all caps, flush left.", "Press Enter and then Tab to indent before writing the character's dialogue.", "For stage directions, keep them in parentheses and indent them from the character's name.", "Use the **Styles** pane to save formatting options for character names, dialogue, and stage directions for consistency.", "Save your document regularly to prevent data loss."], "new_problem": "Write a script in Word by setting margins, selecting a font, setting font size, adjusting line spacing, and typing the script content.", "action_plans": [{"step": "Open a new blank document", "controlLabel": "47", "controlText": "Document", "function": "click_input", "args": {"button": "left", "double": false}}, {"step": "Go to the Layout tab", "controlLabel": "25", "controlText": "Layout", "function": "click_input", "args": {"button": "left", "double": false}}, {"step": "Set margins to Narrow", "controlLabel": "289", "controlText": "Paragraph", "function": "click_input", "args": {"button": "left", "double": false}}, {"step": "Go to the Home tab", "controlLabel": "25", "controlText": "Home", "function": "click_input", "args": {"button": "left", "double": false}}, {"step": "Select Courier New font", "controlLabel": "289", "controlText": "Paragraph", "function": "click_input", "args": {"button": "left", "double": false}}, {"step": "Set font size to 12", "controlLabel": "289", "controlText": "Paragraph", "function": "click_input", "args": {"button": "left", "double": false}}, {"step": "Set line spacing to double", "controlLabel": "289", "controlText": "Paragraph", "function": "click_input", "args": {"button": "left", "double": false}}, {"step": "Type the title of the script", "controlLabel": "", "controlText": "", "function": "set_edit_text", "args": {"text": "TITLE OF THE SCRIPT", "newline": true}}, {"step": "Move down the page", "controlLabel": "", "controlText": "", "function": "type_keys", "args": {"text": "{ENTER}{ENTER}{ENTER}"}}, {"step": "Type the character name", "controlLabel": "", "controlText": "", "function": "set_edit_text", "args": {"text": "CHARACTER NAME", "newline": true}}, {"step": "Indent and type the character's dialogue", "controlLabel": "", "controlText": "", "function": "type_keys", "args": {"text": "{TAB}Character's dialogue."}}, {"step": "Type stage directions", "controlLabel": "", "controlText": "", "function": "set_edit_text", "args": {"text": "(Stage directions)", "newline": true}}, {"step": "Save the document", "controlLabel": "144", "controlText": "Open", "function": "click_input", "args": {"button": "left", "double": false}}], "action_prefill_file_path": "D:\\agents\\AgentLearner\\cache\\action_prefill\\71537.docx"}