{"Problem": "How to purchase Microsoft Word without a subscription", "Solution Steps": ["Open your web browser and go to the official Microsoft Office website.", "Navigate to the **Products** section.", "Look for the standalone version of Microsoft Word or the Office suite that is available for a one-time purchase.", "Select the version you wish to buy and click on **Buy now** or **Add to cart**.", "Proceed to checkout, fill in your payment details, and follow the on-screen instructions to complete the purchase.", "After the purchase, download the installation file onto your computer.", "Run the installation file and follow the prompts to install Microsoft Word on your computer."], "new_problem": "Provide a detailed step-by-step guide on how to purchase Microsoft Word without a subscription.", "action_plans": [{"step": "Open your web browser and go to the official Microsoft Office website.", "controlLabel": "", "controlText": "", "function": "", "args": {}}, {"step": "Navigate to the Products section.", "controlLabel": "", "controlText": "", "function": "", "args": {}}, {"step": "Look for the standalone version of Microsoft Word or the Office suite that is available for a one-time purchase.", "controlLabel": "", "controlText": "", "function": "", "args": {}}, {"step": "Select the version you wish to buy and click on Buy now or Add to cart.", "controlLabel": "", "controlText": "", "function": "", "args": {}}, {"step": "Proceed to checkout, fill in your payment details, and follow the on-screen instructions to complete the purchase.", "controlLabel": "", "controlText": "", "function": "", "args": {}}, {"step": "After the purchase, download the installation file onto your computer.", "controlLabel": "", "controlText": "", "function": "", "args": {}}, {"step": "Run the installation file and follow the prompts to install Microsoft Word on your computer.", "controlLabel": "", "controlText": "", "function": "", "args": {}}], "action_prefill_file_path": "D:\\agents\\AgentLearner\\cache\\action_prefill\\71530.docx"}