{"Problem": "How to create a simple Word document for a leadership assessment?", "Solution Steps": ["Open Microsoft Word on your computer.", "Click on **Blank document** to create a new document.", "Type the title of your leadership assessment at the top of the page.", "Highlight the title and use the **Home** tab to adjust the font style, size, and alignment as desired.", "Press **Enter** a few times to move the cursor down the page.", "Type the instructions or introduction for the assessment.", "Use the **Home** tab to format the text, such as changing the font size or adding bullet points.", "Insert sections for the assessment questions by typing the questions and providing space for answers.", "To add a section heading, type the heading and then use the **Styles** pane on the **Home** tab to apply a heading style.", "Save the document by clicking **File**, then **Save As**, and choose the location and file name for your document."], "new_problem": "Create a simple Word document for a leadership assessment by adding a title, instructions, and sections for questions.", "action_plans": [{"step": "Create a new blank document", "controlLabel": "10", "controlText": "New Blank Document", "function": "click_input", "args": {"button": "left", "double": false}}, {"step": "Type the title of the leadership assessment", "controlLabel": "101", "controlText": "Doc1", "function": "set_edit_text", "args": {"control_id": "101", "text": "Leadership Assessment", "newline": true}}, {"step": "Select the title text", "controlLabel": "", "controlText": "", "function": "select_text", "args": {"text": "Leadership Assessment"}}, {"step": "Bold the title text", "controlLabel": "154", "controlText": "Bold", "function": "click_input", "args": {"button": "left", "double": false}}, {"step": "Center align the title text", "controlLabel": "186", "controlText": "Center", "function": "click_input", "args": {"button": "left", "double": false}}, {"step": "Move the cursor down the page", "controlLabel": "101", "controlText": "Doc1", "function": "set_edit_text", "args": {"control_id": "101", "text": "\n\n", "newline": true}}, {"step": "Type the instructions for the assessment", "controlLabel": "101", "controlText": "Doc1", "function": "set_edit_text", "args": {"control_id": "101", "text": "Please answer the following questions to the best of your ability.", "newline": true}}, {"step": "Insert a section heading for questions", "controlLabel": "101", "controlText": "Doc1", "function": "set_edit_text", "args": {"control_id": "101", "text": "\nSection 1: Leadership Skills\n", "newline": true}}, {"step": "Apply Heading 1 style to the section heading", "controlLabel": "205", "controlText": "Heading 1", "function": "click_input", "args": {"button": "left", "double": false}}, {"step": "Save the document", "controlLabel": "9", "controlText": "Save", "function": "click_input", "args": {"button": "left", "double": false}}], "action_prefill_file_path": "D:\\agents\\AgentLearner\\cache\\action_prefill\\71553.docx"}