{"Problem": "How to split one page into two sections in Word.", "Solution Steps": ["Place the cursor where you want to split the page into two sections.", "Go to the **Layout** tab.", "In the **Page Setup** group, click **Breaks**.", "Under **Section Breaks**, select **Next Page** or **Continuous** depending on your preference."], "new_problem": "Split the current page into two sections in the Word document.", "action_plans": [{"step": "Place the cursor at the desired location", "controlLabel": "146", "controlText": "12", "function": "set_edit_text", "args": {"control_id": "146", "text": "text to edit", "newline": false}}, {"step": "Go to the Layout tab", "controlLabel": "28", "controlText": "Layout", "function": "click_input", "args": {"button": "left", "double": false}}, {"step": "Click on Breaks", "controlLabel": "430", "controlText": "Split", "function": "click_input", "args": {"button": "left", "double": false}}, {"step": "Select the type of section break", "controlLabel": "", "controlText": "Next Page", "function": "click_input", "args": {"button": "left", "double": false}}], "action_prefill_file_path": "D:\\agents\\AgentLearner\\cache\\action_prefill\\71552.docx"}