{"Problem": "How to delete a footer in a Word document", "Solution Steps": ["Double-click the footer area of the document to activate the **Header & Footer Tools**.", "On the **Design** tab, in the **Header & Footer** group, click **Footer**.", "Select **Remove Footer** from the drop-down menu."], "new_problem": "Delete the footer in the Word document by activating the footer area, navigating to the Design tab, and selecting 'Remove Footer'.", "action_plans": [{"step": "activate the footer area", "controlLabel": "", "controlText": "", "function": "click_input", "args": {"control_id": "", "control_name": "Footer", "button": "left", "double": true}}, {"step": "navigate to the Design tab", "controlLabel": "25", "controlText": "Insert", "function": "click_input", "args": {"button": "left", "double": false}}, {"step": "click the Footer button", "controlLabel": "", "controlText": "Footer", "function": "click_input", "args": {"button": "left", "double": false}}, {"step": "select Remove Footer", "controlLabel": "", "controlText": "Remove Footer", "function": "click_input", "args": {"button": "left", "double": false}}], "action_prefill_file_path": "D:\\agents\\AgentLearner\\cache\\action_prefill\\71569.docx"}