{"Problem": "How to adjust spacing between paragraphs in Word", "Solution Steps": ["Select the paragraphs you want to adjust the spacing for.", "Go to the **Layout** tab.", "In the **Paragraph** group, adjust the **Before** and **After** settings to increase or decrease the spacing between paragraphs."], "new_problem": "Adjust the spacing between paragraphs in the Word document.", "action_plans": [{"step": "select the first paragraph", "controlLabel": "", "controlText": "", "function": "select_text", "args": {"text": "text to edit"}}, {"step": "navigate to the Layout tab", "controlLabel": "28", "controlText": "Layout", "function": "click_input", "args": {"button": "left", "double": false}}, {"step": "adjust the spacing before the paragraph", "controlLabel": "146", "controlText": "12", "function": "set_edit_text", "args": {"control_id": "146", "text": "12", "newline": true}}, {"step": "adjust the spacing after the paragraph", "controlLabel": "147", "controlText": "Open", "function": "set_edit_text", "args": {"control_id": "147", "text": "12", "newline": true}}], "action_prefill_file_path": "D:\\agents\\AgentLearner\\cache\\action_prefill\\71579.docx"}