{"Problem": "How to run a macro in Word 2016 when pressing the space bar?", "Solution Steps": ["Open Word 2016.", "Press **Alt + F11** to open the Visual Basic for Applications editor.", "In the VBA editor, double-click **ThisDocument** under **Microsoft Word Objects** in the left pane.", "Copy and paste the following code into the code window: \n\n```vba\nPrivate Sub Document_KeyDown(ByVal KeyCode As MSForms.ReturnInteger, ByVal Shift As Integer)\n    If KeyCode = vbKeySpace Then\n        Call YourMacroName\n    End If\nEnd Sub\n```\n", "Replace `YourMacroName` with the name of the macro you want to run.", "Close the VBA editor.", "Save your document as a macro-enabled document (*.docm).", "Press the **space bar** to run the macro."], "new_problem": "Run a macro in Word 2016 when pressing the space bar.", "action_plans": [{"step": "Open the Visual Basic for Applications editor", "controlLabel": "", "controlText": "", "function": "type_keys", "args": {"text": "{VK_MENU down}{VK_F11}{VK_MENU up}", "newline": false}}, {"step": "Select ThisDocument under Microsoft Word Objects", "controlLabel": "", "controlText": "", "function": "type_keys", "args": {"text": "{VK_CONTROL down}{VK_SHIFT down}{VK_T}{VK_CONTROL up}{VK_SHIFT up}", "newline": false}}, {"step": "Insert the VBA code to run the macro on space bar press", "controlLabel": "", "controlText": "", "function": "type_keys", "args": {"text": "Private Sub Document_KeyDown(ByVal KeyCode As MSForms.ReturnInteger, ByVal Shift As Integer)\n    If KeyCode = vbKeySpace Then\n        Call YourMacroName\n    End If\nEnd Sub", "newline": true}}, {"step": "Replace YourMacroName with the actual macro name", "controlLabel": "", "controlText": "", "function": "type_keys", "args": {"text": "{VK_CONTROL down}{VK_H}{VK_CONTROL up}YourMacroName", "newline": false}}, {"step": "Close the VBA editor", "controlLabel": "", "controlText": "", "function": "type_keys", "args": {"text": "{VK_MENU down}{VK_F4}{VK_MENU up}", "newline": false}}, {"step": "Save the document as a macro-enabled document", "controlLabel": "", "controlText": "", "function": "type_keys", "args": {"text": "{VK_CONTROL down}{VK_S}{VK_CONTROL up}", "newline": false}}, {"step": "Press the space bar to run the macro", "controlLabel": "", "controlText": "", "function": "type_keys", "args": {"text": "{VK_SPACE}", "newline": false}}], "action_prefill_file_path": "D:\\agents\\AgentLearner\\cache\\action_prefill\\71577.docx"}