{"Problem": "How to create an electronic signature in Word 365", "Solution Steps": ["Place the cursor where you want to create the electronic signature.", "Go to the **Insert** tab.", "In the **Text** group, click **Signature List**.", "Click **Microsoft Office Signature Line**.", "In the **Signature Setup** dialog box, fill in the required information such as the signer's name, title, and email address.", "Click **OK**.", "A signature line will appear in the document. Double-click the signature line.", "In the **Sign** dialog box, type your name or upload an image of your signature.", "Click **Sign**."], "new_problem": "Create an electronic signature in Word 365 by inserting a Microsoft Office Signature Line and signing it.", "action_plans": [{"step": "Place the cursor where you want to create the electronic signature", "controlLabel": "", "controlText": "", "function": "click_input", "args": {"button": "left", "double": false}}, {"step": "Go to the Insert tab", "controlLabel": "25", "controlText": "Insert", "function": "click_input", "args": {"button": "left", "double": false}}, {"step": "Click Signature List in the Text group", "controlLabel": "", "controlText": "Signature List", "function": "click_input", "args": {"button": "left", "double": false}}, {"step": "Click Microsoft Office Signature Line", "controlLabel": "", "controlText": "Microsoft Office Signature Line", "function": "click_input", "args": {"button": "left", "double": false}}, {"step": "Fill in the required information in the Signature Setup dialog box", "controlLabel": "", "controlText": "", "function": "set_edit_text", "args": {"control_id": "", "text": "Signer's Name, Title, Email Address", "newline": true}}, {"step": "Click OK to insert the signature line", "controlLabel": "", "controlText": "OK", "function": "click_input", "args": {"button": "left", "double": false}}, {"step": "Double-click the signature line to sign", "controlLabel": "", "controlText": "Signature Line", "function": "click_input", "args": {"button": "left", "double": true}}, {"step": "Type your name or upload an image of your signature in the Sign dialog box", "controlLabel": "", "controlText": "", "function": "set_edit_text", "args": {"control_id": "", "text": "Your Name or Signature Image", "newline": true}}, {"step": "Click Sign to complete the electronic signature", "controlLabel": "", "controlText": "Sign", "function": "click_input", "args": {"button": "left", "double": false}}], "action_prefill_file_path": "D:\\agents\\AgentLearner\\cache\\action_prefill\\71581.docx"}