{"Problem": "How to insert citations in Microsoft Word using Zotero", "Solution Steps": ["Ensure Zotero is installed and the Zotero Word plugin is properly set up.", "In Microsoft Word, place your cursor where you want the citation to appear.", "Click the **Zotero** tab on the Word ribbon.", "Click **Add/Edit Citation**.", "A Zotero search bar will appear. Enter the details of the source you wish to cite, such as the author's name, title, or year of publication.", "Select the correct source from the list that appears in the Zotero search bar.", "Press **Enter** to insert the citation into your document."], "new_problem": "Insert citations in Microsoft Word using Zotero.", "action_plans": [{"step": "Place the cursor where the citation should appear", "controlLabel": "", "controlText": "", "function": "click_input", "args": {"control_id": "", "control_name": "Document", "button": "left", "double": false}}, {"step": "Click the Zotero tab on the Word ribbon", "controlLabel": "33", "controlText": "Zotero", "function": "click_input", "args": {"button": "left", "double": false}}, {"step": "Click Add/Edit Citation", "controlLabel": "", "controlText": "Add/Edit Citation", "function": "click_input", "args": {"button": "left", "double": false}}, {"step": "Enter the details of the source in the Zotero search bar", "controlLabel": "", "controlText": "", "function": "set_edit_text", "args": {"control_id": "", "control_name": "Edit", "text": "Author Name, Title, or Year", "newline": false}}, {"step": "Select the correct source from the list", "controlLabel": "", "controlText": "", "function": "click_input", "args": {"control_id": "", "control_name": "ListItem", "button": "left", "double": false}}, {"step": "Press Enter to insert the citation", "controlLabel": "", "controlText": "", "function": "type_keys", "args": {"control_id": "", "control_name": "Edit", "text": "{ENTER}", "newline": false}}], "action_prefill_file_path": "D:\\agents\\AgentLearner\\cache\\action_prefill\\71582.docx"}