{"Problem": "How to insert a flower symbol in a Word document", "Solution Steps": ["Place your cursor in the document where you want to insert the flower symbol.", "Click on the **Insert** tab.", "In the **Symbols** group, click on **Symbol** and then choose **More Symbols**.", "In the **Symbol** dialog box, select the **Font** dropdown and choose **Wingdings** or a similar font that contains flower symbols.", "Scroll through the symbols to find the flower symbol you want to use.", "Click on the flower symbol to select it and then click **Insert**.", "After inserting, click **Close** to exit the Symbol dialog box."], "new_problem": "Insert a flower symbol in the Word document.", "action_plans": [{"step": "Place the cursor in the document", "controlLabel": "103", "controlText": "Page 1 content", "function": "click_input", "args": {"button": "left", "double": false}}, {"step": "Click on the Insert tab", "controlLabel": "25", "controlText": "Insert", "function": "click_input", "args": {"button": "left", "double": false}}, {"step": "Open the Symbol menu", "controlLabel": "276", "controlText": "Symbol", "function": "click_input", "args": {"button": "left", "double": false}}, {"step": "Select More Symbols", "controlLabel": "277", "controlText": "More Options", "function": "click_input", "args": {"button": "left", "double": false}}, {"step": "Choose Wingdings font", "controlLabel": "", "controlText": "", "function": "set_edit_text", "args": {"control_id": "fontDropdown", "text": "Wingdings"}}, {"step": "Scroll to find the flower symbol", "controlLabel": "", "controlText": "", "function": "wheel_mouse_input", "args": {"control_id": "symbolList", "wheel_dist": -20}}, {"step": "Select the flower symbol", "controlLabel": "", "controlText": "", "function": "click_input", "args": {"control_id": "flowerSymbol", "button": "left", "double": false}}, {"step": "Insert the flower symbol", "controlLabel": "", "controlText": "", "function": "click_input", "args": {"control_id": "insertButton", "button": "left", "double": false}}, {"step": "Close the Symbol dialog box", "controlLabel": "", "controlText": "", "function": "click_input", "args": {"control_id": "closeButton", "button": "left", "double": false}}], "action_prefill_file_path": "D:\\agents\\AgentLearner\\cache\\action_prefill\\71592.docx"}