{"Problem": "How to use Microsoft Word for document creation?", "Solution Steps": ["Open Microsoft Word by double-clicking the Word icon on your desktop or searching for Word in the Windows search bar and selecting it.", "Once Word is open, click on **Blank document** to start a new document, or choose a template if you prefer.", "To add text, simply start typing. You can adjust the font type, size, and color by using the options in the **Home** tab.", "To save your document, click on **File**, then **Save As**. Choose a location on your computer, enter a file name, and click **Save**.", "To insert images, charts, or tables, click on the **Insert** tab and choose the appropriate option from the menu.", "Use the **Design** tab to add themes or style sets to your document for a more professional look.", "To check spelling and grammar, click on the **Review** tab and then **Spelling & Grammar**.", "When your document is complete, you can print it by clicking on **File**, then **Print**. Choose your printer and settings, then click **Print**."], "new_problem": "Provide a step-by-step guide on how to use Microsoft Word for document creation, including opening Word, creating a new document, adding text, saving the document, inserting elements, applying design, checking spelling and grammar, and printing the document.", "action_plans": [{"step": "Open Microsoft Word", "controlLabel": "", "controlText": "", "function": "click_input", "args": {"control_name": "Word Icon", "button": "left", "double": true}}, {"step": "Click on Blank document to start a new document", "controlLabel": "10", "controlText": "New Blank Document", "function": "click_input", "args": {"button": "left", "double": false}}, {"step": "Add text by typing", "controlLabel": "103", "controlText": "Page 1 content", "function": "set_edit_text", "args": {"control_id": "103", "text": "This is a sample text.", "newline": true}}, {"step": "Adjust the font type, size, and color", "controlLabel": "24", "controlText": "Home", "function": "click_input", "args": {"button": "left", "double": false}}, {"step": "Save the document", "controlLabel": "22", "controlText": "File Tab", "function": "click_input", "args": {"button": "left", "double": false}}, {"step": "Click Save As", "controlLabel": "9", "controlText": "Save", "function": "click_input", "args": {"button": "left", "double": false}}, {"step": "Choose a location, enter a file name, and click Save", "controlLabel": "14", "controlText": "Search", "function": "set_edit_text", "args": {"control_id": "14", "text": "SampleDocument", "newline": true}}, {"step": "Insert images, charts, or tables", "controlLabel": "25", "controlText": "Insert", "function": "click_input", "args": {"button": "left", "double": false}}, {"step": "Choose the appropriate option from the menu", "controlLabel": "236", "controlText": "Table", "function": "click_input", "args": {"button": "left", "double": false}}, {"step": "Add themes or style sets", "controlLabel": "27", "controlText": "Design", "function": "click_input", "args": {"button": "left", "double": false}}, {"step": "Check spelling and grammar", "controlLabel": "31", "controlText": "Review", "function": "click_input", "args": {"button": "left", "double": false}}, {"step": "Click Spelling & Grammar", "controlLabel": "354", "controlText": "Spelling and Grammar", "function": "click_input", "args": {"button": "left", "double": false}}, {"step": "Print the document", "controlLabel": "22", "controlText": "File Tab", "function": "click_input", "args": {"button": "left", "double": false}}, {"step": "Click Print", "controlLabel": "21", "controlText": "Print", "function": "click_input", "args": {"button": "left", "double": false}}], "action_prefill_file_path": "D:\\agents\\AgentLearner\\cache\\action_prefill\\71596.docx"}