{"Problem": "How to do math calculations in a Word document?", "Solution Steps": ["Place the cursor where you want to insert the calculation.", "Click the **Insert** tab.", "In the **Text** group, click **Object**.", "In the **Object** dialog box, select **Microsoft Equation 3.0** and click **OK**.", "Use the equation editor to type your mathematical expression.", "Click outside the equation editor to insert the equation into your document."], "new_problem": "Perform math calculations in the Word document by inserting an equation using the equation editor.", "action_plans": [{"step": "Place the cursor where you want to insert the calculation", "controlLabel": "", "controlText": "", "function": "click_input", "args": {}}, {"step": "Click the Insert tab", "controlLabel": "25", "controlText": "Insert", "function": "click_input", "args": {"button": "left", "double": false}}, {"step": "Click the Object button", "controlLabel": "128", "controlText": "Insert", "function": "click_input", "args": {"button": "left", "double": false}}, {"step": "Select Microsoft Equation 3.0 from the Object dialog", "controlLabel": "", "controlText": "Microsoft Equation 3.0", "function": "click_input", "args": {"button": "left", "double": false}}, {"step": "Use the equation editor to type your mathematical expression", "controlLabel": "", "controlText": "", "function": "set_edit_text", "args": {"text": "Type your mathematical expression here"}}, {"step": "Click outside the equation editor to insert the equation into your document", "controlLabel": "", "controlText": "", "function": "click_input", "args": {}}], "action_prefill_file_path": "D:\\agents\\AgentLearner\\cache\\action_prefill\\71604.docx"}