{"Problem": "How to ensure a Word document opens correctly on a mobile device?", "Solution Steps": ["Open the document you want to ensure opens correctly on a mobile device.", "Click the **File** tab.", "Select **Save As**.", "Choose a location to save the file.", "In the **Save as type** dropdown, select **PDF**.", "Click **Save**."], "new_problem": "Ensure the Word document opens correctly on a mobile device by saving it as a PDF.", "action_plans": [{"step": "Click the File tab", "controlLabel": "108", "controlText": "System", "function": "click_input", "args": {"button": "left", "double": false}}, {"step": "Select Save As", "controlLabel": "108", "controlText": "System", "function": "click_input", "args": {"button": "left", "double": false}}, {"step": "Choose a location to save the file", "controlLabel": "9", "controlText": "Save", "function": "click_input", "args": {"button": "left", "double": false}}, {"step": "In the Save as type dropdown, select PDF", "controlLabel": "9", "controlText": "Save", "function": "set_edit_text", "args": {"control_id": "9", "text": "PDF"}}, {"step": "Click Save", "controlLabel": "9", "controlText": "Save", "function": "click_input", "args": {"button": "left", "double": false}}], "action_prefill_file_path": "D:\\agents\\AgentLearner\\cache\\action_prefill\\71603.docx"}