{"Problem": "How to use the left-to-right text direction function in Microsoft Word", "Solution Steps": ["Open your document in Microsoft Word.", "Select the text that you want to change to left-to-right direction.", "Go to the **Home** tab on the ribbon.", "In the **Paragraph** group, click the **Left-to-Right Text Direction** button."], "new_problem": "Use the left-to-right text direction function in Microsoft Word for the text 'text to edit'.", "action_plans": [{"step": "select the text 'text to edit'", "controlLabel": "", "controlText": "", "function": "select_text", "args": {"text": "text to edit"}}, {"step": "switch to the Home tab", "controlLabel": "24", "controlText": "Home", "function": "click_input", "args": {"button": "left", "double": false}}, {"step": "click the Left-to-Right Text Direction button", "controlLabel": "", "controlText": "Left-to-Right Text Direction", "function": "click_input", "args": {"button": "left", "double": false}}], "action_prefill_file_path": "D:\\agents\\AgentLearner\\cache\\action_prefill\\71613.docx"}