{"Problem": "How can I determine what custom XML data is in my Word document?", "Solution Steps": ["Open the Word document.", "Click the **File** tab.", "Select **Info** from the left-hand menu.", "Click **Check for Issues**.", "Select **Inspect Document** from the dropdown menu.", "In the Document Inspector dialog box, ensure that **Custom XML Data** is checked.", "Click **Inspect**.", "Review the results under the **Custom XML Data** section to see the custom XML data present in the document."], "new_problem": "Determine what custom XML data is in the Word document by inspecting the document.", "action_plans": [{"step": "Click the File tab", "controlLabel": "25", "controlText": "File", "function": "click_input", "args": {"button": "left", "double": false}}, {"step": "Select Info from the left-hand menu", "controlLabel": "437", "controlText": "Info", "function": "click_input", "args": {"button": "left", "double": false}}, {"step": "Click Check for Issues", "controlLabel": "438", "controlText": "Check for Issues", "function": "click_input", "args": {"button": "left", "double": false}}, {"step": "Select Inspect Document from the dropdown menu", "controlLabel": "218", "controlText": "Inspect Document", "function": "click_input", "args": {"button": "left", "double": false}}, {"step": "Ensure Custom XML Data is checked in the Document Inspector dialog box", "controlLabel": "418", "controlText": "Custom XML Data", "function": "click_input", "args": {"button": "left", "double": false}}, {"step": "Click Inspect", "controlLabel": "419", "controlText": "Inspect", "function": "click_input", "args": {"button": "left", "double": false}}, {"step": "Review the results under the Custom XML Data section", "controlLabel": "", "controlText": "", "function": "", "args": {}}], "action_prefill_file_path": "D:\\agents\\AgentLearner\\cache\\action_prefill\\71615.docx"}