{"Problem": "How to create fill-in-the-blank lines in Word?", "Solution Steps": ["Open your document in Word.", "Place the cursor where you want the fill-in-the-blank line to start.", "On the **Insert** tab, click **Shapes** and select the **Line** shape.", "Draw the line by clicking and dragging on the document where you want the fill-in-the-blank line to be.", "To ensure the line is straight, hold down the **Shift** key while you draw.", "If you need to adjust the length or position of the line, select it and use the sizing handles or drag it to the desired position."], "new_problem": "Create fill-in-the-blank lines in the Word document.", "action_plans": [{"step": "Switch to the 'Insert' tab", "controlLabel": "25", "controlText": "Insert", "function": "click_input", "args": {"button": "left", "double": false}}, {"step": "Select the 'Shapes' option", "controlLabel": "128", "controlText": "Insert", "function": "click_input", "args": {"button": "left", "double": false}}, {"step": "Draw a line for the fill-in-the-blank", "controlLabel": "", "controlText": "", "function": "type_keys", "args": {"text": "{VK_SHIFT down}{VK_L down}{VK_L up}{VK_SHIFT up}", "newline": false}}], "action_prefill_file_path": "D:\\agents\\AgentLearner\\cache\\action_prefill\\71620.docx"}