{"Problem": "How to change the style of a table in Microsoft Word.", "Solution Steps": ["Click anywhere in the table you want to change.", "Go to the **Table Tools** which appears at the top of the screen.", "Click the **Design** tab under **Table Tools**.", "In the **Table Styles** group, click the style you want to apply to your table."], "new_problem": "Change the style of the table in the Word document.", "action_plans": [{"step": "Select the table", "controlLabel": "", "controlText": "", "function": "select_table", "args": {"number": 1}}, {"step": "Navigate to the 'Design' tab under 'Table Tools'", "controlLabel": "27", "controlText": "Design", "function": "click_input", "args": {"button": "left", "double": false}}, {"step": "Choose a new style from the 'Table Styles' group", "controlLabel": "41", "controlText": "Document Formatting", "function": "click_input", "args": {"button": "left", "double": false}}], "action_prefill_file_path": "D:\\agents\\AgentLearner\\cache\\action_prefill\\71632.docx"}