{"Problem": "How to remove a solid line on the bottom left of a Word document that repeats", "Solution Steps": ["Place the cursor above the solid line that you want to remove.", "On the **Home** tab, in the **Paragraph** group, click the arrow next to **Borders**.", "Click **No Border** to remove the solid line."], "new_problem": "Remove the solid line at the bottom left of the Word document.", "action_plans": [{"step": "Place the cursor above the solid line", "controlLabel": "", "controlText": "", "function": "select_text", "args": {"text": "text to edit"}}, {"step": "Go to the Home tab", "controlLabel": "11", "controlText": "Home", "function": "click_input", "args": {"button": "left", "double": false}}, {"step": "Click the Borders button", "controlLabel": "195", "controlText": "Borders", "function": "click_input", "args": {"button": "left", "double": false}}, {"step": "Select No Border to remove the solid line", "controlLabel": "", "controlText": "No Border", "function": "click_input", "args": {"button": "left", "double": false}}], "action_prefill_file_path": "D:\\agents\\AgentLearner\\cache\\action_prefill\\7163.docx"}