{"Problem": "How to format a document for a wedding thanksgiving invitation.", "Solution Steps": ["Open a new or existing document in Word.", "Click the **Design** tab to choose a theme for your invitation.", "Select a theme from the **Themes** group that suits your wedding thanksgiving invitation.", "Click the **Insert** tab to add text boxes, images, or shapes.", "In the **Text** group, click **Text Box** and choose a style to add a text box for your invitation message.", "Type your invitation message inside the text box.", "To add images, click **Pictures** in the **Illustrations** group and select an image from your computer.", "Resize and position the image as needed by clicking and dragging the corners of the image.", "To add decorative elements, click **Shapes** in the **Illustrations** group and choose a shape to add to your document.", "Format the text by selecting it and using the options in the **Font** group on the **Home** tab to change the font style, size, and color.", "Adjust the layout and design elements until you are satisfied with the appearance of your invitation.", "Save your document by clicking **File** and then **Save As** to choose a location and file name for your invitation."], "new_problem": "Format the document for a wedding thanksgiving invitation by selecting a theme, adding text boxes, images, and shapes, and formatting the text.", "action_plans": [{"step": "Open a new blank document", "controlLabel": "10", "controlText": "New Blank Document", "function": "click_input", "args": {"button": "left", "double": false}}, {"step": "Click the Design tab", "controlLabel": "24", "controlText": "Design", "function": "click_input", "args": {"button": "left", "double": false}}, {"step": "Select a theme for the invitation", "controlLabel": "42", "controlText": "Themes", "function": "click_input", "args": {"button": "left", "double": false}}, {"step": "Click the Insert tab", "controlLabel": "25", "controlText": "Insert", "function": "click_input", "args": {"button": "left", "double": false}}, {"step": "Add a text box for the invitation message", "controlLabel": "128", "controlText": "Insert", "function": "click_input", "args": {"button": "left", "double": false}}, {"step": "Type the invitation message", "controlLabel": "101", "controlText": "Page 1 content", "function": "set_edit_text", "args": {"text": "You are cordially invited to our wedding thanksgiving celebration."}}, {"step": "Add an image to the document", "controlLabel": "128", "controlText": "Insert", "function": "click_input", "args": {"button": "left", "double": false}}, {"step": "Resize and position the image", "controlLabel": "101", "controlText": "Page 1 content", "function": "click_input", "args": {"button": "left", "double": false}}, {"step": "Add decorative shapes", "controlLabel": "128", "controlText": "Insert", "function": "click_input", "args": {"button": "left", "double": false}}, {"step": "Format the text", "controlLabel": "24", "controlText": "Home", "function": "click_input", "args": {"button": "left", "double": false}}, {"step": "Save the document", "controlLabel": "315", "controlText": "Finish", "function": "click_input", "args": {"button": "left", "double": false}}], "action_prefill_file_path": "D:\\agents\\AgentLearner\\cache\\action_prefill\\71642.docx"}