{"Problem": "How to find and use a font with a horror theme in Word.", "Solution Steps": ["Open your Word document.", "Select the text you want to change to a horror-themed font.", "Go to the **Home** tab.", "In the **Font** group, click the drop-down arrow next to the font name.", "Scroll through the list of fonts to find a horror-themed font. If you do not have one, you may need to download and install a horror-themed font from a font website.", "Once you have found or installed the desired font, click on it to apply it to the selected text."], "new_problem": "Find and use a horror-themed font in the Word document.", "action_plans": [{"step": "Select the text 'text to edit'", "controlLabel": "", "controlText": "", "function": "select_text", "args": {"text": "text to edit"}}, {"step": "Navigate to the 'Home' tab", "controlLabel": "11", "controlText": "Home", "function": "click_input", "args": {"button": "left", "double": false}}, {"step": "Open the font dropdown", "controlLabel": "142", "controlText": "Font", "function": "click_input", "args": {"button": "left", "double": false}}, {"step": "Scroll through the list of fonts to find a horror-themed font", "controlLabel": "142", "controlText": "Font", "function": "wheel_mouse_input", "args": {"control_id": "142", "wheel_dist": -20}}, {"step": "Select the horror-themed font", "controlLabel": "142", "controlText": "Font", "function": "click_input", "args": {"button": "left", "double": false}}], "action_prefill_file_path": "D:\\agents\\AgentLearner\\cache\\action_prefill\\71650.docx"}