{"Problem": "How do I combine two Word documents into one?", "Solution Steps": ["Open the first Word document you want to combine.", "Place your cursor where you want the second document to be inserted.", "Go to the **Insert** tab.", "Click on **Object** in the **Text** group.", "Select **Text from File**.", "Locate and select the second Word document you want to combine.", "Click **Insert**."], "new_problem": "Combine two Word documents by inserting the second document into the first one.", "action_plans": [{"step": "Place the cursor at the desired location in the first document", "controlLabel": "", "controlText": "", "function": "click_input", "args": {"control_id": "101", "button": "left", "double": false}}, {"step": "Navigate to the 'Insert' tab", "controlLabel": "25", "controlText": "Insert", "function": "click_input", "args": {"button": "left", "double": false}}, {"step": "Click on 'Object' in the 'Text' group", "controlLabel": "", "controlText": "Object", "function": "click_input", "args": {"button": "left", "double": false}}, {"step": "Select 'Text from File'", "controlLabel": "", "controlText": "Text from File", "function": "click_input", "args": {"button": "left", "double": false}}, {"step": "Locate and select the second Word document", "controlLabel": "146", "controlText": "12", "function": "set_edit_text", "args": {"control_id": "146", "text": "path_to_second_document.docx"}}, {"step": "Click 'Insert' to combine the documents", "controlLabel": "147", "controlText": "Open", "function": "click_input", "args": {"button": "left", "double": false}}], "action_prefill_file_path": "D:\\agents\\AgentLearner\\cache\\action_prefill\\71654.docx"}