{"Problem": "How to create a Cardiff University document in Word", "Solution Steps": ["Open Microsoft Word.", "Click on **File** in the top left corner.", "Select **New** from the dropdown menu.", "In the search bar, type 'Cardiff University' and press Enter.", "Browse through the available templates and select the one that matches your needs.", "Click **Create** to open the template.", "Edit the document as required with your content."], "new_problem": "Create a Cardiff University document in Word by opening Word, navigating to 'File', selecting 'New', searching for 'Cardiff University' templates, and creating a document from the selected template.", "action_plans": [{"step": "Open Microsoft Word", "controlLabel": "", "controlText": "", "function": "", "args": {}}, {"step": "Click on File in the top left corner", "controlLabel": "108", "controlText": "System", "function": "click_input", "args": {"button": "left", "double": false}}, {"step": "Select New from the dropdown menu", "controlLabel": "10", "controlText": "New Blank Document", "function": "click_input", "args": {"button": "left", "double": false}}, {"step": "In the search bar, type 'Cardiff University' and press Enter", "controlLabel": "14", "controlText": "Search", "function": "set_edit_text", "args": {"control_id": "14", "text": "Cardiff University", "newline": true}}, {"step": "Browse through the available templates and select the one that matches your needs", "controlLabel": "", "controlText": "", "function": "", "args": {}}, {"step": "Click Create to open the template", "controlLabel": "", "controlText": "", "function": "", "args": {}}, {"step": "Edit the document as required with your content", "controlLabel": "", "controlText": "", "function": "", "args": {}}], "action_prefill_file_path": "D:\\agents\\AgentLearner\\cache\\action_prefill\\71658.docx"}