{"Problem": "Where to find a Dungeons and Dragons character sheet template for Word?", "Solution Steps": ["Open Microsoft Word.", "Click on the **File** tab and select **New**.", "In the search bar, type 'Dungeons and Dragons character sheet' and press Enter.", "Browse through the available templates.", "Select the template you like and click **Create** to open a new document with the selected template."], "new_problem": "Find a Dungeons and Dragons character sheet template in Microsoft Word.", "action_plans": [{"step": "Open the File tab", "controlLabel": "22", "controlText": "File Tab", "function": "click_input", "args": {"button": "left", "double": false}}, {"step": "Select New to create a new document", "controlLabel": "10", "controlText": "New Blank Document", "function": "click_input", "args": {"button": "left", "double": false}}, {"step": "Search for 'Dungeons and Dragons character sheet' template", "controlLabel": "14", "controlText": "Search", "function": "set_edit_text", "args": {"text": "Dungeons and Dragons character sheet"}}, {"step": "Press Enter to search", "controlLabel": "14", "controlText": "Search", "function": "type_keys", "args": {"text": "{ENTER}"}}, {"step": "Browse through the available templates", "controlLabel": "", "controlText": "", "function": "", "args": {}}, {"step": "Select the desired template and create a new document", "controlLabel": "", "controlText": "", "function": "", "args": {}}], "action_prefill_file_path": "D:\\agents\\AgentLearner\\cache\\action_prefill\\71652.docx"}