{"Problem": "How to update a calendar automatically in Microsoft Word.", "Solution Steps": ["Open the document containing the calendar you want to update.", "Click on the calendar to select it.", "Go to the **Insert** tab on the Ribbon.", "In the **Text** group, click **Date & Time**.", "In the **Date and Time** dialog box, select the format you want.", "Check the box that says **Update automatically**.", "Click **OK** to apply the changes."], "new_problem": "Update the calendar in the document to update automatically.", "action_plans": [{"step": "Select the calendar in the document", "controlLabel": "", "controlText": "", "function": "select_text", "args": {"text": "calendar"}}, {"step": "Switch to the 'Insert' tab", "controlLabel": "25", "controlText": "Insert", "function": "click_input", "args": {"button": "left", "double": false}}, {"step": "Click 'Date & Time' button", "controlLabel": "268", "controlText": "Date & Time...", "function": "click_input", "args": {"button": "left", "double": false}}, {"step": "Select the desired date and time format", "controlLabel": "", "controlText": "", "function": "type_keys", "args": {"text": "{DOWN}{ENTER}"}}, {"step": "Check the 'Update automatically' box", "controlLabel": "", "controlText": "", "function": "type_keys", "args": {"text": "{TAB}{TAB}{SPACE}"}}, {"step": "Click 'OK' to apply the changes", "controlLabel": "", "controlText": "", "function": "type_keys", "args": {"text": "{ENTER}"}}], "action_prefill_file_path": "D:\\agents\\AgentLearner\\cache\\action_prefill\\71660.docx"}