{"Problem": "How to insert the copyright symbol in Word", "Solution Steps": ["Place the cursor where you want to insert the copyright symbol.", "Go to the **Insert** tab.", "In the **Symbols** group, click **Symbol**.", "Select **More Symbols** from the dropdown menu.", "In the **Symbol** dialog box, select **(normal text)** from the **Font** dropdown.", "Scroll down and select the copyright symbol (\u00a9).", "Click **Insert** and then **Close**."], "new_problem": "Insert the copyright symbol (\u00a9) in the Word document.", "action_plans": [{"step": "Place the cursor where you want to insert the copyright symbol", "controlLabel": "47", "controlText": "Document", "function": "click_input", "args": {"button": "left", "double": false}}, {"step": "Go to the Insert tab", "controlLabel": "25", "controlText": "Insert", "function": "click_input", "args": {"button": "left", "double": false}}, {"step": "Click the Symbol button in the Symbols group", "controlLabel": "128", "controlText": "Insert", "function": "click_input", "args": {"button": "left", "double": false}}, {"step": "Select More Symbols from the dropdown menu", "controlLabel": "291", "controlText": "More", "function": "click_input", "args": {"button": "left", "double": false}}, {"step": "Select the copyright symbol from the Symbol dialog box", "controlLabel": "", "controlText": "", "function": "type_keys", "args": {"text": "\u00a9", "newline": false}}], "action_prefill_file_path": "D:\\agents\\AgentLearner\\cache\\action_prefill\\71671.docx"}