{"Problem": "How to use control space in Microsoft Word", "Solution Steps": ["Select the text where you want to remove formatting.", "Press **Ctrl + Spacebar** on your keyboard to remove any character formatting (such as bold, italic, underline, font color, etc.) and revert the text to the default font style."], "new_problem": "Explain how to use 'Ctrl + Spacebar' in Microsoft Word to remove formatting.", "action_plans": [{"step": "Select the text where you want to remove formatting.", "controlLabel": "", "controlText": "", "function": "select_text", "args": {"text": "[Grab your reader\u2019s attention with a great quote from the document or use this space to emphasize a key point. To place this text box anywhere on the page, just drag it.]"}}, {"step": "Press 'Ctrl + Spacebar' on your keyboard to remove any character formatting.", "controlLabel": "", "controlText": "", "function": "type_keys", "args": {"text": "{VK_CONTROL down}{VK_SPACE}{VK_CONTROL up}", "newline": false}}], "action_prefill_file_path": "D:\\agents\\AgentLearner\\cache\\action_prefill\\71676.docx"}