{"Problem": "How to open a PDF document in Word", "Solution Steps": ["Open Microsoft Word.", "Click on **File** in the top left corner.", "Select **Open** from the menu.", "Click on **Browse** to locate the PDF file on your computer.", "Select the PDF file you want to open and click **Open**.", "A dialog box will appear, informing you that Word will convert the PDF to an editable Word document. Click **OK** to proceed."], "new_problem": "Open a PDF document in Word by navigating through the 'File' menu, selecting 'Open', browsing for the PDF file, and confirming the conversion.", "action_plans": [{"step": "Click on the 'File' menu", "controlLabel": "108", "controlText": "System", "function": "click_input", "args": {"button": "left", "double": false}}, {"step": "Select 'Open' from the menu", "controlLabel": "144", "controlText": "Open", "function": "click_input", "args": {"button": "left", "double": false}}, {"step": "Click on 'Browse' to locate the PDF file", "controlLabel": "147", "controlText": "Open", "function": "click_input", "args": {"button": "left", "double": false}}, {"step": "Select the PDF file to open", "controlLabel": "", "controlText": "", "function": "type_keys", "args": {"text": "C:\\path\\to\\your\\file.pdf", "newline": true}}, {"step": "Confirm the conversion of the PDF to an editable Word document", "controlLabel": "", "controlText": "", "function": "type_keys", "args": {"text": "{ENTER}", "newline": false}}], "action_prefill_file_path": "D:\\agents\\AgentLearner\\cache\\action_prefill\\71670.docx"}