{"Problem": "How to create hyperlinks in Word?", "Solution Steps": ["Select the text or picture that you want to turn into a hyperlink.", "Right-click the selected text or picture, and then click **Link**.", "In the **Insert Hyperlink** dialog box, enter the URL you want to link to in the **Address** field.", "Click **OK** to create the hyperlink."], "new_problem": "Create a hyperlink for the text 'text to edit' in the Word document.", "action_plans": [{"step": "Select the text 'text to edit'", "controlLabel": "", "controlText": "", "function": "select_text", "args": {"text": "text to edit"}}, {"step": "Switch to the 'Insert' tab", "controlLabel": "25", "controlText": "Insert", "function": "click_input", "args": {"button": "left", "double": false}}, {"step": "Click the 'Link' button", "controlLabel": "", "controlText": "Link", "function": "click_input", "args": {"button": "left", "double": false}}, {"step": "Enter the URL in the 'Address' field", "controlLabel": "14", "controlText": "Search", "function": "set_edit_text", "args": {"control_id": "14", "text": "http://example.com"}}, {"step": "Confirm the hyperlink creation", "controlLabel": "", "controlText": "OK", "function": "click_input", "args": {"button": "left", "double": false}}], "action_prefill_file_path": "D:\\agents\\AgentLearner\\cache\\action_prefill\\71686.docx"}