{"Problem": "How to create an emergency action plan for construction in Word?", "Solution Steps": ["Open Microsoft Word.", "Click on **File** in the top left corner.", "Select **New** to open a new document.", "In the search bar, type 'Emergency Action Plan' and press Enter.", "Browse through the available templates and select one that suits your needs by clicking on it.", "Click **Create** to open the template in a new document.", "Customize the template with specific details related to your construction site, such as emergency contacts, evacuation routes, and procedures.", "Save the document by clicking **File** and then **Save As**. Choose a location, enter a file name, and click **Save**."], "new_problem": "Create an emergency action plan for construction in Word by opening a new document, selecting an 'Emergency Action Plan' template, customizing it, and saving the document.", "action_plans": [{"step": "Open the File menu", "controlLabel": "", "controlText": "File", "function": "click_input", "args": {"button": "left", "double": false}}, {"step": "Select New to open a new document", "controlLabel": "", "controlText": "New", "function": "click_input", "args": {"button": "left", "double": false}}, {"step": "Search for 'Emergency Action Plan' template", "controlLabel": "", "controlText": "Search", "function": "set_edit_text", "args": {"text": "Emergency Action Plan"}}, {"step": "Press Enter to search", "controlLabel": "", "controlText": "", "function": "type_keys", "args": {"text": "{ENTER}"}}, {"step": "Select a suitable template", "controlLabel": "", "controlText": "Template", "function": "click_input", "args": {"button": "left", "double": false}}, {"step": "Create the document from the template", "controlLabel": "", "controlText": "Create", "function": "click_input", "args": {"button": "left", "double": false}}, {"step": "Customize the template with specific details", "controlLabel": "", "controlText": "", "function": "set_edit_text", "args": {"text": "Emergency contacts, evacuation routes, and procedures"}}, {"step": "Save the document", "controlLabel": "9", "controlText": "Save", "function": "click_input", "args": {"button": "left", "double": false}}, {"step": "Choose a location, enter a file name, and save", "controlLabel": "", "controlText": "", "function": "set_edit_text", "args": {"text": "Emergency Action Plan for Construction"}}], "action_prefill_file_path": "D:\\agents\\AgentLearner\\cache\\action_prefill\\71699.docx"}