{"Problem": "How to transfer Word documents to a new computer", "Solution Steps": ["Save the Word document on your current computer. You can use a USB flash drive, external hard drive, or cloud storage service to transfer the file.", "Connect the USB flash drive or external hard drive to your current computer, then copy the Word document to the device. If using cloud storage, upload the document to your cloud account.", "Eject the USB flash drive or external hard drive safely from your current computer.", "Connect the USB flash drive or external hard drive to your new computer. If using cloud storage, access your cloud account from the new computer.", "Copy the Word document from the USB flash drive or external hard drive to a location on your new computer. If using cloud storage, download the document from your cloud account to the new computer.", "Open the Word document on your new computer to ensure it has been transferred successfully."], "new_problem": "Transfer Word documents to a new computer by saving the document, transferring it via a USB drive, external hard drive, or cloud storage, and then copying it to the new computer.", "action_plans": [{"step": "Save the Word document on your current computer.", "controlLabel": "", "controlText": "", "function": "", "args": {}}, {"step": "Connect the USB flash drive or external hard drive to your current computer, then copy the Word document to the device. If using cloud storage, upload the document to your cloud account.", "controlLabel": "", "controlText": "", "function": "", "args": {}}, {"step": "Eject the USB flash drive or external hard drive safely from your current computer.", "controlLabel": "", "controlText": "", "function": "", "args": {}}, {"step": "Connect the USB flash drive or external hard drive to your new computer. If using cloud storage, access your cloud account from the new computer.", "controlLabel": "", "controlText": "", "function": "", "args": {}}, {"step": "Copy the Word document from the USB flash drive or external hard drive to a location on your new computer. If using cloud storage, download the document from your cloud account to the new computer.", "controlLabel": "", "controlText": "", "function": "", "args": {}}, {"step": "Open the Word document on your new computer to ensure it has been transferred successfully.", "controlLabel": "", "controlText": "", "function": "", "args": {}}], "action_prefill_file_path": "D:\\agents\\AgentLearner\\cache\\action_prefill\\71707.docx"}