{"Problem": "How to use the increase indent function in Microsoft Word", "Solution Steps": ["Select the text where you want to increase the indent.", "On the **Home** tab, in the **Paragraph** group, click the **Increase Indent** button. It looks like a blue arrow pointing right.", "Each click will increase the indent level of the selected text."], "new_problem": "Use the increase indent function on the text 'text to edit' in Microsoft Word.", "action_plans": [{"step": "Select the text 'text to edit'", "controlLabel": "", "controlText": "", "function": "select_text", "args": {"text": "text to edit"}}, {"step": "Ensure the 'Home' tab is active", "controlLabel": "24", "controlText": "Home", "function": "click_input", "args": {"button": "left", "double": false}}, {"step": "Click the 'Increase Indent' button", "controlLabel": "181", "controlText": "Increase Indent", "function": "click_input", "args": {"button": "left", "double": false}}], "action_prefill_file_path": "D:\\agents\\AgentLearner\\cache\\action_prefill\\71706.docx"}