{"Problem": "How to change all instances of a word in a Word document", "Solution Steps": ["Press **Ctrl + H** to open the Find and Replace dialog box.", "In the **Find what** box, type the word you want to find.", "In the **Replace with** box, type the word you want to use as a replacement.", "Click **Replace All** to change all instances of the word in the document.", "Click **Close** to exit the Find and Replace dialog box."], "new_problem": "Change all instances of a word in the Word document using the 'Find and Replace' functionality.", "action_plans": [{"step": "Open the Find and Replace dialog box", "controlLabel": "", "controlText": "", "function": "type_keys", "args": {"control_name": "Edit", "text": "{VK_CONTROL down}{H down}{H up}{VK_CONTROL up}", "newline": false}}, {"step": "Type the word to find", "controlLabel": "", "controlText": "", "function": "type_keys", "args": {"control_name": "Edit", "text": "Listitem", "newline": true}}, {"step": "Move to the Replace with box", "controlLabel": "", "controlText": "", "function": "type_keys", "args": {"control_name": "Edit", "text": "{TAB}", "newline": false}}, {"step": "Type the replacement word", "controlLabel": "", "controlText": "", "function": "type_keys", "args": {"control_name": "Edit", "text": "Item", "newline": true}}, {"step": "Replace all instances of the word", "controlLabel": "", "controlText": "", "function": "type_keys", "args": {"control_name": "Edit", "text": "{ALT down}{A down}{A up}{ALT up}", "newline": false}}, {"step": "Close the Find and Replace dialog box", "controlLabel": "", "controlText": "", "function": "type_keys", "args": {"control_name": "Edit", "text": "{ESC}", "newline": false}}], "action_prefill_file_path": "D:\\agents\\AgentLearner\\cache\\action_prefill\\7171.docx"}