{"Problem": "How to automate numbering in Word for tickets.", "Solution Steps": ["Open your Word document.", "Go to the **Mailings** tab.", "Click **Start Mail Merge** and select **Labels**.", "Choose the label vendor and product number that matches your ticket size, then click **OK**.", "Click **Select Recipients** and choose **Type a New List**.", "Enter the ticket numbers in the new list and save it.", "Click **Insert Merge Field** and select the field that contains the ticket numbers.", "Click **Update Labels** to apply the field to all labels.", "Click **Finish & Merge** and select **Edit Individual Documents**.", "In the **Merge to New Document** dialog box, click **OK**.", "Your tickets with automated numbering will be generated in a new document."], "new_problem": "Automate numbering in Word for tickets using the Mail Merge feature.", "action_plans": [{"step": "Open the Mailings tab", "controlLabel": "24", "controlText": "Mailings", "function": "click_input", "args": {"button": "left", "double": false}}, {"step": "Start Mail Merge and select Labels", "controlLabel": "", "controlText": "Start Mail Merge", "function": "click_input", "args": {"button": "left", "double": false}}, {"step": "Choose label vendor and product number", "controlLabel": "", "controlText": "Label Options", "function": "click_input", "args": {"button": "left", "double": false}}, {"step": "Select Recipients and choose Type a New List", "controlLabel": "", "controlText": "Select Recipients", "function": "click_input", "args": {"button": "left", "double": false}}, {"step": "Enter ticket numbers in the new list and save it", "controlLabel": "", "controlText": "New Address List", "function": "click_input", "args": {"button": "left", "double": false}}, {"step": "Insert Merge Field and select the field containing ticket numbers", "controlLabel": "", "controlText": "Insert Merge Field", "function": "click_input", "args": {"button": "left", "double": false}}, {"step": "Update Labels to apply the field to all labels", "controlLabel": "", "controlText": "Update Labels", "function": "click_input", "args": {"button": "left", "double": false}}, {"step": "Finish & Merge and select Edit Individual Documents", "controlLabel": "", "controlText": "Finish & Merge", "function": "click_input", "args": {"button": "left", "double": false}}, {"step": "Merge to New Document and click OK", "controlLabel": "", "controlText": "Merge to New Document", "function": "click_input", "args": {"button": "left", "double": false}}], "action_prefill_file_path": "D:\\agents\\AgentLearner\\cache\\action_prefill\\71722.docx"}