{"Problem": "How to add different size pages in Word.", "Solution Steps": ["Place the cursor at the beginning of the page where you want to change the size.", "Go to the **Layout** tab.", "Click **Breaks** in the **Page Setup** group and select **Next Page** under **Section Breaks**.", "Click anywhere on the new page.", "Go to the **Layout** tab again.", "Click **Size** in the **Page Setup** group and select the desired page size.", "Repeat these steps for each page where you want to change the size."], "new_problem": "Add different size pages in Word by placing the cursor at the beginning of the page, going to the Layout tab, inserting a section break, and changing the page size.", "action_plans": [{"step": "Place the cursor at the beginning of the page", "controlLabel": "103", "controlText": "Page 1 content", "function": "click_input", "args": {"button": "left", "double": false}}, {"step": "Go to the Layout tab", "controlLabel": "25", "controlText": "Insert", "function": "click_input", "args": {"button": "left", "double": false}}, {"step": "Click Breaks in the Page Setup group", "controlLabel": "285", "controlText": "Breaks", "function": "click_input", "args": {"button": "left", "double": false}}, {"step": "Select Next Page under Section Breaks", "controlLabel": "285", "controlText": "Breaks", "function": "click_input", "args": {"button": "left", "double": false}}, {"step": "Click anywhere on the new page", "controlLabel": "103", "controlText": "Page 1 content", "function": "click_input", "args": {"button": "left", "double": false}}, {"step": "Go to the Layout tab again", "controlLabel": "25", "controlText": "Insert", "function": "click_input", "args": {"button": "left", "double": false}}, {"step": "Click Size in the Page Setup group", "controlLabel": "283", "controlText": "Size", "function": "click_input", "args": {"button": "left", "double": false}}, {"step": "Select the desired page size", "controlLabel": "283", "controlText": "Size", "function": "click_input", "args": {"button": "left", "double": false}}], "action_prefill_file_path": "D:\\agents\\AgentLearner\\cache\\action_prefill\\71726.docx"}