{"Problem": "How to stop files from opening in WordPad instead of Word.", "Solution Steps": ["Right-click the Word document that you want to open.", "Select **Open with** from the context menu.", "Click **Choose another app**.", "In the list of applications, select **Word**.", "Check the box that says **Always use this app to open .docx files**.", "Click **OK**."], "new_problem": "Stop files from opening in WordPad instead of Word by changing the default application for .docx files.", "action_plans": [{"step": "Right-click the Word document that you want to open.", "controlLabel": "", "controlText": "", "function": "", "args": {}}, {"step": "Select 'Open with' from the context menu.", "controlLabel": "", "controlText": "", "function": "", "args": {}}, {"step": "Click 'Choose another app'.", "controlLabel": "", "controlText": "", "function": "", "args": {}}, {"step": "In the list of applications, select 'Word'.", "controlLabel": "", "controlText": "", "function": "", "args": {}}, {"step": "Check the box that says 'Always use this app to open .docx files'.", "controlLabel": "", "controlText": "", "function": "", "args": {}}, {"step": "Click 'OK'.", "controlLabel": "", "controlText": "", "function": "", "args": {}}], "action_prefill_file_path": "D:\\agents\\AgentLearner\\cache\\action_prefill\\71721.docx"}