{"Problem": "How to create and print a single envelope in Word", "Solution Steps": ["Open Word and click on the **Mailings** tab.", "In the **Create** group, click **Envelopes**.", "In the **Envelopes and Labels** dialog box, type the delivery address in the **Delivery address** box.", "If you want to add a return address, type it in the **Return address** box.", "Click **Options** to select the envelope size and other printing options, then click **OK**.", "Click **Add to Document** if you want to save the envelope for future use, or click **Print** to print the envelope immediately."], "new_problem": "Create and print a single envelope in Word by navigating to the 'Mailings' tab, clicking 'Envelopes...', inputting addresses, selecting options, and printing.", "action_plans": [{"step": "Navigate to the 'Mailings' tab", "controlLabel": "30", "controlText": "Mailings", "function": "click_input", "args": {"button": "left", "double": false}}, {"step": "Click on 'Envelopes...' button", "controlLabel": "308", "controlText": "Envelopes...", "function": "click_input", "args": {"button": "left", "double": false}}, {"step": "Input the delivery address", "controlLabel": "14", "controlText": "Search", "function": "set_edit_text", "args": {"control_id": "14", "text": "123 Main St, Anytown, USA", "newline": true}}, {"step": "Input the return address", "controlLabel": "14", "controlText": "Search", "function": "set_edit_text", "args": {"control_id": "14", "text": "456 Elm St, Hometown, USA", "newline": true}}, {"step": "Click on 'Options' to select envelope size and other printing options", "controlLabel": "14", "controlText": "Search", "function": "click_input", "args": {"button": "left", "double": false}}, {"step": "Click 'OK' to confirm options", "controlLabel": "14", "controlText": "Search", "function": "click_input", "args": {"button": "left", "double": false}}, {"step": "Click 'Add to Document' to save the envelope", "controlLabel": "14", "controlText": "Search", "function": "click_input", "args": {"button": "left", "double": false}}, {"step": "Click 'Print' to print the envelope", "controlLabel": "14", "controlText": "Search", "function": "click_input", "args": {"button": "left", "double": false}}], "action_prefill_file_path": "D:\\agents\\AgentLearner\\cache\\action_prefill\\71720.docx"}