{"Problem": "How to use animal print font in Word", "Solution Steps": ["Open your Word document.", "Select the text you want to apply the animal print font to.", "Go to the **Home** tab.", "In the **Font** group, click the arrow next to the **Font** box.", "Scroll through the list of fonts to find the animal print font you want to use. If the font is not available, you may need to download and install it from a trusted source.", "Click the animal print font to apply it to the selected text."], "new_problem": "Apply an animal print font to the text 'text to edit' in the Word document.", "action_plans": [{"step": "Select the text 'text to edit'", "controlLabel": "", "controlText": "", "function": "select_text", "args": {"text": "text to edit"}}, {"step": "Switch to the Home tab", "controlLabel": "24", "controlText": "Home", "function": "click_input", "args": {"button": "left", "double": false}}, {"step": "Open the font selection dropdown", "controlLabel": "69", "controlText": "Fonts", "function": "click_input", "args": {"button": "left", "double": false}}, {"step": "Select the animal print font", "controlLabel": "", "controlText": "Animal Print Font", "function": "type_keys", "args": {"text": "Animal Print Font"}}], "action_prefill_file_path": "D:\\agents\\AgentLearner\\cache\\action_prefill\\71723.docx"}