{"Problem": "How to create a two-page newsletter in Word", "Solution Steps": ["Open Microsoft Word.", "Click on **File** and select **New**.", "In the search bar, type 'Newsletter' and press Enter.", "Choose a newsletter template that you like and click **Create**.", "To add a second page, click on the **Insert** tab.", "Click **Blank Page** in the **Pages** group.", "Customize the content on both pages as needed by clicking on the text boxes and typing your content.", "To save your newsletter, click on **File** and select **Save As**.", "Choose the location where you want to save the file, enter a file name, and click **Save**."], "new_problem": "Create a two-page newsletter in Word by selecting a template, adding a second page, and customizing the content.", "action_plans": [{"step": "Open the Insert tab", "controlLabel": "25", "controlText": "Insert", "function": "click_input", "args": {"button": "left", "double": false}}, {"step": "Insert a blank page", "controlLabel": "", "controlText": "", "function": "type_keys", "args": {"text": "{VK_CONTROL down}{VK_RETURN}{VK_CONTROL up}", "newline": false}}, {"step": "Customize the content on the first page", "controlLabel": "", "controlText": "", "function": "set_edit_text", "args": {"control_id": "", "text": "Welcome to our Newsletter!", "newline": true}}, {"step": "Customize the content on the second page", "controlLabel": "", "controlText": "", "function": "set_edit_text", "args": {"control_id": "", "text": "Thank you for reading!", "newline": true}}, {"step": "Save the document", "controlLabel": "9", "controlText": "Save", "function": "click_input", "args": {"button": "left", "double": false}}], "action_prefill_file_path": "D:\\agents\\AgentLearner\\cache\\action_prefill\\71730.docx"}