{"Problem": "How to create a business booklet using a Word document template?", "Solution Steps": ["Open Microsoft Word on your computer.", "Click on the **File** tab in the upper left corner.", "Select **New** from the sidebar to create a new document.", "In the search bar at the top of the New Document window, type 'business booklet' and press Enter.", "Choose a booklet template from the available options by clicking on it.", "Click the **Create** button to open the template in a new document.", "Customize the template with your own text, images, and branding elements.", "To add your content, click on the existing text and replace it with your own information.", "To insert images, click on the **Insert** tab, then select **Pictures** and choose the image you want to add.", "Save the document by clicking on the **File** tab and then selecting **Save As**. Choose a location on your computer, enter a file name, and click **Save**."], "new_problem": "Create a business booklet using a Word document template by opening a new document, searching for 'business booklet' template, selecting it, and customizing it.", "action_plans": [{"step": "Open the File tab", "controlLabel": "85", "controlText": "File", "function": "click_input", "args": {"button": "left", "double": false}}, {"step": "Select New from the sidebar", "controlLabel": "10", "controlText": "New Blank Document", "function": "click_input", "args": {"button": "left", "double": false}}, {"step": "Search for 'business booklet' template", "controlLabel": "335", "controlText": "Search", "function": "set_edit_text", "args": {"control_id": "335", "text": "business booklet"}}, {"step": "Press Enter to search", "controlLabel": "335", "controlText": "Search", "function": "type_keys", "args": {"control_id": "335", "text": "{ENTER}"}}, {"step": "Choose a booklet template", "controlLabel": "101", "controlText": "Template", "function": "click_input", "args": {"button": "left", "double": false}}, {"step": "Click the Create button", "controlLabel": "9", "controlText": "Create", "function": "click_input", "args": {"button": "left", "double": false}}, {"step": "Customize the template with your own text", "controlLabel": "101", "controlText": "Document", "function": "set_edit_text", "args": {"control_id": "101", "text": "Your custom text here"}}, {"step": "Insert images", "controlLabel": "25", "controlText": "Insert", "function": "click_input", "args": {"button": "left", "double": false}}, {"step": "Select Pictures", "controlLabel": "128", "controlText": "Pictures", "function": "click_input", "args": {"button": "left", "double": false}}, {"step": "Choose the image to add", "controlLabel": "101", "controlText": "Document", "function": "click_input", "args": {"button": "left", "double": false}}, {"step": "Save the document", "controlLabel": "9", "controlText": "Save", "function": "click_input", "args": {"button": "left", "double": false}}], "action_prefill_file_path": "D:\\agents\\AgentLearner\\cache\\action_prefill\\71749.docx"}