{"Problem": "How to insert a hard hyphen in Microsoft Word", "Solution Steps": ["Place the cursor where you want to insert the hard hyphen.", "Press and hold the **Ctrl** key and the **Shift** key, then press the **Hyphen (-)** key."], "new_problem": "Insert a hard hyphen at the cursor position in the Microsoft Word document.", "action_plans": [{"step": "Place the cursor where you want to insert the hard hyphen", "controlLabel": "", "controlText": "", "function": "click_input", "args": {"control_id": "", "control_name": "Document", "button": "left", "double": false}}, {"step": "Press and hold the Ctrl key and the Shift key, then press the Hyphen (-) key", "controlLabel": "", "controlText": "", "function": "type_keys", "args": {"control_id": "", "control_name": "Document", "text": "{VK_CONTROL down}{VK_SHIFT down}{VK_OEM_MINUS}{VK_SHIFT up}{VK_CONTROL up}", "newline": false}}], "action_prefill_file_path": "D:\\agents\\AgentLearner\\cache\\action_prefill\\71746.docx"}