{"Problem": "How to create an inverted pyramid in Word.", "Solution Steps": ["Open a new or existing document in Word.", "Click on the **Insert** tab.", "In the **Illustrations** group, click **SmartArt**.", "In the **Choose a SmartArt Graphic** gallery, click **Pyramid**.", "Select the **Inverted Pyramid** layout and click **OK**.", "Click on the text placeholders to enter your text.", "To customize the pyramid, use the **SmartArt Tools** that appear when the pyramid is selected."], "new_problem": "Create an inverted pyramid in Word by navigating to the 'Insert' tab, selecting 'SmartArt', choosing the 'Pyramid' category, and selecting the 'Inverted Pyramid' layout. Enter text into the placeholders and customize the pyramid using the SmartArt Tools.", "action_plans": [{"step": "Navigate to the 'Insert' tab", "controlLabel": "25", "controlText": "Insert", "function": "click_input", "args": {"button": "left", "double": false}}, {"step": "Click on 'SmartArt' in the 'Illustrations' group", "controlLabel": "244", "controlText": "SmartArt...", "function": "click_input", "args": {"button": "left", "double": false}}, {"step": "Select the 'Pyramid' category in the 'Choose a SmartArt Graphic' gallery", "controlLabel": "", "controlText": "", "function": "select_text", "args": {"text": "Pyramid"}}, {"step": "Select the 'Inverted Pyramid' layout and click 'OK'", "controlLabel": "", "controlText": "", "function": "select_text", "args": {"text": "Inverted Pyramid"}}, {"step": "Click on the text placeholders to enter your text", "controlLabel": "", "controlText": "", "function": "select_text", "args": {"text": "Text Placeholder"}}, {"step": "Customize the pyramid using the 'SmartArt Tools'", "controlLabel": "", "controlText": "", "function": "click_input", "args": {"button": "left", "double": false}}], "action_prefill_file_path": "D:\\agents\\AgentLearner\\cache\\action_prefill\\71759.docx"}