{"Problem": "How to delete the last page in Word using keyboard shortcuts?", "Solution Steps": ["Press **Ctrl + End** to move the cursor to the end of the document.", "Press **Backspace** until the last page is deleted."], "new_problem": "Delete the last page in the Word document using keyboard shortcuts.", "action_plans": [{"step": "Move the cursor to the end of the document", "controlLabel": "103", "controlText": "Page 1 content", "function": "type_keys", "args": {"text": "{VK_CONTROL down}{VK_END}{VK_CONTROL up}", "newline": false}}, {"step": "Delete the content until the last page is removed", "controlLabel": "103", "controlText": "Page 1 content", "function": "type_keys", "args": {"text": "{BACKSPACE}", "newline": false}}], "action_prefill_file_path": "D:\\agents\\AgentLearner\\cache\\action_prefill\\71757.docx"}