{"Problem": "How to create a blank iceberg worksheet in Word", "Solution Steps": ["Open Microsoft Word.", "Click on the **Blank document** option to create a new document.", "Go to the **Insert** tab.", "Click on **Shapes** and select the triangle shape under the **Basic Shapes** section to represent the visible part of the iceberg.", "Draw the triangle shape on the document by clicking and dragging your mouse to the desired size.", "Go back to **Shapes** and select the rectangle shape to represent the submerged part of the iceberg.", "Draw the rectangle shape beneath the triangle so that the top of the rectangle aligns with the base of the triangle.", "Adjust the sizes of the shapes as needed by clicking and dragging the sizing handles.", "To add text, go to the **Insert** tab and click on **Text Box**. Choose **Draw Text Box**.", "Click and drag to draw a text box on the part of the iceberg where you want to add text.", "Type your text inside the text box.", "Repeat the process to add more text boxes as needed.", "To format the shapes or text boxes, use the **Format** tab that appears when a shape or text box is selected."], "new_problem": "Create a blank iceberg worksheet in Word by inserting a triangle and rectangle shape to represent the iceberg and adding text boxes for annotations.", "action_plans": [{"step": "Create a new blank document", "controlLabel": "10", "controlText": "New Blank Document", "function": "click_input", "args": {"button": "left", "double": false}}, {"step": "Switch to the Insert tab", "controlLabel": "25", "controlText": "Insert", "function": "click_input", "args": {"button": "left", "double": false}}, {"step": "Open the Shapes menu", "controlLabel": "128", "controlText": "Insert", "function": "click_input", "args": {"button": "left", "double": false}}, {"step": "Select the triangle shape", "controlLabel": "", "controlText": "Shapes", "function": "click_input", "args": {"button": "left", "double": false}}, {"step": "Draw the triangle shape", "controlLabel": "", "controlText": "", "function": "type_keys", "args": {"text": "{VK_LBUTTON down}{VK_LBUTTON up}"}}, {"step": "Select the rectangle shape", "controlLabel": "", "controlText": "Shapes", "function": "click_input", "args": {"button": "left", "double": false}}, {"step": "Draw the rectangle shape", "controlLabel": "", "controlText": "", "function": "type_keys", "args": {"text": "{VK_LBUTTON down}{VK_LBUTTON up}"}}, {"step": "Insert a text box", "controlLabel": "", "controlText": "Text Box", "function": "click_input", "args": {"button": "left", "double": false}}, {"step": "Draw the text box", "controlLabel": "", "controlText": "", "function": "type_keys", "args": {"text": "{VK_LBUTTON down}{VK_LBUTTON up}"}}, {"step": "Type text in the text box", "controlLabel": "", "controlText": "", "function": "set_edit_text", "args": {"text": "Type your text here"}}], "action_prefill_file_path": "D:\\agents\\AgentLearner\\cache\\action_prefill\\71764.docx"}