{"Problem": "How to check which version of Word you have?", "Solution Steps": ["Open Microsoft Word on your computer.", "Click on the **File** tab in the upper left corner of the window.", "Select **Account** or **Help** from the list on the left side of the screen.", "Under **Product Information**, you will see the version number of your Microsoft Word application."], "new_problem": "Check the version of Microsoft Word by navigating to the 'File' tab and selecting 'Account' or 'Help'.", "action_plans": [{"step": "Click on the 'File' tab", "controlLabel": "14", "controlText": "Search", "function": "click_input", "args": {"button": "left", "double": false}}, {"step": "Select 'Account' or 'Help' from the list", "controlLabel": "34", "controlText": "Help", "function": "click_input", "args": {"button": "left", "double": false}}, {"step": "Check the 'Product Information' for the version number", "controlLabel": "", "controlText": "", "function": "", "args": {}}], "action_prefill_file_path": "D:\\agents\\AgentLearner\\cache\\action_prefill\\7177.docx"}