{"Problem": "How to download Chinese font for Microsoft Word", "Solution Steps": ["Open Microsoft Word.", "Click on the **File** tab.", "Select **Options** from the menu.", "In the **Word Options** dialog box, click on **Language**.", "Under **Choose Editing Languages**, click **Add additional editing languages**.", "Select **Chinese** from the list and click **Add**.", "Click **OK** to close the dialog box.", "Word will prompt you to download the necessary language pack. Follow the on-screen instructions to download and install the Chinese font."], "new_problem": "Guide the user on how to download and install the Chinese font for Microsoft Word by adding the Chinese language pack.", "action_plans": [{"step": "Open the File tab", "controlLabel": "22", "controlText": "File Tab", "function": "click_input", "args": {"button": "left", "double": false}}, {"step": "Select Options from the menu", "controlLabel": "109", "controlText": "System", "function": "click_input", "args": {"button": "left", "double": false}}, {"step": "Click on Language in the Word Options dialog box", "controlLabel": "366", "controlText": "Language", "function": "click_input", "args": {"button": "left", "double": false}}, {"step": "Add additional editing languages", "controlLabel": "86", "controlText": "Language English (United States)", "function": "click_input", "args": {"button": "left", "double": false}}, {"step": "Select Chinese from the list and click Add", "controlLabel": "", "controlText": "", "function": "type_keys", "args": {"text": "Chinese"}}, {"step": "Confirm the addition of the Chinese language", "controlLabel": "", "controlText": "", "function": "type_keys", "args": {"text": "{ENTER}"}}, {"step": "Close the dialog box", "controlLabel": "", "controlText": "", "function": "type_keys", "args": {"text": "{ESC}"}}, {"step": "Follow the on-screen instructions to download and install the Chinese font", "controlLabel": "", "controlText": "", "function": "", "args": {}}], "action_prefill_file_path": "D:\\agents\\AgentLearner\\cache\\action_prefill\\71771.docx"}