{"Problem": "How to download a free blank Word document?", "Solution Steps": ["Open Microsoft Word.", "Click **File** in the top left corner.", "Select **New** from the menu.", "Click **Blank document** to open a new blank document."], "new_problem": "Open a new blank Word document and save it.", "action_plans": [{"step": "Click the 'New Blank Document' button to open a new blank document", "controlLabel": "10", "controlText": "New Blank Document", "function": "click_input", "args": {"button": "left", "double": false}}, {"step": "Click the 'Save' button to save the new blank document", "controlLabel": "9", "controlText": "Save", "function": "click_input", "args": {"button": "left", "double": false}}], "action_prefill_file_path": "D:\\agents\\AgentLearner\\cache\\action_prefill\\71782.docx"}