{"Problem": "How to insert the Dia symbol in Microsoft Word?", "Solution Steps": ["Place the cursor where you want to insert the Dia symbol.", "Go to the **Insert** tab.", "In the **Symbols** group, click **Symbol**.", "Select **More Symbols** from the dropdown menu.", "In the **Symbol** dialog box, set the **Font** to a font that supports the Dia symbol, such as 'Arial'.", "Scroll through the list of symbols until you find the Dia symbol.", "Click the Dia symbol to select it.", "Click **Insert**.", "Click **Close** to close the **Symbol** dialog box."], "new_problem": "Insert the Dia symbol in Microsoft Word.", "action_plans": [{"step": "Place the cursor where you want to insert the Dia symbol", "controlLabel": "", "controlText": "", "function": "click_input", "args": {}}, {"step": "Go to the Insert tab", "controlLabel": "25", "controlText": "Insert", "function": "click_input", "args": {"button": "left", "double": false}}, {"step": "Click the Symbol button", "controlLabel": "276", "controlText": "Symbol", "function": "click_input", "args": {"button": "left", "double": false}}, {"step": "Select More Symbols from the dropdown menu", "controlLabel": "276", "controlText": "Symbol", "function": "click_input", "args": {"button": "left", "double": false}}, {"step": "In the Symbol dialog box, set the Font to Arial", "controlLabel": "", "controlText": "", "function": "set_edit_text", "args": {"control_name": "Font", "text": "Arial"}}, {"step": "Scroll through the list of symbols until you find the Dia symbol", "controlLabel": "", "controlText": "", "function": "wheel_mouse_input", "args": {"control_name": "Symbol List", "wheel_dist": -20}}, {"step": "Click the Dia symbol to select it", "controlLabel": "", "controlText": "", "function": "click_input", "args": {"control_name": "Dia Symbol", "button": "left", "double": false}}, {"step": "Click Insert", "controlLabel": "", "controlText": "", "function": "click_input", "args": {"control_name": "Insert", "button": "left", "double": false}}, {"step": "Click Close to close the Symbol dialog box", "controlLabel": "", "controlText": "", "function": "click_input", "args": {"control_name": "Close", "button": "left", "double": false}}], "action_prefill_file_path": "D:\\agents\\AgentLearner\\cache\\action_prefill\\71783.docx"}