{"Problem": "How to search for Word documents by date", "Solution Steps": ["Open File Explorer.", "Navigate to the folder where your Word documents are stored.", "Click on the **Search** box in the upper right corner of File Explorer.", "Type *.docx or *.doc to search for Word documents.", "Click on the **Search Tools** tab that appears.", "Click on **Date modified** and select the desired date range from the dropdown menu."], "new_problem": "Search for Word documents by date using File Explorer.", "action_plans": [{"step": "Open File Explorer", "controlLabel": "", "controlText": "", "function": "", "args": {}}, {"step": "Navigate to the folder where your Word documents are stored", "controlLabel": "", "controlText": "", "function": "", "args": {}}, {"step": "Click on the Search box in the upper right corner of File Explorer", "controlLabel": "14", "controlText": "Search", "function": "click_input", "args": {"button": "left", "double": false}}, {"step": "Type *.docx or *.doc to search for Word documents", "controlLabel": "14", "controlText": "Search", "function": "set_edit_text", "args": {"text": "*.docx OR *.doc"}}, {"step": "Click on the Search Tools tab that appears", "controlLabel": "", "controlText": "Search Tools", "function": "click_input", "args": {"button": "left", "double": false}}, {"step": "Click on Date modified and select the desired date range from the dropdown menu", "controlLabel": "", "controlText": "Date modified", "function": "click_input", "args": {"button": "left", "double": false}}], "action_prefill_file_path": "D:\\agents\\AgentLearner\\cache\\action_prefill\\7180.docx"}