{"Problem": "How to create a new header in Microsoft Word", "Solution Steps": ["Open the Word document where you want to add a new header.", "Click the **Insert** tab on the Ribbon.", "In the **Header & Footer** group, click **Header**.", "Choose a header style from the drop-down menu or click **Edit Header** to create a custom header.", "Type the text you want to include in the header.", "Click **Close Header and Footer** on the Ribbon to return to the main document."], "new_problem": "Create a new header in Microsoft Word by following these steps: Click the 'Insert' tab, then the 'Header' button, choose a header style or edit the header, type the desired text, and close the header editing mode.", "action_plans": [{"step": "Click the 'Insert' tab on the Ribbon", "controlLabel": "25", "controlText": "Insert", "function": "click_input", "args": {"button": "left", "double": false}}, {"step": "Click the 'Header' button in the 'Header & Footer' group", "controlLabel": "258", "controlText": "Header", "function": "click_input", "args": {"button": "left", "double": false}}, {"step": "Choose a header style from the drop-down menu or click 'Edit Header'", "controlLabel": "", "controlText": "Edit Header", "function": "click_input", "args": {"button": "left", "double": false}}, {"step": "Type the text you want to include in the header", "controlLabel": "", "controlText": "", "function": "set_edit_text", "args": {"control_id": "", "text": "Your Header Text", "newline": true}}, {"step": "Click 'Close Header and Footer' on the Ribbon to return to the main document", "controlLabel": "", "controlText": "Close Header and Footer", "function": "click_input", "args": {"button": "left", "double": false}}], "action_prefill_file_path": "D:\\agents\\AgentLearner\\cache\\action_prefill\\71802.docx"}