{"Problem": "How to create a professional profile in Word", "Solution Steps": ["Open Microsoft Word.", "Click on **File** in the top left corner.", "Select **New** from the dropdown menu.", "In the search bar, type 'Professional Profile' or 'Resume'.", "Browse through the available templates and select one that suits your needs.", "Click **Create** to open the template.", "Fill in your personal information, work experience, education, skills, and other relevant details in the template.", "Customize the formatting and design as needed by using the options in the **Home** tab.", "Save your document by clicking **File** and then **Save As**."], "new_problem": "Create a professional profile in Word by opening a new document, selecting a professional profile template, filling in the details, customizing the formatting, and saving the document.", "action_plans": [{"step": "Open the File menu", "controlLabel": "108", "controlText": "System", "function": "click_input", "args": {"button": "left", "double": false}}, {"step": "Select New from the dropdown menu", "controlLabel": "123", "controlText": "Edit", "function": "click_input", "args": {"button": "left", "double": false}}, {"step": "Search for 'Professional Profile' template", "controlLabel": "36", "controlText": "Mode", "function": "set_edit_text", "args": {"control_id": "", "text": "Professional Profile", "newline": true}}, {"step": "Select a suitable template", "controlLabel": "328", "controlText": "Research", "function": "click_input", "args": {"button": "left", "double": false}}, {"step": "Create the selected template", "controlLabel": "307", "controlText": "Create", "function": "click_input", "args": {"button": "left", "double": false}}, {"step": "Fill in personal information, work experience, education, skills, and other relevant details", "controlLabel": "", "controlText": "", "function": "set_edit_text", "args": {"control_id": "", "text": "Personal Information, Work Experience, Education, Skills", "newline": true}}, {"step": "Customize the formatting and design", "controlLabel": "25", "controlText": "Insert", "function": "click_input", "args": {"button": "left", "double": false}}, {"step": "Save the document", "controlLabel": "9", "controlText": "Save", "function": "click_input", "args": {"button": "left", "double": false}}], "action_prefill_file_path": "D:\\agents\\AgentLearner\\cache\\action_prefill\\71817.docx"}