{"Problem": "How to create a book-style letter in Word.", "Solution Steps": ["Open Microsoft Word.", "Click on the **File** tab and select **New**.", "In the search bar, type 'booklet' or 'book-style' and press Enter.", "Choose a booklet template that suits your needs and click **Create**.", "Customize the template with your own text, images, and other elements.", "To format your document as a booklet, click on the **Page Layout** tab.", "Click on **Margins** and select **Custom Margins** from the drop-down menu.", "In the Page Setup dialog box, under the **Margins** tab, select **Book fold** in the 'Multiple pages' dropdown menu.", "Adjust the margins to your preference and click **OK**.", "Add content to your booklet and when finished, save your document by clicking **File** and then **Save As**."], "new_problem": "Create a book-style letter in Word by opening a new document, selecting a booklet template, customizing it, and formatting it as a booklet.", "action_plans": [{"step": "Open the File tab", "controlLabel": "9", "controlText": "Save", "function": "click_input", "args": {"button": "left", "double": false}}, {"step": "Select New from the File tab", "controlLabel": "9", "controlText": "Save", "function": "click_input", "args": {"button": "left", "double": false}}, {"step": "Search for booklet template", "controlLabel": "142", "controlText": "Font", "function": "set_edit_text", "args": {"control_id": "142", "text": "booklet", "newline": true}}, {"step": "Select a booklet template", "controlLabel": "9", "controlText": "Save", "function": "click_input", "args": {"button": "left", "double": false}}, {"step": "Customize the template with text and images", "controlLabel": "85", "controlText": "Word Count 0 words", "function": "set_edit_text", "args": {"control_id": "85", "text": "Your custom text here", "newline": true}}, {"step": "Open the Page Layout tab", "controlLabel": "25", "controlText": "Insert", "function": "click_input", "args": {"button": "left", "double": false}}, {"step": "Select Custom Margins", "controlLabel": "289", "controlText": "Paragraph", "function": "click_input", "args": {"button": "left", "double": false}}, {"step": "Set the document to Book fold", "controlLabel": "289", "controlText": "Paragraph", "function": "set_edit_text", "args": {"control_id": "289", "text": "Book fold", "newline": true}}, {"step": "Adjust the margins", "controlLabel": "289", "controlText": "Paragraph", "function": "set_edit_text", "args": {"control_id": "289", "text": "1 inch", "newline": true}}, {"step": "Save the document", "controlLabel": "9", "controlText": "Save", "function": "click_input", "args": {"button": "left", "double": false}}], "action_prefill_file_path": "D:\\agents\\AgentLearner\\cache\\action_prefill\\71810.docx"}