{"Problem": "C\u00f3mo eliminar una p\u00e1gina en blanco en Word", "Solution Steps": ["Ve a la p\u00e1gina en blanco que deseas eliminar.", "Haz clic al principio de la p\u00e1gina en blanco.", "Presiona la tecla **Retroceso** (Backspace) en tu teclado hasta que la p\u00e1gina en blanco desaparezca.", "Si la p\u00e1gina en blanco est\u00e1 al final del documento, coloca el cursor al final del texto en la p\u00e1gina anterior y presiona **Suprimir** (Delete) hasta que la p\u00e1gina en blanco desaparezca."], "new_problem": "Eliminar una p\u00e1gina en blanco en Word.", "action_plans": [{"step": "Seleccionar el texto al principio de la p\u00e1gina en blanco", "controlLabel": "", "controlText": "", "function": "select_text", "args": {"text": ""}}, {"step": "Presionar la tecla Retroceso para eliminar la p\u00e1gina en blanco", "controlLabel": "103", "controlText": "Page 1 content", "function": "type_keys", "args": {"text": "{BACKSPACE}"}}], "action_prefill_file_path": "D:\\agents\\AgentLearner\\cache\\action_prefill\\71818.docx"}