{"Problem": "How to export images from a Word document", "Solution Steps": ["Open the Word document from which you want to export images.", "Right-click on the image you want to export.", "Select **Save as Picture** from the context menu.", "Choose the location where you want to save the image.", "Enter a name for the image file.", "Select the desired file format from the **Save as type** dropdown menu.", "Click **Save**."], "new_problem": "Export an image from the Word document by right-clicking on it, selecting 'Save as Picture', choosing a location, entering a name, selecting a file format, and clicking 'Save'.", "action_plans": [{"step": "Right-click on the image you want to export", "controlLabel": "", "controlText": "", "function": "click_input", "args": {"button": "right", "double": false}}, {"step": "Select 'Save as Picture' from the context menu", "controlLabel": "", "controlText": "Save as Picture", "function": "click_input", "args": {"button": "left", "double": false}}, {"step": "Choose the location where you want to save the image", "controlLabel": "", "controlText": "", "function": "set_edit_text", "args": {"control_name": "File name:", "text": "C:\\Users\\User\\Pictures\\exported_image"}}, {"step": "Enter a name for the image file", "controlLabel": "", "controlText": "", "function": "set_edit_text", "args": {"control_name": "File name:", "text": "exported_image"}}, {"step": "Select the desired file format from the 'Save as type' dropdown menu", "controlLabel": "", "controlText": "Save as type:", "function": "click_input", "args": {"button": "left", "double": false}}, {"step": "Click 'Save'", "controlLabel": "", "controlText": "Save", "function": "click_input", "args": {"button": "left", "double": false}}], "action_prefill_file_path": "D:\\agents\\AgentLearner\\cache\\action_prefill\\71839.docx"}