{"Problem": "How to remove page breaks in Word.", "Solution Steps": ["Open your document in Word.", "Click on the **Home** tab.", "Click on the **Show/Hide \u00b6** button to display all non-printing characters, including page breaks.", "Scroll through your document until you find the page break you want to remove.", "Click to select the page break.", "Press **Delete** on your keyboard."], "new_problem": "Remove page breaks in the Word document by showing non-printing characters, selecting the page break, and pressing the delete key.", "action_plans": [{"step": "Click on the Home tab to access the Show/Hide \u00b6 button", "controlLabel": "11", "controlText": "Home", "function": "click_input", "args": {"button": "left", "double": false}}, {"step": "Click on the Show/Hide \u00b6 button to display non-printing characters", "controlLabel": "", "controlText": "Show/Hide \u00b6", "function": "click_input", "args": {"button": "left", "double": false}}, {"step": "Select the page break", "controlLabel": "", "controlText": "", "function": "select_text", "args": {"text": "Page Break"}}, {"step": "Press the Delete key to remove the page break", "controlLabel": "103", "controlText": "Page 1 content", "function": "type_keys", "args": {"text": "{DELETE}"}}], "action_prefill_file_path": "D:\\agents\\AgentLearner\\cache\\action_prefill\\71835.docx"}