{"Problem": "How to copy and add a section in Word.", "Solution Steps": ["Select the text or section that you want to copy.", "Right-click on the selected text and choose **Copy** from the context menu, or press **Ctrl+C** on your keyboard.", "Place the cursor where you want to insert the copied section.", "Right-click and choose **Paste** from the context menu, or press **Ctrl+V** on your keyboard."], "new_problem": "Copy the text 'text to edit' and add it as a new section in the Word document.", "action_plans": [{"step": "select the text 'text to edit'", "controlLabel": "", "controlText": "", "function": "select_text", "args": {"text": "text to edit"}}, {"step": "copy the selected text", "controlLabel": "146", "controlText": "12", "function": "type_keys", "args": {"text": "{VK_CONTROL down}c{VK_CONTROL up}"}}, {"step": "place the cursor at the end of the document", "controlLabel": "146", "controlText": "12", "function": "type_keys", "args": {"text": "{END}"}}, {"step": "paste the copied text", "controlLabel": "146", "controlText": "12", "function": "type_keys", "args": {"text": "{VK_CONTROL down}v{VK_CONTROL up}"}}], "action_prefill_file_path": "D:\\agents\\AgentLearner\\cache\\action_prefill\\71834.docx"}