{"Problem": "Goal plan template", "Solution Steps": ["Open Microsoft Word.", "Click on **File** in the top left corner.", "Select **New** from the dropdown menu.", "In the search bar, type 'Goal plan template' and press Enter.", "Browse through the available templates and select the one that best fits your needs.", "Click **Create** to open the selected template.", "Customize the template with your specific goals and details."], "new_problem": "Create a new document and customize it as a goal plan template.", "action_plans": [{"step": "Open a new document", "controlLabel": "", "controlText": "", "function": "type_keys", "args": {"text": "{VK_CONTROL down}{N down}{N up}{VK_CONTROL up}", "newline": false}}, {"step": "Insert a table for goal planning", "controlLabel": "", "controlText": "", "function": "insert_table", "args": {"columns": 3, "rows": 5}}, {"step": "Set the first cell text to 'Goal'", "controlLabel": "", "controlText": "", "function": "set_edit_text", "args": {"control_id": "", "text": "Goal", "newline": true}}, {"step": "Set the second cell text to 'Description'", "controlLabel": "", "controlText": "", "function": "set_edit_text", "args": {"control_id": "", "text": "Description", "newline": true}}, {"step": "Set the third cell text to 'Deadline'", "controlLabel": "", "controlText": "", "function": "set_edit_text", "args": {"control_id": "", "text": "Deadline", "newline": true}}], "action_prefill_file_path": "D:\\agents\\AgentLearner\\cache\\action_prefill\\71842.docx"}