{"Problem": "How to create a reading comprehension worksheet using the 'ET' word family in Word?", "Solution Steps": ["Open Microsoft Word on your computer.", "Click on **Blank Document** to create a new document.", "Type a title for your worksheet, such as 'ET Word Family Reading Comprehension'.", "Highlight the title and use the **Home** tab to adjust the font size, style, and alignment as desired.", "Press **Enter** a few times to move down the page.", "Type instructions for the worksheet, if necessary, such as 'Read the sentences and circle the words that belong to the ET word family'.", "Press **Enter** to move to a new line.", "Create a list of sentences or a short paragraph that includes words from the 'ET' word family (e.g., 'bet', 'get', 'let', 'met', 'pet', 'set', 'wet').", "To make the 'ET' family words stand out, you can bold them by selecting the words and clicking the **Bold** button in the **Font** group under the **Home** tab.", "Insert a space or line where students can write their answers, if applicable, by clicking on **Insert** tab and selecting **Shapes**, then choose a line shape.", "Add images if desired by clicking on **Insert** tab and selecting **Pictures**, then choose the image you want to insert.", "Review your worksheet for any errors or adjustments needed.", "Save your document by clicking on **File**, then **Save As**, and choose the desired location and file format."], "new_problem": "Create a reading comprehension worksheet using the 'ET' word family in Word. Include a title, instructions, sentences with 'ET' words, and spaces for answers.", "action_plans": [{"step": "Open a new blank document", "controlLabel": "", "controlText": "", "function": "click_input", "args": {"control_id": "1", "button": "left", "double": false}}, {"step": "Type the title 'ET Word Family Reading Comprehension'", "controlLabel": "", "controlText": "", "function": "set_edit_text", "args": {"control_id": "1", "text": "ET Word Family Reading Comprehension", "newline": true}}, {"step": "Highlight the title", "controlLabel": "", "controlText": "", "function": "select_text", "args": {"text": "ET Word Family Reading Comprehension"}}, {"step": "Change font size and style", "controlLabel": "24", "controlText": "Home", "function": "click_input", "args": {"button": "left", "double": false}}, {"step": "Press Enter a few times", "controlLabel": "", "controlText": "", "function": "type_keys", "args": {"control_id": "1", "text": "{ENTER}{ENTER}{ENTER}", "newline": false}}, {"step": "Type instructions for the worksheet", "controlLabel": "", "controlText": "", "function": "set_edit_text", "args": {"control_id": "1", "text": "Read the sentences and circle the words that belong to the ET word family.", "newline": true}}, {"step": "Press Enter to move to a new line", "controlLabel": "", "controlText": "", "function": "type_keys", "args": {"control_id": "1", "text": "{ENTER}", "newline": false}}, {"step": "Type sentences with 'ET' words", "controlLabel": "", "controlText": "", "function": "set_edit_text", "args": {"control_id": "1", "text": "1. I bet you can get the pet wet.\n2. Let's set the table and get ready to eat.\n3. The net caught a lot of fish.", "newline": true}}, {"step": "Bold the 'ET' words", "controlLabel": "", "controlText": "", "function": "select_text", "args": {"text": "bet"}}, {"step": "Bold the 'ET' words", "controlLabel": "", "controlText": "", "function": "select_text", "args": {"text": "get"}}, {"step": "Bold the 'ET' words", "controlLabel": "", "controlText": "", "function": "select_text", "args": {"text": "pet"}}, {"step": "Bold the 'ET' words", "controlLabel": "", "controlText": "", "function": "select_text", "args": {"text": "wet"}}, {"step": "Bold the 'ET' words", "controlLabel": "", "controlText": "", "function": "select_text", "args": {"text": "set"}}, {"step": "Bold the 'ET' words", "controlLabel": "", "controlText": "", "function": "select_text", "args": {"text": "get"}}, {"step": "Bold the 'ET' words", "controlLabel": "", "controlText": "", "function": "select_text", "args": {"text": "net"}}, {"step": "Insert lines for answers", "controlLabel": "25", "controlText": "Insert", "function": "click_input", "args": {"button": "left", "double": false}}, {"step": "Insert a line shape", "controlLabel": "", "controlText": "", "function": "click_input", "args": {"control_id": "1", "button": "left", "double": false}}, {"step": "Save the document", "controlLabel": "9", "controlText": "Save", "function": "click_input", "args": {"button": "left", "double": false}}], "action_prefill_file_path": "D:\\agents\\AgentLearner\\cache\\action_prefill\\71844.docx"}