{"Problem": "How to decrease spacing between columns in Word", "Solution Steps": ["Select the text that is formatted into columns.", "Go to the **Layout** tab on the Ribbon.", "In the **Columns** group, click **Columns**.", "Select **More Columns** at the bottom of the drop-down menu.", "In the **Columns** dialog box, adjust the **Spacing** value to decrease the space between columns.", "Click **OK** to apply the changes."], "new_problem": "Decrease the spacing between columns in the table in the Word document.", "action_plans": [{"step": "Select the table", "controlLabel": "", "controlText": "", "function": "select_table", "args": {"number": 1}}, {"step": "Go to the Layout tab", "controlLabel": "28", "controlText": "Layout", "function": "click_input", "args": {"button": "left", "double": false}}, {"step": "Click on Columns", "controlLabel": "", "controlText": "Columns", "function": "click_input", "args": {"button": "left", "double": false}}, {"step": "Select More Columns", "controlLabel": "", "controlText": "More Columns", "function": "click_input", "args": {"button": "left", "double": false}}, {"step": "Adjust the spacing value", "controlLabel": "146", "controlText": "12", "function": "set_edit_text", "args": {"text": "6"}}, {"step": "Click OK to apply changes", "controlLabel": "", "controlText": "OK", "function": "click_input", "args": {"button": "left", "double": false}}], "action_prefill_file_path": "D:\\agents\\AgentLearner\\cache\\action_prefill\\71845.docx"}