{"Problem": "How to put a border in Word and insert text inside the border", "Solution Steps": ["Open your Word document.", "Select the text or paragraph where you want to add a border.", "Go to the **Home** tab.", "In the **Paragraph** group, click the **Borders** button (it looks like a square with four borders).", "Select **Borders and Shading** from the dropdown menu.", "In the **Borders and Shading** dialog box, go to the **Borders** tab.", "Choose the border style, color, and width you prefer.", "Click **OK** to apply the border.", "To insert text inside the border, simply click inside the bordered area and start typing."], "new_problem": "Put a border around 'text to edit' in the Word document and insert additional text inside the border.", "action_plans": [{"step": "Select the text 'text to edit'", "controlLabel": "", "controlText": "", "function": "select_text", "args": {"text": "text to edit"}}, {"step": "Switch to the Home tab", "controlLabel": "24", "controlText": "Home", "function": "click_input", "args": {"button": "left", "double": false}}, {"step": "Click the Borders button", "controlLabel": "", "controlText": "Borders", "function": "click_input", "args": {"button": "left", "double": false}}, {"step": "Select Borders and Shading", "controlLabel": "", "controlText": "Borders and Shading", "function": "click_input", "args": {"button": "left", "double": false}}, {"step": "Apply the border", "controlLabel": "", "controlText": "", "function": "type_keys", "args": {"text": "{ENTER}"}}, {"step": "Insert additional text inside the border", "controlLabel": "", "controlText": "", "function": "set_edit_text", "args": {"control_id": "", "text": "additional text inside the border"}}], "action_prefill_file_path": "D:\\agents\\AgentLearner\\cache\\action_prefill\\71854.docx"}