{"Problem": "How to add flair to text in a Word document?", "Solution Steps": ["Select the text you want to add flair to.", "On the **Home** tab, in the **Font** group, click the **Text Effects and Typography** button (it looks like a glowing A).", "Choose from the available effects such as **Outline**, **Shadow**, **Reflection**, or **Glow**.", "Click on the desired effect to apply it to your selected text."], "new_problem": "Add flair to the text 'text to edit' in the Word document by applying a text effect.", "action_plans": [{"step": "Select the text 'text to edit'", "controlLabel": "", "controlText": "", "function": "select_text", "args": {"text": "text to edit"}}, {"step": "Navigate to the Home tab", "controlLabel": "11", "controlText": "Home", "function": "click_input", "args": {"button": "left", "double": false}}, {"step": "Click the 'Text Effects and Typography' button", "controlLabel": "162", "controlText": "Text Effects and Typography", "function": "click_input", "args": {"button": "left", "double": false}}, {"step": "Choose the desired text effect", "controlLabel": "", "controlText": "", "function": "click_input", "args": {"button": "left", "double": false}}], "action_prefill_file_path": "D:\\agents\\AgentLearner\\cache\\action_prefill\\71857.docx"}