{"Problem": "How to calculate readability statistics in Microsoft Word?", "Solution Steps": ["Click the **File** tab.", "Select **Options** at the bottom of the sidebar.", "In the Word Options dialog box, click **Proofing**.", "Under the 'When correcting spelling and grammar in Word' section, make sure the 'Check grammar with spelling' box is checked.", "Also, check the box for 'Show readability statistics'.", "Click **OK** to save your settings.", "Now, go to the **Review** tab.", "In the **Proofing** group, click **Spelling & Grammar**.", "Word will check your document for spelling and grammatical errors and then display the readability statistics."], "new_problem": "Calculate readability statistics in Microsoft Word by navigating through the File tab, Options, Proofing settings, and using the Spelling & Grammar check.", "action_plans": ["{\"step\":\"click the File tab\",\"controlLabel\":\"22\",\"controlText\":\"File Tab\",\"function\":\"click_input\",\"args\":{\"button\":\"left\",\"double\":false}}", "{\"step\":\"select Options\",\"controlLabel\":\"\",\"controlText\":\"Options\",\"function\":\"click_input\",\"args\":{\"button\":\"left\",\"double\":false}}", "{\"step\":\"click Proofing in Word Options dialog\",\"controlLabel\":\"\",\"controlText\":\"Proofing\",\"function\":\"click_input\",\"args\":{\"button\":\"left\",\"double\":false}}", "{\"step\":\"check the 'Check grammar with spelling' box\",\"controlLabel\":\"\",\"controlText\":\"Check grammar with spelling\",\"function\":\"click_input\",\"args\":{\"button\":\"left\",\"double\":false}}", "{\"step\":\"check the 'Show readability statistics' box\",\"controlLabel\":\"\",\"controlText\":\"Show readability statistics\",\"function\":\"click_input\",\"args\":{\"button\":\"left\",\"double\":false}}", "{\"step\":\"click OK to save settings\",\"controlLabel\":\"\",\"controlText\":\"OK\",\"function\":\"click_input\",\"args\":{\"button\":\"left\",\"double\":false}}", "{\"step\":\"go to the Review tab\",\"controlLabel\":\"31\",\"controlText\":\"Review\",\"function\":\"click_input\",\"args\":{\"button\":\"left\",\"double\":false}}", "{\"step\":\"click Spelling & Grammar in Proofing group\",\"controlLabel\":\"353\",\"controlText\":\"Spelling and Grammar\",\"function\":\"click_input\",\"args\":{\"button\":\"left\",\"double\":false}}"], "action_prefill_file_path": "D:\\agents\\AgentLearner\\cache\\action_prefill\\71868.docx"}