{"Problem": "How to find and download a free SWOC analysis template for Word?", "Solution Steps": ["Open your web browser and go to a website that offers free templates, such as Microsoft Office templates, Template.net, or any other reputable source.", "In the search bar of the website, type 'SWOT analysis template' and press Enter.", "Browse through the available SWOT analysis templates and choose one that suits your needs.", "Click on the template to view more details.", "Look for a download button or link on the template page. It might say 'Download', 'Get', 'Use Template', or similar.", "Click the download button or link to download the template to your computer.", "Once downloaded, open the template file in Word to start using it."], "new_problem": "Open a web browser, search for a free SWOC analysis template for Word, and download it.", "action_plans": [{"step": "Open the web browser", "controlLabel": "", "controlText": "", "function": "click_input", "args": {"control_id": "", "control_name": "Web Browser", "button": "left", "double": false}}, {"step": "Navigate to a template website", "controlLabel": "", "controlText": "", "function": "set_edit_text", "args": {"control_id": "", "control_name": "Address Bar", "text": "https://templates.office.com"}}, {"step": "Search for SWOC analysis template", "controlLabel": "", "controlText": "", "function": "set_edit_text", "args": {"control_id": "", "control_name": "Search Bar", "text": "SWOC analysis template"}}, {"step": "Press Enter to search", "controlLabel": "", "controlText": "", "function": "type_keys", "args": {"control_id": "", "control_name": "Search Bar", "text": "{ENTER}"}}, {"step": "Select a suitable template", "controlLabel": "", "controlText": "", "function": "click_input", "args": {"control_id": "", "control_name": "Template Link", "button": "left", "double": false}}, {"step": "Download the template", "controlLabel": "", "controlText": "", "function": "click_input", "args": {"control_id": "", "control_name": "Download Button", "button": "left", "double": false}}], "action_prefill_file_path": "D:\\agents\\AgentLearner\\cache\\action_prefill\\71863.docx"}