{"Problem": "How to edit an embedded object in Word 2016", "Solution Steps": ["Double-click the embedded object that you want to edit. This action will either open the object in its native application, if installed, or in an embedded window within Word.", "Make the necessary changes to the object. If the object opens in its native application, you may have a full range of editing features available.", "After editing, if the object was opened in its native application, save the changes in that application and close it. The changes should automatically update in the Word document.", "If the object was edited in an embedded window within Word, simply click outside the object area to finalize the editing."], "new_problem": "Edit the embedded text box object in the Word document.", "action_plans": [{"step": "Double-click the embedded text box object to open it for editing", "controlLabel": "", "controlText": "", "function": "click_input", "args": {"control_id": "Text Box 2", "button": "left", "double": true}}, {"step": "Make the necessary changes to the text box content", "controlLabel": "", "controlText": "", "function": "set_edit_text", "args": {"control_id": "Text Box 2", "text": "Your new content here"}}, {"step": "Click outside the text box area to finalize the editing", "controlLabel": "", "controlText": "", "function": "click_input", "args": {"control_id": "w:body", "button": "left", "double": false}}], "action_prefill_file_path": "D:\\agents\\AgentLearner\\cache\\action_prefill\\71874.docx"}