{"Problem": "How can I use Word CoPilot to revise my text and keep the original version?", "Solution Steps": ["Open your document in Word.", "Click on the **Home** tab.", "In the **CoPilot** group, click on **Revise Text**.", "Make the necessary revisions using CoPilot.", "To keep the original version, click on **File**.", "Select **Save As**.", "Choose a different file name or location to save the revised document while keeping the original intact."], "new_problem": "Revise the text using Word CoPilot and keep the original version.", "action_plans": [{"step": "Open the document", "controlLabel": "", "controlText": "", "function": "", "args": {}}, {"step": "Click on the Home tab", "controlLabel": "11", "controlText": "Home", "function": "click_input", "args": {"button": "left", "double": false}}, {"step": "Click on the Copilot button", "controlLabel": "229", "controlText": "Copilot", "function": "click_input", "args": {"button": "left", "double": false}}, {"step": "Make the necessary revisions using CoPilot", "controlLabel": "", "controlText": "", "function": "", "args": {}}, {"step": "Click on File", "controlLabel": "9", "controlText": "Save", "function": "click_input", "args": {"button": "left", "double": false}}, {"step": "Select Save As", "controlLabel": "9", "controlText": "Save", "function": "click_input", "args": {"button": "left", "double": false}}, {"step": "Choose a different file name or location to save the revised document while keeping the original intact", "controlLabel": "", "controlText": "", "function": "", "args": {}}], "action_prefill_file_path": "D:\\agents\\AgentLearner\\cache\\action_prefill\\71872.docx"}