{"Problem": "How to download a family tree template.", "Solution Steps": ["Open Microsoft Word.", "Click on **File** in the top left corner.", "Select **New** from the dropdown menu.", "In the search bar, type 'family tree' and press Enter.", "Browse through the available family tree templates.", "Click on the template you want to use.", "Click **Create** to download and open the template."], "new_problem": "Download a family tree template in Microsoft Word.", "action_plans": [{"step": "Open the File tab", "controlLabel": "22", "controlText": "File Tab", "function": "click_input", "args": {"button": "left", "double": false}}, {"step": "Select New from the dropdown menu", "controlLabel": "10", "controlText": "New Blank Document", "function": "click_input", "args": {"button": "left", "double": false}}, {"step": "Type 'family tree' in the search bar", "controlLabel": "14", "controlText": "Search", "function": "set_edit_text", "args": {"text": "family tree"}}, {"step": "Press Enter to search for family tree templates", "controlLabel": "14", "controlText": "Search", "function": "type_keys", "args": {"text": "{ENTER}"}}, {"step": "Browse through the available family tree templates", "controlLabel": "", "controlText": "", "function": "", "args": {}}, {"step": "Click on the desired family tree template", "controlLabel": "", "controlText": "", "function": "", "args": {}}, {"step": "Click Create to download and open the template", "controlLabel": "", "controlText": "", "function": "", "args": {}}], "action_prefill_file_path": "D:\\agents\\AgentLearner\\cache\\action_prefill\\71883.docx"}