{"Problem": "How to integrate Mendeley with Word?", "Solution Steps": ["Open Mendeley Desktop.", "Go to the **Tools** menu.", "Click on **Install MS Word Plugin**.", "Open Microsoft Word.", "Go to the **References** tab.", "You should see the **Mendeley Cite-O-Matic** section, which indicates that the plugin has been successfully installed."], "new_problem": "Integrate Mendeley with Word by installing the Mendeley plugin and verifying its presence in the References tab.", "action_plans": [{"step": "Open Mendeley Desktop", "controlLabel": "", "controlText": "", "function": "", "args": {}}, {"step": "Go to the Tools menu", "controlLabel": "", "controlText": "", "function": "", "args": {}}, {"step": "Click on Install MS Word Plugin", "controlLabel": "", "controlText": "", "function": "", "args": {}}, {"step": "Open Microsoft Word", "controlLabel": "", "controlText": "", "function": "", "args": {}}, {"step": "Go to the References tab", "controlLabel": "25", "controlText": "Insert", "function": "click_input", "args": {"button": "left", "double": false}}, {"step": "Verify the Mendeley Cite-O-Matic section", "controlLabel": "", "controlText": "", "function": "", "args": {}}], "action_prefill_file_path": "D:\\agents\\AgentLearner\\cache\\action_prefill\\71897.docx"}