{"Problem": "How to create a custom form in Microsoft Word?", "Solution Steps": ["Open Microsoft Word and create a new blank document.", "Go to the **File** tab, click on **Options**, and then select **Customize Ribbon**.", "In the right pane of the **Customize the Ribbon** window, check the **Developer** checkbox and click **OK**.", "Go to the **Developer** tab that now appears in the Ribbon.", "In the **Controls** group, use the various form controls like **Text Box**, **Check Box**, and **Drop-Down List** to design your form. Click on a control and then click on the document where you want to add it.", "To customize properties of a form control, select the control in the document and then click on **Properties** in the **Controls** group.", "If you want to protect the form from being edited outside the form fields, click on **Restrict Editing** in the **Protect** group on the **Developer** tab. Choose the editing restrictions and start enforcement by clicking **Yes, Start Enforcing Protection**.", "Save your document to preserve the custom form."], "new_problem": "Create a custom form in Microsoft Word by enabling the Developer tab, using form controls, customizing properties, and optionally protecting the form.", "action_plans": [{"step": "Open Microsoft Word and create a new blank document", "controlLabel": "10", "controlText": "New Blank Document", "function": "click_input", "args": {"button": "left", "double": false}}, {"step": "Go to the File tab", "controlLabel": "22", "controlText": "File Tab", "function": "click_input", "args": {"button": "left", "double": false}}, {"step": "Click on Options", "controlLabel": "", "controlText": "Options", "function": "click_input", "args": {"button": "left", "double": false}}, {"step": "Select Customize Ribbon", "controlLabel": "", "controlText": "Customize Ribbon", "function": "click_input", "args": {"button": "left", "double": false}}, {"step": "Check the Developer checkbox", "controlLabel": "", "controlText": "Developer", "function": "click_input", "args": {"button": "left", "double": false}}, {"step": "Click OK to apply changes", "controlLabel": "", "controlText": "OK", "function": "click_input", "args": {"button": "left", "double": false}}, {"step": "Go to the Developer tab", "controlLabel": "24", "controlText": "Developer", "function": "click_input", "args": {"button": "left", "double": false}}, {"step": "Insert a Text Box control", "controlLabel": "", "controlText": "Text Box", "function": "click_input", "args": {"button": "left", "double": false}}, {"step": "Insert a Check Box control", "controlLabel": "", "controlText": "Check Box", "function": "click_input", "args": {"button": "left", "double": false}}, {"step": "Insert a Drop-Down List control", "controlLabel": "", "controlText": "Drop-Down List", "function": "click_input", "args": {"button": "left", "double": false}}, {"step": "Customize properties of a form control", "controlLabel": "", "controlText": "Properties", "function": "click_input", "args": {"button": "left", "double": false}}, {"step": "Protect the form from being edited outside the form fields", "controlLabel": "", "controlText": "Restrict Editing", "function": "click_input", "args": {"button": "left", "double": false}}, {"step": "Start enforcement by clicking Yes, Start Enforcing Protection", "controlLabel": "", "controlText": "Yes, Start Enforcing Protection", "function": "click_input", "args": {"button": "left", "double": false}}, {"step": "Save the document", "controlLabel": "9", "controlText": "Save", "function": "click_input", "args": {"button": "left", "double": false}}], "action_prefill_file_path": "D:\\agents\\AgentLearner\\cache\\action_prefill\\71894.docx"}