{"Problem": "How to create a tick mark in Word", "Solution Steps": ["Place the cursor where you want to insert the tick mark.", "Go to the **Insert** tab.", "In the **Symbols** group, click **Symbol**.", "Select **More Symbols** from the dropdown menu.", "In the **Symbol** dialog box, set the **Font** to **Wingdings**.", "Scroll down until you find the tick mark symbol (character code 252 or 254).", "Click the tick mark symbol.", "Click **Insert**.", "Click **Close** to close the **Symbol** dialog box."], "new_problem": "Create a tick mark in the Word document.", "action_plans": [{"step": "Place the cursor where you want to insert the tick mark", "controlLabel": "", "controlText": "", "function": "click_input", "args": {"control_id": "", "control_name": "Document", "button": "left", "double": false}}, {"step": "Go to the Insert tab", "controlLabel": "25", "controlText": "Insert", "function": "click_input", "args": {"button": "left", "double": false}}, {"step": "Click Symbol in the Symbols group", "controlLabel": "", "controlText": "Symbol", "function": "click_input", "args": {"button": "left", "double": false}}, {"step": "Select More Symbols from the dropdown menu", "controlLabel": "", "controlText": "More Symbols", "function": "click_input", "args": {"button": "left", "double": false}}, {"step": "Set the Font to Wingdings in the Symbol dialog box", "controlLabel": "", "controlText": "", "function": "set_edit_text", "args": {"control_id": "", "control_name": "Font", "text": "Wingdings"}}, {"step": "Scroll down to find the tick mark symbol", "controlLabel": "", "controlText": "", "function": "wheel_mouse_input", "args": {"control_id": "", "control_name": "Symbol", "wheel_dist": -20}}, {"step": "Click the tick mark symbol", "controlLabel": "", "controlText": "", "function": "click_input", "args": {"control_id": "", "control_name": "Tick Mark", "button": "left", "double": false}}, {"step": "Click Insert", "controlLabel": "", "controlText": "Insert", "function": "click_input", "args": {"button": "left", "double": false}}, {"step": "Click Close to close the Symbol dialog box", "controlLabel": "21", "controlText": "Close", "function": "click_input", "args": {"button": "left", "double": false}}], "action_prefill_file_path": "D:\\agents\\AgentLearner\\cache\\action_prefill\\71899.docx"}