{"Problem": "How to create a rent ledger template in Word", "Solution Steps": ["Open Microsoft Word.", "Click on **File** in the top left corner.", "Select **New** from the dropdown menu.", "In the search bar, type 'rent ledger template' and press Enter.", "Browse through the available templates and select one that suits your needs.", "Click **Create** to open the selected template.", "Customize the template as needed by editing the text and formatting.", "Save the document by clicking **File** and then **Save As**."], "new_problem": "Create a rent ledger template in Word by opening a new document, searching for a rent ledger template, selecting and creating it, customizing it, and saving the document.", "action_plans": [{"step": "Open the File tab", "controlLabel": "22", "controlText": "File Tab", "function": "click_input", "args": {"button": "left", "double": false}}, {"step": "Select New from the dropdown menu", "controlLabel": "10", "controlText": "New Blank Document", "function": "click_input", "args": {"button": "left", "double": false}}, {"step": "Search for 'rent ledger template'", "controlLabel": "14", "controlText": "Search", "function": "set_edit_text", "args": {"control_id": "14", "text": "rent ledger template", "newline": true}}, {"step": "Select the desired rent ledger template", "controlLabel": "", "controlText": "Rent Ledger Template", "function": "click_input", "args": {"button": "left", "double": false}}, {"step": "Create the selected template", "controlLabel": "", "controlText": "Create", "function": "click_input", "args": {"button": "left", "double": false}}, {"step": "Customize the template as needed", "controlLabel": "", "controlText": "", "function": "", "args": {}}, {"step": "Save the document", "controlLabel": "9", "controlText": "Save", "function": "click_input", "args": {"button": "left", "double": false}}], "action_prefill_file_path": "D:\\agents\\AgentLearner\\cache\\action_prefill\\71908.docx"}