{"Problem": "How to disable automatic spacing", "Solution Steps": ["Open your Word document.", "Select the text where you want to disable automatic spacing.", "Go to the **Home** tab.", "In the **Paragraph** group, click the small arrow at the bottom right corner to open the **Paragraph** dialog box.", "In the **Spacing** section, set **Before** and **After** to 0 pt.", "Set **Line spacing** to **Single**.", "Click **OK** to apply the changes."], "new_problem": "Disable automatic spacing for the selected text in the Word document.", "action_plans": [{"step": "select the text to disable automatic spacing", "controlLabel": "", "controlText": "", "function": "select_text", "args": {"text": "[Grab your reader\u2019s attention with a great quote from the document or use this space to emphasize a key point. To place this text box anywhere on the page, just drag it.]"}}, {"step": "navigate to the Home tab", "controlLabel": "11", "controlText": "Home", "function": "click_input", "args": {"button": "left", "double": false}}, {"step": "open the Paragraph dialog box", "controlLabel": "197", "controlText": "Paragraph...", "function": "click_input", "args": {"button": "left", "double": false}}, {"step": "set Before and After spacing to 0 pt", "controlLabel": "", "controlText": "", "function": "set_edit_text", "args": {"control_name": "Before", "text": "0"}}, {"step": "set Before and After spacing to 0 pt", "controlLabel": "", "controlText": "", "function": "set_edit_text", "args": {"control_name": "After", "text": "0"}}, {"step": "set Line spacing to Single", "controlLabel": "", "controlText": "", "function": "set_edit_text", "args": {"control_name": "Line spacing", "text": "Single"}}, {"step": "apply the changes", "controlLabel": "", "controlText": "OK", "function": "click_input", "args": {"button": "left", "double": false}}], "action_prefill_file_path": "D:\\agents\\AgentLearner\\cache\\action_prefill\\71900.docx"}