{"Problem": "How to create a coupon book template in Word.", "Solution Steps": ["Open Microsoft Word.", "Click on the **File** tab and select **New**.", "In the search bar, type 'coupon' or 'coupon book' and press **Enter**.", "Choose a template that suits your needs and click **Create** to open it.", "Customize the template by clicking on the text to edit and typing your own text.", "To change images, right-click on an image and select **Change Picture**. Choose a new image from your computer or online sources.", "To add more coupons, copy and paste the existing coupon to create duplicates, or use the **Insert** tab to add new text boxes or images.", "Once you have customized your coupons, click on the **File** tab, select **Save As**, choose a location, enter a file name, and click **Save**."], "new_problem": "Create a coupon book template in Word by opening a new document, searching for a coupon template, and customizing it.", "action_plans": [{"step": "Open the File tab", "controlLabel": "22", "controlText": "File Tab", "function": "click_input", "args": {"button": "left", "double": false}}, {"step": "Click on New", "controlLabel": "10", "controlText": "New Blank Document", "function": "click_input", "args": {"button": "left", "double": false}}, {"step": "Search for 'coupon' template", "controlLabel": "14", "controlText": "Search", "function": "set_edit_text", "args": {"text": "coupon"}}, {"step": "Press Enter to search", "controlLabel": "14", "controlText": "Search", "function": "type_keys", "args": {"text": "{ENTER}"}}, {"step": "Select a coupon template", "controlLabel": "103", "controlText": "Page 1 content", "function": "click_input", "args": {"button": "left", "double": false}}, {"step": "Click Create to open the template", "controlLabel": "9", "controlText": "Save", "function": "click_input", "args": {"button": "left", "double": false}}, {"step": "Customize the text in the template", "controlLabel": "103", "controlText": "Page 1 content", "function": "set_edit_text", "args": {"text": "Your custom text here"}}, {"step": "Change an image in the template", "controlLabel": "103", "controlText": "Page 1 content", "function": "click_input", "args": {"button": "right", "double": false}}, {"step": "Select Change Picture", "controlLabel": "103", "controlText": "Page 1 content", "function": "click_input", "args": {"button": "left", "double": false}}, {"step": "Choose a new image from the computer", "controlLabel": "103", "controlText": "Page 1 content", "function": "click_input", "args": {"button": "left", "double": false}}, {"step": "Save the customized template", "controlLabel": "22", "controlText": "File Tab", "function": "click_input", "args": {"button": "left", "double": false}}, {"step": "Click Save As", "controlLabel": "9", "controlText": "Save", "function": "click_input", "args": {"button": "left", "double": false}}, {"step": "Enter a file name and save", "controlLabel": "14", "controlText": "Search", "function": "set_edit_text", "args": {"text": "Coupon Book"}}, {"step": "Click Save", "controlLabel": "9", "controlText": "Save", "function": "click_input", "args": {"button": "left", "double": false}}], "action_prefill_file_path": "D:\\agents\\AgentLearner\\cache\\action_prefill\\71915.docx"}