{"Problem": "How to select a script font in Microsoft Word", "Solution Steps": ["Open your Word document.", "Select the text you want to change to a script font.", "Go to the **Home** tab.", "In the **Font** group, click the drop-down arrow next to the font name.", "Scroll through the list and select a script font (e.g., Brush Script, Lucida Handwriting)."], "new_problem": "Select a script font for the text in the Word document.", "action_plans": [{"step": "Select the text to change to a script font", "controlLabel": "", "controlText": "", "function": "select_text", "args": {"text": "[Grab your reader\u2019s attention with a great quote from the document or use this space to emphasize a key point. To place this text box anywhere on the page, just drag it.]"}}, {"step": "Switch to the Home tab", "controlLabel": "24", "controlText": "Home", "function": "click_input", "args": {"button": "left", "double": false}}, {"step": "Open the font dropdown", "controlLabel": "142", "controlText": "Font", "function": "click_input", "args": {"button": "left", "double": false}}, {"step": "Select a script font", "controlLabel": "143", "controlText": "Aptos (Body)", "function": "set_edit_text", "args": {"control_id": "143", "text": "Brush Script"}}], "action_prefill_file_path": "D:\\agents\\AgentLearner\\cache\\action_prefill\\71927.docx"}