{"Problem": "How to display all comments in full instead of just the first line", "Solution Steps": ["Open the Word document with the comments you want to view.", "Go to the **Review** tab.", "In the **Comments** group, click **Show Comments**."], "new_problem": "Display all comments in full instead of just the first line in the Word document.", "action_plans": [{"step": "Navigate to the Review tab", "controlLabel": "25", "controlText": "Insert", "function": "click_input", "args": {"button": "left", "double": false}}, {"step": "Click on Show Comments", "controlLabel": "371", "controlText": "Show Comments", "function": "click_input", "args": {"button": "left", "double": false}}, {"step": "Click on Show All to display all comments in full", "controlLabel": "184", "controlText": "Show All", "function": "click_input", "args": {"button": "left", "double": false}}], "action_prefill_file_path": "D:\\agents\\AgentLearner\\cache\\action_prefill\\71924.docx"}