{"Problem": "How to insert a checkbox in Microsoft Word", "Solution Steps": ["Place your cursor at the position in your document where you want to insert a checkbox.", "Go to the **Developer** tab. If the Developer tab is not visible, you need to enable it by right-clicking anywhere on the ribbon and choosing **Customize the Ribbon**. Then, check the **Developer** box and click **OK**.", "In the **Controls** group on the **Developer** tab, click the **Check Box Content Control** button. A checkbox will appear where your cursor is located."], "new_problem": "Insert a checkbox in Microsoft Word by enabling the Developer tab and using the Check Box Content Control button.", "action_plans": [{"step": "Enable the Developer tab by customizing the ribbon", "controlLabel": "11", "controlText": "Customize Quick Access Toolbar", "function": "click_input", "args": {"button": "left", "double": false}}, {"step": "Check the Developer box and click OK", "controlLabel": "", "controlText": "Developer", "function": "click_input", "args": {"button": "left", "double": false}}, {"step": "Place the cursor at the desired position in the document", "controlLabel": "", "controlText": "", "function": "click_input", "args": {"button": "left", "double": false}}, {"step": "Switch to the Developer tab", "controlLabel": "25", "controlText": "Developer", "function": "click_input", "args": {"button": "left", "double": false}}, {"step": "Click the Check Box Content Control button", "controlLabel": "", "controlText": "Check Box Content Control", "function": "click_input", "args": {"button": "left", "double": false}}], "action_prefill_file_path": "D:\\agents\\AgentLearner\\cache\\action_prefill\\71935.docx"}