{"Problem": "How to find and replace text in Word using JavaScript", "Solution Steps": ["Open the Word document where you want to find and replace text.", "Press **Alt** + **F11** to open the VBA editor.", "In the VBA editor, insert a new module by clicking **Insert** > **Module**.", "Copy and paste the following JavaScript code into the module:", "```javascript", "function replaceText() {", "  var context = new Word.RequestContext();", "  var body = context.document.body;", "  context.load(body);", "  return context.sync().then(function () {", "    body.search('oldText', { matchCase: false, matchWholeWord: true }).items.forEach(function (item) {", "      item.insertText('newText', 'Replace');", "    });", "    return context.sync();", "  });", "}", "```", "Close the VBA editor and return to your Word document.", "Press **Alt** + **F8** to open the Macros dialog box.", "Select the **replaceText** macro and click **Run**."], "new_problem": "Find and replace text in Word using JavaScript by opening the VBA editor, inserting a module, pasting the JavaScript code, and running the macro.", "action_plans": [{"step": "Open the Word document where you want to find and replace text", "controlLabel": "", "controlText": "", "function": "", "args": {}}, {"step": "Press Alt + F11 to open the VBA editor", "controlLabel": "", "controlText": "", "function": "type_keys", "args": {"text": "{VK_MENU down}{VK_F11 down}{VK_F11 up}{VK_MENU up}", "newline": false}}, {"step": "Insert a new module by clicking Insert > Module", "controlLabel": "", "controlText": "", "function": "type_keys", "args": {"text": "{VK_MENU down}I{VK_MENU up}M", "newline": false}}, {"step": "Copy and paste the JavaScript code into the module", "controlLabel": "", "controlText": "", "function": "set_edit_text", "args": {"control_name": "Edit", "text": "function replaceText() {\n  var context = new Word.RequestContext();\n  var body = context.document.body;\n  context.load(body);\n  return context.sync().then(function () {\n    body.search('oldText', { matchCase: false, matchWholeWord: true }).items.forEach(function (item) {\n      item.insertText('newText', 'Replace');\n    });\n    return context.sync();\n  });\n}"}}, {"step": "Close the VBA editor and return to your Word document", "controlLabel": "", "controlText": "", "function": "type_keys", "args": {"text": "{VK_MENU down}{VK_F4 down}{VK_F4 up}{VK_MENU up}", "newline": false}}, {"step": "Press Alt + F8 to open the Macros dialog box", "controlLabel": "", "controlText": "", "function": "type_keys", "args": {"text": "{VK_MENU down}{VK_F8 down}{VK_F8 up}{VK_MENU up}", "newline": false}}, {"step": "Select the replaceText macro and click Run", "controlLabel": "", "controlText": "", "function": "type_keys", "args": {"text": "{VK_DOWN}{VK_RETURN}", "newline": false}}], "action_prefill_file_path": "D:\\agents\\AgentLearner\\cache\\action_prefill\\71930.docx"}