{"Problem": "How to print a document in Word Online", "Solution Steps": ["Open the document you want to print in Word Online.", "Click the **File** tab in the upper left corner.", "Select **Print** from the menu.", "A print preview will appear. Click **Print** again.", "In the print dialog box that appears, select your printer and adjust any settings as needed.", "Click **Print** to print your document."], "new_problem": "Print the document in Word Online by following these steps: Open the 'File' tab, select 'Print', and follow the print dialog instructions.", "action_plans": [{"step": "Open the 'File' tab", "controlLabel": "108", "controlText": "System", "function": "click_input", "args": {"button": "left", "double": false}}, {"step": "Select 'Print' from the menu", "controlLabel": "109", "controlText": "System", "function": "click_input", "args": {"button": "left", "double": false}}, {"step": "Click 'Print' again in the print preview", "controlLabel": "", "controlText": "Print", "function": "click_input", "args": {"button": "left", "double": false}}, {"step": "Select printer and adjust settings in the print dialog", "controlLabel": "", "controlText": "Print", "function": "click_input", "args": {"button": "left", "double": false}}, {"step": "Click 'Print' to print the document", "controlLabel": "", "controlText": "Print", "function": "click_input", "args": {"button": "left", "double": false}}], "action_prefill_file_path": "D:\\agents\\AgentLearner\\cache\\action_prefill\\71940.docx"}