{"Problem": "How to insert an automatic horizontal line in Word", "Solution Steps": ["Place the cursor where you want to insert the horizontal line.", "Type three hyphens (---) and press **Enter**.", "Alternatively, you can type three underscores (___) and press **Enter**.", "You can also type three equal signs (===) and press **Enter**.", "For more options, go to the **Home** tab, in the **Paragraph** group, click the **Borders** drop-down arrow, and select **Horizontal Line**."], "new_problem": "Insert an automatic horizontal line in the Word document by typing three hyphens (---) and pressing Enter.", "action_plans": [{"step": "Place the cursor where you want to insert the horizontal line", "controlLabel": "", "controlText": "", "function": "click_input", "args": {"control_id": "", "control_name": "Document", "button": "left", "double": false}}, {"step": "Type three hyphens", "controlLabel": "", "controlText": "", "function": "type_keys", "args": {"control_id": "", "control_name": "Document", "text": "---", "newline": false}}, {"step": "Press Enter to insert the horizontal line", "controlLabel": "", "controlText": "", "function": "type_keys", "args": {"control_id": "", "control_name": "Document", "text": "{ENTER}", "newline": false}}], "action_prefill_file_path": "D:\\agents\\AgentLearner\\cache\\action_prefill\\71941.docx"}