{"Problem": "How to convert a .tex document to a Word document", "Solution Steps": ["Open Microsoft Word.", "Click on **File** in the top left corner.", "Select **Open**.", "Browse to the location of your .tex file.", "If the .tex file does not appear, click on the drop-down menu next to **File Type** and select **All Files**.", "Select the .tex file and click **Open**.", "Word may prompt you that it will convert the file, click **OK** or **Yes**.", "After the file is opened, you may need to adjust formatting.", "To save the document as a Word file, click on **File**, then **Save As**, choose the location, enter the file name, and select **Word Document (*.docx)** from the **Save as type** dropdown menu, then click **Save**."], "new_problem": "Convert a .tex document to a Word document by opening the .tex file in Word, allowing Word to convert it, and then saving it as a .docx file.", "action_plans": [{"step": "Open the File menu", "controlLabel": "9", "controlText": "Save", "function": "click_input", "args": {"button": "left", "double": false}}, {"step": "Select Open from the File menu", "controlLabel": "10", "controlText": "New Blank Document", "function": "click_input", "args": {"button": "left", "double": false}}, {"step": "Browse to the location of the .tex file", "controlLabel": "", "controlText": "", "function": "type_keys", "args": {"text": "C:\\path\\to\\your\\file.tex", "newline": true}}, {"step": "Select the .tex file and open it", "controlLabel": "", "controlText": "", "function": "type_keys", "args": {"text": "{ENTER}", "newline": false}}, {"step": "Confirm the conversion prompt", "controlLabel": "", "controlText": "", "function": "type_keys", "args": {"text": "{ENTER}", "newline": false}}, {"step": "Save the document as a Word file", "controlLabel": "9", "controlText": "Save", "function": "click_input", "args": {"button": "left", "double": false}}, {"step": "Choose the location and file type", "controlLabel": "", "controlText": "", "function": "type_keys", "args": {"text": "C:\\path\\to\\save\\file.docx", "newline": true}}, {"step": "Confirm the save action", "controlLabel": "", "controlText": "", "function": "type_keys", "args": {"text": "{ENTER}", "newline": false}}], "action_prefill_file_path": "D:\\agents\\AgentLearner\\cache\\action_prefill\\71949.docx"}