{"Problem": "How to insert a check mark in Word?", "Solution Steps": ["Place the cursor where you want to insert the check mark.", "Go to the **Insert** tab.", "In the **Symbols** group, click **Symbol**.", "Select **More Symbols** from the dropdown menu.", "In the **Symbol** dialog box, set the **Font** to **Wingdings**.", "Scroll down until you find the check mark symbol.", "Click the check mark symbol.", "Click **Insert**.", "Click **Close** to close the **Symbol** dialog box."], "new_problem": "Insert a check mark symbol in the Word document.", "action_plans": [{"step": "Place the cursor where you want to insert the check mark", "controlLabel": "", "controlText": "", "function": "click_input", "args": {"control_id": "", "control_name": "Document", "button": "left", "double": false}}, {"step": "Go to the Insert tab", "controlLabel": "25", "controlText": "Insert", "function": "click_input", "args": {"button": "left", "double": false}}, {"step": "Click Symbol in the Symbols group", "controlLabel": "", "controlText": "Symbol", "function": "click_input", "args": {"button": "left", "double": false}}, {"step": "Select More Symbols from the dropdown menu", "controlLabel": "", "controlText": "More Symbols", "function": "click_input", "args": {"button": "left", "double": false}}, {"step": "Set the Font to Wingdings in the Symbol dialog box", "controlLabel": "", "controlText": "", "function": "set_edit_text", "args": {"control_id": "", "control_name": "Font", "text": "Wingdings"}}, {"step": "Scroll down to find the check mark symbol", "controlLabel": "", "controlText": "", "function": "wheel_mouse_input", "args": {"control_id": "", "control_name": "Symbol", "wheel_dist": -20}}, {"step": "Click the check mark symbol", "controlLabel": "", "controlText": "Check Mark", "function": "click_input", "args": {"button": "left", "double": false}}, {"step": "Click Insert to insert the check mark", "controlLabel": "", "controlText": "Insert", "function": "click_input", "args": {"button": "left", "double": false}}, {"step": "Close the Symbol dialog box", "controlLabel": "", "controlText": "Close", "function": "click_input", "args": {"button": "left", "double": false}}], "action_prefill_file_path": "D:\\agents\\AgentLearner\\cache\\action_prefill\\71969.docx"}