{"Problem": "How to use the Print Screen key to capture and insert pictures in a Word document", "Solution Steps": ["Press the **Print Screen** key on your keyboard to capture the entire screen.", "Open the Word document where you want to insert the picture.", "Place the cursor at the location where you want to insert the picture.", "Press **Ctrl + V** to paste the captured image into the document."], "new_problem": "Use the Print Screen key to capture and insert pictures in a Word document.", "action_plans": [{"step": "Open the Word document where you want to insert the picture", "controlLabel": "", "controlText": "", "function": "", "args": {}}, {"step": "Place the cursor at the location where you want to insert the picture", "controlLabel": "101", "controlText": "Doc1", "function": "click_input", "args": {"control_id": "101", "button": "left", "double": false}}, {"step": "Press Ctrl + V to paste the captured image into the document", "controlLabel": "101", "controlText": "Doc1", "function": "type_keys", "args": {"control_id": "101", "text": "^v", "newline": false}}], "action_prefill_file_path": "D:\\agents\\AgentLearner\\cache\\action_prefill\\71966.docx"}