{"Problem": "How to create a table using a combination in Word", "Solution Steps": ["Place the cursor where you want to insert the table.", "Go to the **Insert** tab on the Ribbon.", "Click **Table** in the **Tables** group.", "Hover over the grid to select the number of rows and columns you want, then click to insert the table."], "new_problem": "Create a table with 3 columns and 3 rows in the Word document.", "action_plans": [{"step": "Switch to the 'Insert' tab", "controlLabel": "25", "controlText": "Insert", "function": "click_input", "args": {"button": "left", "double": false}}, {"step": "Insert a table with 3 columns and 3 rows", "controlLabel": "", "controlText": "", "function": "insert_table", "args": {"columns": 3, "rows": 3}}], "action_prefill_file_path": "D:\\agents\\AgentLearner\\cache\\action_prefill\\71975.docx"}