{"Problem": "How to highlight text and change it to uppercase", "Solution Steps": ["Select the text you want to highlight.", "On the **Home** tab, in the **Font** group, click the arrow next to **Text Highlight Color**.", "Click the color you want to use to highlight the text.", "With the text still selected, go to the **Home** tab, in the **Font** group, click the **Change Case** button (represented by 'Aa').", "Select **UPPERCASE** from the dropdown menu."], "new_problem": "Highlight the text '[Grab your reader\u2019s attention with a great quote from the document or use this space to emphasize a key point. To place this text box anywhere on the page, just drag it.]' and change it to uppercase.", "action_plans": [{"step": "select the target text", "controlLabel": "", "controlText": "", "function": "select_text", "args": {"text": "[Grab your reader\u2019s attention with a great quote from the document or use this space to emphasize a key point. To place this text box anywhere on the page, just drag it.]"}}, {"step": "click the Text Highlight Color button", "controlLabel": "163", "controlText": "Text Highlight Color", "function": "click_input", "args": {"button": "left", "double": false}}, {"step": "click the Change Case button", "controlLabel": "150", "controlText": "Change Case", "function": "click_input", "args": {"button": "left", "double": false}}, {"step": "select UPPERCASE from the dropdown", "controlLabel": "", "controlText": "UPPERCASE", "function": "click_input", "args": {"button": "left", "double": false}}], "action_prefill_file_path": "D:\\agents\\AgentLearner\\cache\\action_prefill\\71978.docx"}