{"Problem": "How to create a progress report template in Microsoft Word", "Solution Steps": ["Open Microsoft Word.", "Click on **File** in the top left corner.", "Select **New** from the dropdown menu.", "In the search bar, type 'Progress Report' and press Enter.", "Browse through the available templates and select the one that best fits your needs.", "Click **Create** to open the selected template.", "Customize the template with your specific information and save the document."], "new_problem": "Create a progress report template in Microsoft Word by opening Word, navigating to the 'File' menu, creating a new document, searching for a progress report template, and customizing it.", "action_plans": [{"step": "Open the 'File' menu", "controlLabel": "22", "controlText": "File Tab", "function": "click_input", "args": {"button": "left", "double": false}}, {"step": "Select 'New' from the dropdown menu", "controlLabel": "", "controlText": "New", "function": "click_input", "args": {"button": "left", "double": false}}, {"step": "Search for 'Progress Report' template", "controlLabel": "14", "controlText": "Search", "function": "set_edit_text", "args": {"text": "Progress Report"}}, {"step": "Press Enter to search", "controlLabel": "14", "controlText": "Search", "function": "type_keys", "args": {"text": "{ENTER}"}}, {"step": "Select the desired progress report template", "controlLabel": "", "controlText": "Progress Report Template", "function": "click_input", "args": {"button": "left", "double": false}}, {"step": "Create the selected template", "controlLabel": "", "controlText": "Create", "function": "click_input", "args": {"button": "left", "double": false}}, {"step": "Customize the template with specific information", "controlLabel": "", "controlText": "", "function": "", "args": {}}, {"step": "Save the document", "controlLabel": "9", "controlText": "Save", "function": "click_input", "args": {"button": "left", "double": false}}], "action_prefill_file_path": "D:\\agents\\AgentLearner\\cache\\action_prefill\\71970.docx"}