{"Problem": "How to remove the paragraph symbol from a Word document?", "Solution Steps": ["Open the Word document.", "Go to the **Home** tab.", "In the **Paragraph** group, click the **Show/Hide \u00b6** button to remove the paragraph symbols."], "new_problem": "Remove the paragraph symbol from the Word document by going to the Home tab and clicking the Show/Hide \u00b6 button.", "action_plans": [{"step": "Switch to the Home tab", "controlLabel": "34", "controlText": "Home", "function": "click_input", "args": {"button": "left", "double": false}}, {"step": "Click the Show/Hide \u00b6 button to remove paragraph symbols", "controlLabel": "", "controlText": "Show/Hide \u00b6", "function": "click_input", "args": {"button": "left", "double": false}}], "action_prefill_file_path": "D:\\agents\\AgentLearner\\cache\\action_prefill\\71986.docx"}