{"Problem": "How to unlock a locked Word document for editing", "Solution Steps": ["Open the locked Word document.", "Click on the **File** tab in the upper left corner.", "Select **Info** from the menu.", "Click on **Protect Document**.", "Select **Restrict Editing** from the dropdown menu.", "In the **Restrict Editing** pane that appears on the right, click on **Stop Protection**.", "If prompted, enter the password to unlock the document."], "new_problem": "Unlock the locked Word document for editing by following the steps to stop protection.", "action_plans": [{"step": "Click on the File tab", "controlLabel": "21", "controlText": "Close", "function": "click_input", "args": {"button": "left", "double": false}}, {"step": "Select Info from the menu", "controlLabel": "108", "controlText": "System", "function": "click_input", "args": {"button": "left", "double": false}}, {"step": "Click on Protect Document", "controlLabel": "396", "controlText": "Protect", "function": "click_input", "args": {"button": "left", "double": false}}, {"step": "Select Restrict Editing from the dropdown menu", "controlLabel": "397", "controlText": "Restrict Editing", "function": "click_input", "args": {"button": "left", "double": false}}, {"step": "Click on Stop Protection in the Restrict Editing pane", "controlLabel": "397", "controlText": "Restrict Editing", "function": "click_input", "args": {"button": "left", "double": false}}, {"step": "Enter the password to unlock the document if prompted", "controlLabel": "103", "controlText": "Page 1 content", "function": "set_edit_text", "args": {"control_id": "103", "text": "password"}}], "action_prefill_file_path": "D:\\agents\\AgentLearner\\cache\\action_prefill\\71982.docx"}