{"Problem": "How to accept someone else's tracked changes in Word", "Solution Steps": ["Open the document with the tracked changes that you want to review.", "Go to the **Review** tab on the ribbon.", "In the **Changes** group, click on **Next** to navigate to the first change.", "To accept the change, click on **Accept** and choose **Accept Change**. To accept all changes in the document, click on **Accept** and choose **Accept All Changes in Document**."], "new_problem": "Accept someone else's tracked changes in the Word document.", "action_plans": [{"step": "Navigate to the Review tab", "controlLabel": "25", "controlText": "Insert", "function": "click_input", "args": {"button": "left", "double": false}}, {"step": "Navigate to the first change", "controlLabel": "393", "controlText": "Next", "function": "click_input", "args": {"button": "left", "double": false}}, {"step": "Accept the change", "controlLabel": "386", "controlText": "Accept", "function": "click_input", "args": {"button": "left", "double": false}}, {"step": "Choose Accept Change", "controlLabel": "388", "controlText": "More Options", "function": "click_input", "args": {"button": "left", "double": false}}], "action_prefill_file_path": "D:\\agents\\AgentLearner\\cache\\action_prefill\\71999.docx"}