{"Problem": "How to add calculator tables in Microsoft Word", "Solution Steps": ["Open your Microsoft Word document where you want to add a calculator table.", "Click on the **Insert** tab on the ribbon.", "In the **Tables** group, click on **Table**.", "Select the number of columns and rows for your table by hovering over the grid.", "After inserting the table, click inside a cell where you want to insert a formula.", "Go to the **Layout** tab under **Table Tools**.", "In the **Data** group, click on **Formula**.", "In the Formula dialog box, you can type your formula. For simple calculations, use the operators (+ for addition, - for subtraction, * for multiplication, and / for division).", "Click **OK** to insert the formula result into the selected cell.", "Repeat steps 5 to 9 for additional calculations within your table."], "new_problem": "Add a calculator table in Microsoft Word by inserting a table and adding formulas to cells.", "action_plans": [{"step": "Click on the Insert tab", "controlLabel": "25", "controlText": "Insert", "function": "click_input", "args": {"button": "left", "double": false}}, {"step": "Click on the Table button", "controlLabel": "236", "controlText": "Table", "function": "click_input", "args": {"button": "left", "double": false}}, {"step": "Insert a table with 3 columns and 3 rows", "controlLabel": "", "controlText": "", "function": "insert_table", "args": {"columns": 3, "rows": 3}}, {"step": "Click inside the first cell to insert a formula", "controlLabel": "", "controlText": "", "function": "click_input", "args": {"control_id": "1", "button": "left", "double": false}}, {"step": "Navigate to the Layout tab under Table Tools", "controlLabel": "28", "controlText": "Layout", "function": "click_input", "args": {"button": "left", "double": false}}, {"step": "Click on the Formula button", "controlLabel": "113", "controlText": "Formula", "function": "click_input", "args": {"button": "left", "double": false}}, {"step": "Insert a formula for addition", "controlLabel": "", "controlText": "", "function": "set_edit_text", "args": {"control_id": "1", "text": "=SUM(ABOVE)"}}, {"step": "Click OK to insert the formula result", "controlLabel": "", "controlText": "", "function": "click_input", "args": {"button": "left", "double": false}}, {"step": "Repeat steps for additional calculations", "controlLabel": "", "controlText": "", "function": "", "args": {}}], "action_prefill_file_path": "D:\\agents\\AgentLearner\\cache\\action_prefill\\72008.docx"}