{"Problem": "How to include an SVG image in a Word document?", "Solution Steps": ["Place the cursor where you want to insert the SVG image.", "Go to the **Insert** tab.", "In the **Illustrations** group, click **Pictures**.", "Select **This Device** from the dropdown menu.", "Navigate to the location of your SVG file, select it, and click **Insert**."], "new_problem": "Include an SVG image in the Word document by placing the cursor, navigating to the 'Insert' tab, selecting 'Pictures', and choosing the SVG file from the device.", "action_plans": [{"step": "Place the cursor where you want to insert the SVG image", "controlLabel": "", "controlText": "", "function": "click_input", "args": {"button": "left", "double": false}}, {"step": "Go to the Insert tab", "controlLabel": "25", "controlText": "Insert", "function": "click_input", "args": {"button": "left", "double": false}}, {"step": "Click Pictures in the Illustrations group", "controlLabel": "", "controlText": "Pictures", "function": "click_input", "args": {"button": "left", "double": false}}, {"step": "Select This Device from the dropdown menu", "controlLabel": "", "controlText": "This Device", "function": "click_input", "args": {"button": "left", "double": false}}, {"step": "Navigate to the location of your SVG file, select it, and click Insert", "controlLabel": "", "controlText": "", "function": "click_input", "args": {"button": "left", "double": false}}], "action_prefill_file_path": "D:\\agents\\AgentLearner\\cache\\action_prefill\\7203.docx"}